event_id,step,txn_type,amount,risk_score,severity,ml_score,is_alert,label_is_fraud
1f67bb1a269779c00171af0ad610eaf23933472f,232,CASH_IN,322055.06,4.902873115497641e-07,low,1.2257182788744103e-06,False,0
01f3934697408969846f6c4d819aa72b59e8a625,379,CASH_OUT,152173.1,0.0001729763927869499,low,0.0004324409819673747,False,0
3d099e358f040fbf86ea88d73d7c4ac5d58847ae,40,CASH_OUT,338693.25,0.0007511860225349666,low,0.0018779650563374162,False,0
1c19b55ab55106af2351860dbadce9c8ad0fefc7,164,PAYMENT,18751.17,7.776425627525896e-06,low,1.944106406881474e-05,False,0
0e1870dc8d7aa4e1c8ed5e7592499546dcacb1b3,15,PAYMENT,4499.75,1.7443139222450556e-05,low,4.3607848056126386e-05,False,0
aa88c699c136fb69d26c099d93789eb05ea28650,14,CASH_IN,185985.88,4.636923404177651e-06,low,1.1592308510444127e-05,False,0
ee703fd9ddc7b1f048d170efea1b3982e5bd2607,22,PAYMENT,10103.69,1.1669398372760044e-05,low,2.9173495931900106e-05,False,0
68649961ed180f1202808940242d066542b0fdca,179,PAYMENT,6717.85,9.694185428088532e-06,low,2.4235463570221327e-05,False,0
35151067df410101e156e1b28e71f59a007acac3,301,CASH_OUT,71688.32,0.0006700470112264156,low,0.001675117528066039,False,0
2dc496e1f175945e35ad03c022785b5c1e3caee8,395,TRANSFER,249002.61,0.09000341022532667,low,8.525563316652551e-06,False,0
c9aa9a2534e09eee739ec682e58688dda2bc1ba7,396,TRANSFER,417493.28,0.09000053135381678,low,1.3283845419209683e-06,False,0
c675d194a5b7925d9b3917807db010c901c231b0,35,CASH_OUT,197765.17,0.2511695063114166,low,0.10292376577854156,True,0
8f5b8a6a77054b06e66093f76665ac3384b22051,207,PAYMENT,12381.06,1.1552458090591246e-06,low,2.888114522647811e-06,False,0
e8fee08400385c6149724daacf29f7e393cdd18c,179,TRANSFER,410880.62,0.09007251902716236,low,0.00018129756790585816,False,0
e97052f5149a9ea7de76799c2a4c701532b2da5e,372,PAYMENT,16569.73,1.8260318029206246e-05,low,4.5650795073015615e-05,False,0
d8d8bc00b38a04fd32d4e1199671099ffe0eb0f9,379,CASH_OUT,69986.14,0.2517723923921585,low,0.10443098098039627,True,0
b798419a21afa660da86543af82fda24422af895,205,CASH_OUT,295076.97,0.0002542085014283657,low,0.0006355212535709143,False,0
2ed0fddbcb09a5e3d9c42bf7d3eaf6c829a5d532,257,CASH_OUT,85226.21,2.58267333265394e-05,low,6.456683331634849e-05,False,0
4f129b6e374c3d8391338750cede26865c01a371,138,CASH_IN,89992.08,1.9447004888206723e-06,low,4.86175122205168e-06,False,0
e77561cefb86f01896cb413cef4b58109c1645cb,236,CASH_IN,130345.88,2.4971888706204483e-06,low,6.24297217655112e-06,False,0
18596768888d1eecd30988f6fa02f0512ebc6735,214,PAYMENT,8321.94,5.18966990057379e-06,low,1.2974174751434475e-05,False,0
4263bc4058eab16786d2b907831029fb2811167a,548,CASH_IN,601904.75,1.1731023550964893e-05,low,2.932755887741223e-05,False,0
fa2b2df344908e5e8d35f794fc2395bf8e42d582,233,CASH_IN,23914.0,7.98974433564581e-06,low,1.9974360839114524e-05,False,0
05e6ab4cc71a7d5dd2703a0468139cabeddf1484,130,PAYMENT,73.07,1.518046483397484e-05,low,3.7951162084937096e-05,False,0
fcfa9418fcdf0cb834274dd07b1147c30804fac5,407,CASH_IN,96912.31,0.00023484367411583663,low,0.0005871091852895916,False,0
09f013d1d116bd96289766f686a395991e8da18e,206,CASH_IN,9506.36,7.048702627798776e-07,low,1.7621756569496938e-06,False,0
e4288d7ba9a669ef522dcf3444f1243ae3b76484,375,PAYMENT,5909.02,1.0300472786184402e-05,low,2.5751181965461e-05,False,0
c0d387707e54850442e33c704efa5ce848c0c4a2,180,CASH_OUT,46584.86,0.00035776887089014056,low,0.0008944221772253513,False,0
33068f1aeaac4ba56c7fbe4acf33dbc3c0561421,370,CASH_IN,83095.27,6.241631490411237e-06,low,1.5604078726028092e-05,False,0
0f5e33daa89c6ff1933eaac2be5b54bfa0d2459d,10,CASH_OUT,602338.3,3.4701773984124887e-06,low,8.675443496031221e-06,False,0
26bc42306aa70a0a5172b6cda1e6088a8f5ae605,231,CASH_OUT,51951.02,9.506253991276026e-05,low,0.00023765634978190064,False,0
c00b146ce39ce36944cf7eed63ed002f3b625a18,237,PAYMENT,5143.3,2.7636319282464685e-05,low,6.909079820616171e-05,False,0
20fa6cb0763573d7b1a53c134949414aea422e6f,379,PAYMENT,3924.31,7.072767766658217e-06,low,1.7681919416645542e-05,False,0
67d616753d046954d6aa4706dcc15a3318b61a96,686,PAYMENT,645.28,1.5765272837597877e-05,low,3.941318209399469e-05,False,0
e295a861f41fae46f0da71aafb3c1e5216c82b4c,157,PAYMENT,10824.77,1.0444943472975866e-05,low,2.6112358682439663e-05,False,0
9f37cf2f77745736e6b016d1d69017dd92e24657,384,PAYMENT,5033.29,5.5535387218697e-06,low,1.3883846804674249e-05,False,0
b258a0ba2a9e8f26e1326ddb0e879736528cfd17,255,TRANSFER,195815.1,0.09004204241558911,low,0.0001051060389727354,False,0
66d69e56b57073e695ec8ec7fe55aeb0ac2bedf4,130,PAYMENT,10756.18,5.216695135459304e-05,low,0.0001304173783864826,False,0
86ec663e1abdbb96ee7cfdb316eb829736415bdb,332,PAYMENT,15990.49,1.588582672411576e-05,low,3.97145668102894e-05,False,0
fb16f324bf640ccd5f8724386dc488bdcdcf77fd,35,PAYMENT,9880.95,1.01393525255844e-05,low,2.5348381313961e-05,False,0
18bb92a5b5ac2fcdc5c82ecf9a4f3135a8898b5d,182,PAYMENT,11749.82,1.1255611752858386e-06,low,2.8139029382145964e-06,False,0
f209ff6f5865d9323505522a971deb303e33d9de,143,PAYMENT,845.07,1.2772105947078673e-06,low,3.193026486769668e-06,False,0
41c475f59d3a3236aefcf55a9d5592402fd674a8,400,CASH_IN,342151.0,9.616737224860117e-06,low,2.4041843062150292e-05,False,0
463e6fe37234ffac99a9c698a41a68f720f8499a,592,CASH_OUT,242307.23,0.00017113060457631948,low,0.00042782651144079864,False,0
00dbe3574fe72fc78ef4056da19bd9203d969c43,416,CASH_IN,50242.87,2.3509252059739084e-06,low,5.877313014934771e-06,False,0
003c5d0220ec67c221bab861033f3101df9e3aa5,393,PAYMENT,52847.24,1.107132266042754e-05,low,2.767830665106885e-05,False,0
2e6946bfd0e88ccfb7c66b5267685666fdd3117a,280,CASH_IN,159406.84,1.2290872109588236e-05,low,3.072718027397059e-05,False,0
d2115b94889b9d81f74dd8de210b00d171143f68,139,PAYMENT,7747.03,1.0388102236902342e-05,low,2.5970255592255853e-05,False,0
39a1deba0646d63b9e9a194945f50c216f8476e3,187,CASH_OUT,55454.43,0.006083730608224869,low,0.015209326520562172,False,0
9dcddf59407ac5dd07cb709ed01fa22b08a7dd50,402,CASH_OUT,65351.33,0.004824795201420784,low,0.01206198800355196,False,0
22fa21b1ea995247ae2e8151df8d90e900abdb39,251,CASH_OUT,297323.62,0.2101892941771075,low,0.0004732354427687824,False,0
38f7644fcba1bd1cfe316438f7bfbde5dcd24e5d,212,CASH_IN,153721.52,2.6827200781553986e-05,low,6.706800195388496e-05,False,0
3c5db7d5dcf63d0fcdc6e21e27bd6a471bf50645,35,TRANSFER,3579586.5,0.09001033059525072,low,2.58264881267678e-05,False,0
d0fd57880774dcfa3daba8ddf549be9affd7190c,190,TRANSFER,836595.5,0.09000494060986967,low,1.2351524674159009e-05,False,0
b3266edb86e6707264de2fc026072c39b56de579,404,CASH_OUT,158775.06,2.142446319339797e-05,low,5.356115798349492e-05,False,0
d838e30ee9e51308e4c1fddcc8603529ad72fe9d,398,PAYMENT,33034.16,6.587481475435197e-05,low,0.00016468703688587993,False,0
57bd08439c7fdc8186e0a0d0ddb0549c89024e0a,525,CASH_OUT,216308.88,0.0007036564406007529,low,0.001759141101501882,False,0
4f7e9785477ec2f72bd912dc6b0a8e2a1fe51387,95,CASH_OUT,208818.8,0.0016778720542788507,low,0.004194680135697126,False,0
15e8ad5cc2934563ecb3822b8ad4627d63c4165f,183,CASH_OUT,52234.63,0.00030768683645874265,low,0.0007692170911468565,False,0
a30ba19a10fb085d8c964ea9dfb9ff1e0c2ca1c7,46,PAYMENT,4607.03,1.6466451052110644e-05,low,4.1166127630276605e-05,False,0
f572be8c5c75f85c2f506b8aa6e9034f21b330f5,330,CASH_OUT,224976.44,0.00023538046516478062,low,0.0005884511629119515,False,0
31de6c79d1dcfd956fb418fbdcf7d3bb765c629d,329,TRANSFER,1037381.7,0.09020245965570213,low,0.0005061491392552853,False,0
d2ecb73f86717222a7c0b331f47bbe31b8d8269d,254,PAYMENT,9990.37,1.183554377348628e-06,low,2.9588859433715697e-06,False,0
b8966d3b6f9ae5b716e644579ad8eb8cd5d0ce0f,36,PAYMENT,11112.2,8.761955541558564e-06,low,2.190488885389641e-05,False,0
8fd16d242e99b5a8048370f43066ecd9221df291,252,CASH_IN,302637.0,4.263474238541676e-07,low,1.065868559635419e-06,False,0
a69735ecb1bf7f845724090c15b788473dfeed7e,190,PAYMENT,67.86,3.7090590922161938e-06,low,9.272647730540484e-06,False,0
c48f4fa11febb38d4964c93140db56c93c40f51c,307,PAYMENT,7704.79,1.0388102236902342e-05,low,2.5970255592255853e-05,False,0
ff58d6978a6d62eea04fa897e3449a7c5b93646b,41,PAYMENT,2534.67,1.073789899237454e-05,low,2.684474748093635e-05,False,0
b6dcfef900c57f3c8aaf9594aca92627ed9b8fa3,140,PAYMENT,438.94,2.628933871164918e-05,low,6.572334677912295e-05,False,0
3ceff2e20e2e7036f6a8e771034dc022e5f32a5a,186,PAYMENT,1495.09,1.2223017984069884e-05,low,3.055754496017471e-05,False,0
468b8add3bc44f3dc98a424d2a1fc665550d5643,229,CASH_OUT,34297.99,0.0007924171164631844,low,0.001981042791157961,False,0
e356c86171a414a42bccc67cb3436197a8d4caa7,354,CASH_IN,181542.28,2.3243555915541947e-05,low,5.810888978885487e-05,False,0
0732b65a67f0384d5a7b6dd07b7ca1c1d4862a0f,10,CASH_IN,104021.65,2.202523683081381e-06,low,5.5063092077034526e-06,False,0
b3518ca3020b2c391ea48c483083fca427b86f34,469,CASH_OUT,31332.23,0.0001727359020151198,low,0.0004318397550377995,False,0
feb8153594082c97dc19ac8357b38830cb0d3be2,298,CASH_IN,85696.12,6.669104914180935e-06,low,1.6672762285452336e-05,False,0
c608405004847de10954911a185fd3764c3fb97b,155,PAYMENT,32747.96,3.869387364829891e-06,low,9.673468412074726e-06,False,0
c22bb90d2f4aeacca1e21d0d3a7b882f2aaff74a,163,TRANSFER,3351504.8,0.09017794906161726,low,0.00044487265404313803,False,0
cde627f19e86d52427ef47bad88042da77c5ea00,16,CASH_OUT,46558.68,0.00016350575024262073,low,0.00040876437560655177,False,0
97da89d60843d2e0f58012a96b511f171f36672c,40,CASH_IN,99469.9,5.9725378378061584e-06,low,1.4931344594515394e-05,False,0
865a65c3652fd9cb252948ad4b56f1d018db8f64,397,PAYMENT,38195.74,3.3399052335880695e-05,low,8.349763083970174e-05,False,0
d8f483bcbc499a6102992b8ed5ca900d9d75bf49,280,CASH_IN,167703.73,4.288289346732199e-06,low,1.0720723366830498e-05,False,0
43a68528ebd90be0df2f33481940b08c76256b04,235,CASH_IN,55891.35,0.0002632750198245049,low,0.0006581875495612621,False,0
403bd9ab6c4d76b2f2a9d8612431b0a2ac1f082c,354,TRANSFER,190352.27,0.3417690513134003,low,0.18317262828350067,True,0
4d7b0a996d966bb6c7a640fa61c6762cad7f0174,35,CASH_OUT,107678.3,0.0010305847972631454,low,0.0025764619931578636,False,0
8bc0923e7c2bd77c7d7b6c8268743f29b1e82005,302,CASH_OUT,343526.03,2.5961748178815473e-06,low,6.490437044703867e-06,False,0
a947e0a2d02db21c84a1b6f7f771462033dff1b0,186,CASH_OUT,195198.75,5.340620919014328e-06,low,1.3351552297535818e-05,False,0
35d5571fbec2908e1b48f52da9cd4c20985067e8,38,CASH_OUT,342061.62,0.21094138402491808,low,0.0023534600622951984,False,0
8b0c52262cf20f6f9f8b9d1a2a98770ce25b263f,190,CASH_OUT,106896.39,8.920598775148393e-05,low,0.0002230149693787098,False,0
97ee010c2ec1a3817c4a381d6f7a1e7644c85422,182,CASH_OUT,157410.2,4.294510872568936e-05,low,0.00010736277181422338,False,0
4c14583861c67c916c508e6e8ad4486a2bcb1e6e,228,CASH_OUT,405818.38,5.9444955695653334e-06,low,1.4861238923913334e-05,False,0
27727e81836a6da8b65d7cf885896d6dde2f38d7,120,PAYMENT,15372.06,1.1005142732756213e-05,low,2.751285683189053e-05,False,0
56d2c161056e8d094ecc1aae9b19177d131ae495,282,CASH_IN,91224.12,3.930077218683437e-06,low,9.825193046708591e-06,False,0
a9ad63f6fe71152a6e5bfada8beeae9d272067eb,495,CASH_OUT,238743.73,0.21031841439194976,low,0.0007960359798744321,False,0
2477c486d22ea0a339dc8e5166d4b5601041f5f5,238,PAYMENT,9448.21,2.3218808928504588e-05,low,5.8047022321261466e-05,False,0
db996f4a00cd47f0a67aa5332cb9143d8bc235e3,204,PAYMENT,3649.91,2.546781433920842e-06,low,6.366953584802104e-06,False,0
1ab52301a04338b4621e9fa867731b5fca265bf2,348,PAYMENT,5505.21,3.5130284231854604e-06,low,8.78257105796365e-06,False,0
5204397d8ba9332bb4aa6183ea920796581189bf,254,PAYMENT,15866.58,2.2573385649593547e-06,low,5.643346412398387e-06,False,0
5184912974d7b87584da428c9518d638575a0487,40,PAYMENT,1152.69,7.006380474194885e-06,low,1.751595118548721e-05,False,0
b31a08d2db9f6e4ba45eee5082ec0ce0ab1fc4d7,305,PAYMENT,46332.52,7.441307388944551e-06,low,1.860326847236138e-05,False,0
69c661679158df4151ed95d541d5d2c23cc93db4,331,CASH_OUT,39934.63,2.734019362833351e-05,low,6.835048407083377e-05,False,0
8e9b01fd33725f967edc02af1f10456a23925aaf,210,CASH_IN,228444.02,7.2852206358220435e-06,low,1.8213051589555107e-05,False,0
a339061a03ada737666fb604d439250e557491b0,212,PAYMENT,3613.1,2.2866552171763033e-05,low,5.716638042940758e-05,False,0
4f319ef3fba61c1c60af06b7c23a169df6ce28a7,306,PAYMENT,10675.37,3.919914524885826e-06,low,9.799786312214565e-06,False,0
df4ce56ae7f336de7e701377dfdb55f348975aed,206,PAYMENT,19343.07,1.986593269975856e-05,low,4.96648317493964e-05,False,0
4570a61a261cbc4eec878b7ab815bebf5244f7b9,205,CASH_OUT,28999.33,0.008585375547409058,low,0.021463438868522644,False,0
6c9a6f15634435fcc65aa4b6a71ad6d64149cb42,256,CASH_OUT,202547.98,0.00027552461251616477,low,0.000688811531290412,False,0
0f2db7ed1249e483a94d92e1b50695b72f60edc7,249,PAYMENT,1337.31,9.714332554722206e-06,low,2.4285831386805512e-05,False,0
b308b8706e4a477d550565476707af8090eda89a,298,CASH_OUT,56004.12,0.00011953888460993768,low,0.00029884721152484417,False,0
1a8c7ec4bfac2efd6b66278b584934d977d4bd1d,347,CASH_IN,134015.66,4.777812137035653e-06,low,1.1944530342589132e-05,False,0
a2d6918b933d97368cadf57def885b8fbc59af6c,159,PAYMENT,10615.24,9.427958866581321e-06,low,2.3569897166453302e-05,False,0
26a2c2bfc004ac8735c0922ab2503fe585ad70c5,201,TRANSFER,476740.4,0.09030003164429219,low,0.0007500791107304394,False,0
1a748b8beaecf0206221f2baff98b9e72f740d61,325,CASH_IN,17487.12,9.522965228825343e-07,low,2.3807413072063355e-06,False,0
6925a025e2910137277b45eaa2c029b466a0b936,11,CASH_OUT,451035.97,4.5431159378495066e-06,low,1.1357789844623767e-05,False,0
94040a963b5c229066aaed2b8a88f819850872ec,380,CASH_IN,162455.64,1.2872818842879498e-06,low,3.218204710719874e-06,False,0
1c9a72acec229773323523974dcf2d832aed6240,312,TRANSFER,693000.4,0.09002662126207725,low,6.655315519310534e-05,False,0
5f3871385f6d607e085938c062fd8b4be11f276a,688,CASH_IN,172.86,5.212633823248325e-07,low,1.3031584558120812e-06,False,0
cc679b596ccd783b0c03542c5c50d8bd715321a2,140,CASH_OUT,240907.78,0.21051375748589635,low,0.0012843937147408724,False,0
dcebf838fd95a85ccaf61a4442a181103fea2110,156,PAYMENT,5908.51,2.34159451792948e-06,low,5.853986294823699e-06,False,0
66b557e10d2682f98c0c21f5c16e7145cd948590,329,CASH_OUT,28948.34,0.0008391961455345154,low,0.0020979903638362885,False,0
2a7863513843c88a135afda73abcc34e9f5193f3,140,CASH_OUT,148393.45,0.2145605283230543,low,0.011401320807635784,False,0
a777146171afb60b90fa6441a5f446aad5276e26,157,CASH_IN,143031.28,3.020281110366341e-06,low,7.550702775915852e-06,False,0
ef79166ebd85c2b09d1294e033bce1b550ffa3f5,15,CASH_OUT,55078.58,0.00038203627336770297,low,0.0009550906834192574,False,0
c883ed773193a3f2c4fee47b22ced96409a4eb9e,301,TRANSFER,1947180.6,0.09001452951401008,low,3.632378502516076e-05,False,0
6e1e65fcc67ab17f5fe2c44aa28441e6bfa4fbd4,375,CASH_OUT,360220.25,0.0006717134732753039,low,0.0016792836831882596,False,0
454e27db8ab5204eaf98ce2ac5021dcbeb472536,285,CASH_IN,5413.95,1.2894811334263068e-06,low,3.223702833565767e-06,False,0
f029ef4f895feff635912d82ec80c8dfe6c4e469,402,CASH_OUT,336148.84,3.9723629015497865e-06,low,9.930907253874466e-06,False,0
fdcec5d3c035610087cc1d622479aa0e496f3a62,351,TRANSFER,209614.45,0.09000057504016697,low,1.4376004173755064e-06,False,0
70d8389549e3136d365d0c5118b12d5330dbf442,162,PAYMENT,1233.93,3.77171113541408e-07,low,9.429277838535199e-07,False,0
0d9a255f523aa789b672acc3dc477242d56c9b6a,353,PAYMENT,6196.71,2.1593175915768373e-06,low,5.3982939789420925e-06,False,0
eb9fe588aa90e1e1da8c8499b5e1b31dc57b243b,398,CASH_OUT,114765.7,0.0005624482408165932,low,0.001406120602041483,False,0
58fb82f61ef06214253b88943a1e2bc396ccb990,328,CASH_IN,98162.3,3.1349809432867914e-06,low,7.837452358216979e-06,False,0
e16ffc64e08188a8566cb8b4a639cd0faa5e2938,274,PAYMENT,9063.56,7.025060767773539e-06,low,1.7562651919433847e-05,False,0
ff9446d7e440936c16b950d8e73c86203f41ff08,495,CASH_OUT,194356.8,0.00026284093037247657,low,0.0006571023259311914,False,0
f43b61aad89f56730f4f912630751cc188690a9c,323,CASH_OUT,349888.8,0.542352614402771,medium,0.8308815360069275,True,0
2bb2aa1c007440065c6abc59ab8f995e2078545b,184,CASH_OUT,136917.52,0.0002563072368502617,low,0.0006407680921256542,False,0
fbfe865a72c73926a3e37fba181bac502e5b1f6b,305,DEBIT,8536.17,0.0001146226772107184,low,0.000286556693026796,False,0
d1b859868e2a2a3b41e1ce621853146aaee02fa7,327,TRANSFER,7923681.5,0.26851233869261343,low,3.084673153352924e-05,True,0
2e5e57f8435854c96826ba7ade4e2b30361178c2,372,CASH_IN,65236.03,1.4507067135127728e-06,low,3.6267667837819317e-06,False,0
0186276486c618ae896092828bf24bed4ec9114d,157,TRANSFER,973947.06,0.09012518625007944,low,0.000312965625198558,False,0
624f75179262a50c45b8b9f664b74adadb6ca285,406,CASH_OUT,50750.62,0.0013614595867693425,low,0.003403648966923356,False,0
c800408823a95225b3b9d5bf7f2324d358d25d17,34,PAYMENT,12645.52,4.900418571196497e-06,low,1.2251046427991241e-05,False,0
97e8b4a505d15e3615fee10c5b25a05048cff787,236,CASH_IN,79533.29,7.193887722678483e-06,low,1.7984719306696206e-05,False,0
95e8d1bac9e370c449c887f8f6e1685d0b6a9fc5,185,PAYMENT,18155.49,1.8780613027047368e-05,low,4.6951532567618415e-05,False,0
d742d0a790a6e2229d750288b07f36c14451d7b2,11,CASH_IN,190520.77,1.167911832453683e-05,low,2.9197795811342075e-05,False,0
a5a7849bedefb6518ff59186a702e4d4fcefeca9,280,CASH_OUT,69250.9,0.00048024710267782213,low,0.0012006177566945553,False,0
c47767877f5cde5e0d37d99524683ad6d7e766af,236,CASH_OUT,89401.65,0.22536600291728973,low,0.038415007293224335,False,0
0bf78915168d37a465baa7e9ded006a695083419,398,CASH_IN,41308.02,2.193773616454564e-06,low,5.48443404113641e-06,False,0
bd846a5f6224f9c2f3ef9a8f583ea30f2f37cc66,44,PAYMENT,13664.36,2.7789992600446567e-06,low,6.947498150111642e-06,False,0
8bd4929fa78a0e5228f653106118bcdb0ebd010f,233,CASH_OUT,93609.45,1.964689727174118e-05,low,4.9117243179352954e-05,False,0
fddbaecffa7b97746c5fdce14738b164fd9b83af,288,PAYMENT,21449.52,1.2974633136764169e-05,low,3.243658284191042e-05,False,0
45f2583a8b7b75c05f6987170f05230bc4ac4ad7,308,CASH_IN,92725.4,0.0002458360977470875,low,0.0006145902443677187,False,0
90ae7382cac0cfe29c02dfe5e90aa4bd134ff324,10,CASH_IN,156942.31,1.0803512850543485e-06,low,2.700878212635871e-06,False,0
0223bd73d06660d3ebcb9a17ffc78a77e86f034d,232,CASH_IN,41398.28,2.3633067030459644e-06,low,5.908266757614911e-06,False,0
6642d4ff04e28b4ac69967484055caefe6167fe0,393,CASH_OUT,274665.6,0.21006855994579382,low,0.00017139986448455602,False,0
96092e153f1eb72b93282a5a1b07005ed9fdfcc7,379,CASH_OUT,185571.03,0.00026257564313709737,low,0.0006564391078427434,False,0
d1fa859f448b8da7d525968f7c850186f6ec158c,96,CASH_IN,69591.96,0.0008512780070304871,low,0.0021281950175762177,False,0
2a69eac68dc17784d21144a989e09ad117c76433,300,CASH_IN,418194.4,7.60985494707711e-06,low,1.9024637367692776e-05,False,0
1af067884cf1f660278630f683937f3285a30c4f,358,PAYMENT,40188.41,2.8374919202178718e-05,low,7.093729800544679e-05,False,0
10b5f90f55b07eb828e4ccbf4a93e9e455ddd331,37,CASH_OUT,452627.62,0.00018545836210250857,low,0.00046364590525627136,False,0
0003453c9617bf8b7443e02a80827cd248c022cc,399,CASH_IN,153248.38,4.4371736294124275e-06,low,1.1092934073531069e-05,False,0
dce3a2bc1265176b501ee80457a3cf75f884e17b,164,CASH_OUT,116215.83,5.710397963412106e-05,low,0.00014275994908530265,False,0
1494d51da907ae4a3e0ae8ca41af616ed7954c1d,130,PAYMENT,18229.07,1.5659323253203183e-05,low,3.914830813300796e-05,False,0
d2f6e2655db00a49fab4d6fad90741c6e81ee592,139,CASH_OUT,152832.77,8.539625559933483e-06,low,2.134906389983371e-05,False,0
54887daec9e9a6bfe912699ac8f497e4f1392465,326,PAYMENT,9825.0,1.8206821550847964e-06,low,4.551705387711991e-06,False,0
54a0f962f9c5436db13da15f096d7a9eea291ee0,690,PAYMENT,24381.0,8.766376413404942e-06,low,2.1915941033512354e-05,False,0
01e5acd97e60d62e9d6f3b01a56b5dbaaf703967,8,PAYMENT,4288.61,8.295306179206818e-06,low,2.0738265448017046e-05,False,0
e1ef2bb5a20cd2a9b9dbe80b6f2852369c6bb80e,15,CASH_OUT,141808.69,9.944039629772305e-05,low,0.00024860099074430764,False,0
d5d1dd12b43cafc6c91d397942535e441c8ff6d4,306,PAYMENT,239.91,1.5663197700632737e-06,low,3.915799425158184e-06,False,0
ccefdbe1bbe7c8138941c6a3cede16b679761b6f,309,CASH_OUT,142255.7,2.698080206755549e-05,low,6.745200516888872e-05,False,0
7b2c9d910357612681b6951ab67a776033cc9f9f,169,PAYMENT,5618.83,1.4875293709337712e-05,low,3.718823427334428e-05,False,0
9a3e6297c5d0b2c3049f7f878c761f5eafefd3a5,299,CASH_IN,261252.33,4.618806269718334e-06,low,1.1547015674295835e-05,False,0
7d7ee95b863d5cfc0bdbc76afef5546f9a1c9c63,324,CASH_OUT,200990.45,3.087586665060371e-05,low,7.718966662650928e-05,False,0
4510d50d243018167acba69ac2e01cbd16bb427c,333,CASH_OUT,6314.1,0.00010547346901148558,low,0.00026368367252871394,False,0
9675c0d27c8ee06f83274f4b9f64fe3e6c6663f0,332,CASH_OUT,207311.3,0.000294124148786068,low,0.0007353103719651699,False,0
23fef2e7798e42052e0ea519630b62ac13764c6f,94,CASH_IN,297535.2,0.0001236557145603001,low,0.0003091392864007503,False,0
2310c976130135d9f12578a74de14f53729727c5,302,CASH_IN,300166.56,6.583266895177076e-07,low,1.645816723794269e-06,False,0
386ee4a8e11e2090f6469ee63fde8228b2b5f115,374,CASH_IN,42771.55,5.059937393525615e-06,low,1.2649843483814038e-05,False,0
ceba75aad2966775a9311f6442f0f136898fde9b,137,CASH_OUT,10838.5,0.00012773501221090557,low,0.0003193375305272639,False,0
708b109f908ddf391348a59a57bb6f19f4f3e087,301,PAYMENT,34404.98,5.2224640967324376e-05,low,0.00013056160241831094,False,0
6ba69e6a9e14ca3354ba1274e1be0c2e36ae8ec3,186,CASH_IN,15707.42,1.8442355212755503e-06,low,4.610588803188875e-06,False,0
05c52e85c7306e540a36e68418852357cce7d83f,159,CASH_OUT,123670.11,0.21428369008004663,low,0.010709225200116634,False,0
760fe8f4f64f9af87ca065e9e94e9841c9858b62,322,CASH_IN,73760.31,1.7082540580304341e-06,low,4.270635145076085e-06,False,0
56eca6611023f9b59944bd2eb57119550056d22d,96,PAYMENT,5476.24,2.2904199431650342e-05,low,5.726049857912585e-05,False,0
e5df7e331d12006f7c8edadbfe5a95e0a8613133,332,PAYMENT,19605.61,9.947910439223052e-06,low,2.4869776098057628e-05,False,0
fd73cae7500f7b0ac9cd74b245840628acf0d2f8,282,CASH_IN,387841.2,7.445601659128443e-06,low,1.8614004147821106e-05,False,0
111806fabe92f26e76ab1eccb9c99140c348de9d,308,CASH_OUT,58631.34,0.00010831252438947558,low,0.00027078131097368896,False,0
d4769ca09ef5ebd932940664e21247e455b9a194,140,PAYMENT,16353.93,2.384862818871625e-06,low,5.962157047179062e-06,False,0
a90fa786731c3d032b703853c5c92a48695922e3,402,CASH_OUT,339022.53,3.255808769608848e-06,low,8.13952192402212e-06,False,0
40309ce80beadf281ccf477721f6589f66bac584,13,CASH_OUT,138627.62,0.00023160539567470553,low,0.0005790134891867638,False,0
0f97dcc07f312ac78d7e9ad95312c7a8d7c3cdc3,371,PAYMENT,11343.84,8.598570275353268e-06,low,2.149642568838317e-05,False,0
6d577f8e7497166ded294acfc2625b1b3fe7fdf8,188,TRANSFER,12803.34,0.0017834262922406198,low,0.004458565730601549,False,0
c2e81d9817e671c2ce447d80c8a1739b7272b518,211,PAYMENT,2472.48,1.0694069351302461e-05,low,2.673517337825615e-05,False,0
9cb3879e2f97607de0bb90a8cd93aee4ad33c940,260,CASH_OUT,238130.55,0.00022557482589036226,low,0.0005639370647259057,False,0
fa5fc3409eba8f51c1c269219e5e273e5a6389ac,235,PAYMENT,3243.18,5.219260856392793e-06,low,1.3048152140981983e-05,False,0
28b29fdb6304aa4766ea138a02c538c451806c20,163,CASH_OUT,266844.1,5.336495232768357e-05,low,0.00013341238081920892,False,0
72305d925d4803be9d4bc6ea5ecb5913e5054bee,380,TRANSFER,427247.3,0.3310170707702637,low,0.15629267692565918,True,0
a0980dd83f7a3e4387888888284330944891581c,181,CASH_OUT,285240.0,0.00021344844717532398,low,0.0005336211179383099,False,0
822986c16f2cba0e26695eaea4e75682496c0164,177,PAYMENT,4703.54,1.9708934996742758e-05,low,4.927233749185689e-05,False,0
601880cd5dc1a4671a62ff3b4672adfc2cc3c119,331,PAYMENT,18852.39,1.9178517686668786e-05,low,4.794629421667196e-05,False,0
022d0eed27a5c94c166a4706196c23e27d974268,522,CASH_OUT,399010.62,0.0002710963133722544,low,0.0006777407834306359,False,0
b5694a590d93bd62497223857a408369f7cb1f60,227,PAYMENT,38681.79,5.1170034566894174e-05,low,0.00012792508641723543,False,0
0d1509d2f4b6114655fb6acb08c62c6404debe26,33,PAYMENT,12578.06,1.1077975796069951e-05,low,2.7694939490174875e-05,False,0
af3e5bf8bb04fea881f91d3ef925130b5ebd826d,352,TRANSFER,541388.7,0.0900003300728622,low,8.251821554949856e-07,False,0
3eb953edd1618bc76b9b6893f28c2ee38b2d13cb,380,CASH_OUT,53620.14,0.000679279025644064,low,0.0016981975641101599,False,0
b9d8668ef7bf4f2ae506c11c0d59397ad42b8357,346,CASH_OUT,9303.96,0.00018438722472637894,low,0.0004609680618159473,False,0
d1f24729580fb6f6314eeae58ea06cf413e79ddb,180,PAYMENT,14761.55,4.372471084934659e-06,low,1.0931177712336648e-05,False,0
1ba1ed483e1b2d95fa282f0b583ea472149f58a0,251,CASH_OUT,28850.74,0.0009653815068304539,low,0.0024134537670761347,False,0
c2ff9122c9749c60c3fa50d88890644af5789404,351,CASH_IN,192613.19,1.3456375745590778e-05,low,3.364093936397694e-05,False,0
94e6854712b80228ef56e0d74dc03c6d40fcf315,428,CASH_IN,272471.16,1.6826088540256023e-05,low,4.206522135064006e-05,False,0
cb44ee7492ce0b351450232a940a8587e0b21c0f,621,PAYMENT,2251.78,4.3018188443966215e-05,low,0.00010754547110991552,False,0
4da4b67d957e986643b7d4e4ac6ee45d329a7906,144,PAYMENT,9413.07,5.550012792809867e-06,low,1.3875031982024666e-05,False,0
634147d6e0f0d4b5943702c6999da45ef41514fd,378,CASH_OUT,16116.41,0.00014825522666797044,low,0.00037063806666992605,False,0
b98f967a0a8932e222257057527f13603f302889,380,PAYMENT,6382.34,1.2282780517125502e-06,low,3.0706951292813756e-06,False,0
763dfc50a03673426c264990fe0e07a0b8ade38f,351,CASH_OUT,562776.25,4.133049151278101e-06,low,1.0332622878195252e-05,False,0
050b044a07f076b3750bb6b9dedc1f4dba277c05,332,CASH_IN,76814.62,5.103120929561556e-06,low,1.2757802323903888e-05,False,0
85c3517601d5e81127101bbf5a982eead7ceec53,255,CASH_OUT,429960.5,0.291317663192749,low,0.20329415798187256,True,0
80efb9d12bfc40755f19aceb5f1399003fec56a7,39,TRANSFER,1049735.6,0.26859905205806717,low,0.0002476301451679319,True,0
5dc75a8c3c1f66a0bd222e3e3a7bc78e0241ac30,226,TRANSFER,628173.6,0.09025388915091755,low,0.0006347228772938251,False,0
2b04dff4bdf9a66e4dec729cee30abf04d216769,428,PAYMENT,29864.98,1.1437818466220051e-05,low,2.8594546165550128e-05,False,0
95413ab3cb93fc37f11b44786eeb226d9ba759bd,260,TRANSFER,1111932.6,0.09000101555560833,low,2.5388890207977965e-06,False,0
f901ed5d2ceb2b68f1758bb7e3763d65daa27ccc,210,CASH_OUT,44244.42,0.02225768715143204,low,0.05564421787858009,False,0
3a7a281e12f8c4c87257dd765396fa794c4b2ce1,229,CASH_IN,114061.13,5.170507574803196e-06,low,1.292626893700799e-05,False,0
9a9bef67c22657a269c13f21b10e426930a47919,136,CASH_IN,125842.47,1.0075735190184787e-05,low,2.5189337975461967e-05,False,0
21a3984ad63442826622a49665e1d092a6a21cdb,225,CASH_OUT,199931.12,0.21021857204847036,low,0.0005464301211759448,False,0
6efe42b74231eb627152f0d88afe853ac836ad14,322,CASH_IN,102208.97,1.789234192983713e-06,low,4.4730854824592825e-06,False,0
235509f84fe2e828c2b50cd9291e00a4cd9ccd3a,301,CASH_OUT,187995.02,0.2105535189062357,low,0.0013837972655892372,False,0
601eda0e888a6b6811cf732363b80548d3d2ed76,326,TRANSFER,92514.56,5.072107524028979e-06,low,1.2680268810072448e-05,False,0
edf7ce499a3fdba891897fb3e219315002210017,138,CASH_OUT,48466.34,8.22247238829732e-05,low,0.00020556180970743299,False,0
a7232ab17cb14b05aca1dcef8c8282620dab5683,321,CASH_OUT,265679.38,6.430412031477318e-06,low,1.6076030078693293e-05,False,0
6fff7733cace9bdfc840bbe77e5e7f3dfbf12ec1,208,PAYMENT,1875.33,1.169243550975807e-05,low,2.9231088774395175e-05,False,0
3b1db8bf980f27121f8d5bc8fd87202b220205b2,161,CASH_OUT,144660.7,1.4392929733730854e-05,low,3.598232433432713e-05,False,0
059012ec4a957a9b1668bd798fba79641be3f43a,640,CASH_OUT,270113.25,0.00018905372126027943,low,0.00047263430315069854,False,0
e0c19c6ab7198b7da57ae2a17db8f27e78fac7a3,565,PAYMENT,16327.55,1.986593269975856e-05,low,4.96648317493964e-05,False,0
c109ccceaf8e223e2a206d82e0af5978ca1b5403,37,PAYMENT,15110.27,8.25931056169793e-06,low,2.0648276404244825e-05,False,0
82c5c866b19bd3080fa9709681222bed19739af2,157,CASH_OUT,69295.0,2.840312954504043e-05,low,7.100782386260107e-05,False,0
43f6959f7b8a0487b4e767ab6ee313ea48c8f7af,16,CASH_IN,369753.12,3.301048855064437e-06,low,8.252622137661092e-06,False,0
e2c6b7d8c83cc64c7c2bc135677b0642af2d7378,235,PAYMENT,18672.32,9.45380743360147e-06,low,2.3634518584003672e-05,False,0
4bd516baf56b2b67a0ad1e56c6310f58c9bf99b5,479,PAYMENT,4546.32,5.796414188807831e-06,low,1.4491035472019576e-05,False,0
96d78b01c431fc9d0e1b920706904e3ff7f6a0cf,331,CASH_OUT,74958.79,0.0002486397046595812,low,0.000621599261648953,False,0
8c249b62bcff5283a53d5a33da1dad1c69b32493,396,PAYMENT,10756.48,9.60073884925805e-06,low,2.4001847123145126e-05,False,0
7539288d11d6ab75ce22b1c3f7dff9bfb1c436fd,235,PAYMENT,6139.13,5.066804078524001e-06,low,1.2667010196310002e-05,False,0
1a75ce613306e8b7be92e371170c9effbba028dd,408,PAYMENT,6071.19,1.2906230404041708e-05,low,3.226557601010427e-05,False,0
6bf8d0677cb8d8b05d63d38e712e9603d45e4a6b,201,CASH_OUT,319312.44,0.2138830604404211,low,0.009707651101052761,False,0
56e8e7e16e5ac5a0f27a5b339d88c48a3e51c1d5,257,CASH_IN,297095.3,5.852073809364811e-06,low,1.4630184523412026e-05,False,0
801eb5844592e15ed2a630f8f73303ecaca4b38e,398,CASH_IN,386769.94,3.7164811601542173e-07,low,9.291202900385542e-07,False,0
0cb9869de5a9b4dbc7e18e945adaa1d1121dc731,10,PAYMENT,20040.24,1.5659323253203183e-05,low,3.914830813300796e-05,False,0
63456aebbb4d19d511b8ba6b159515a70f809d1e,185,CASH_IN,19445.38,1.0083167580887675e-06,low,2.520791895221919e-06,False,0
023a15aa97ef0c233b5720497b8a20bb6f5834ab,43,CASH_OUT,569082.7,0.0009195483289659023,low,0.002298870822414756,False,0
c1f21a3c933f623535e939f404cbfc89808bc94f,259,CASH_IN,225784.42,8.982094732346013e-06,low,2.2455236830865033e-05,False,0
061adc9365a1d087ba48e0329ddaeddbd44d56ae,162,PAYMENT,19775.64,1.9497319590300323e-05,low,4.8743298975750804e-05,False,0
e16098448eacfc05721a825b0ea6a1de631ad994,40,CASH_IN,202060.9,4.291327059036121e-07,low,1.0728317647590302e-06,False,0
125e121be819a8303655711f2d9705704ab2f393,10,PAYMENT,11257.78,7.51387924537994e-06,low,1.878469811344985e-05,False,0
66b544824d4694c0baaf0dcae01d02853605ee09,281,CASH_OUT,279881.75,5.3639625548385085e-06,low,1.3409906387096271e-05,False,0
ac54d8a0397946defed736c9c17a176ec5d0d6c1,182,CASH_IN,112244.61,5.886474900762551e-06,low,1.4716187251906376e-05,False,0
76eafa59bc517e42f3f07896c1141bb545dbceab,18,CASH_IN,102646.72,4.2782022501342e-05,low,0.000106955056253355,False,0
42b64dfbc3b20f5d7d1b827a98d4e9f6116516c3,235,PAYMENT,12576.23,1.320372975897044e-05,low,3.30093243974261e-05,False,0
e74395bb4747170acb046c467b4551f22bf3b833,231,CASH_OUT,192600.23,0.0005609143991023302,low,0.0014022859977558255,False,0
ffa197cdc99cf04daf6e8b13328c5b0039c16417,347,CASH_OUT,31485.29,0.00233111921697855,low,0.005827798042446375,False,0
c8b6006f37af0a6c40bddc460db3f0391268d19f,284,CASH_OUT,50173.93,0.0003074819687753916,low,0.000768704921938479,False,0
47511ba1675aede77b64d1671185f45b78d6a3c2,299,CASH_OUT,169906.4,9.526551584713162e-05,low,0.00023816378961782902,False,0
65fc5d94aef95b5b3e72ab8f5f1c328784d9bd05,16,CASH_IN,134971.34,9.510495874565095e-06,low,2.3776239686412737e-05,False,0
e7b90eb134dee1b23dd2ec2140d900bad0f91a3d,36,CASH_IN,66148.69,2.194091575802304e-06,low,5.48522893950576e-06,False,0
0b566f3455537963d0890c3b51f50bccbfd03044,305,PAYMENT,21414.88,2.1895261306781324e-05,low,5.4738153266953304e-05,False,0
48ae9e188f4330eb4678a302a565aba7a31add83,136,CASH_OUT,422792.84,4.1439223423367365e-06,low,1.0359805855841842e-05,False,0
b958e559894343ddf7e7004377cff05de9ce0a86,164,PAYMENT,4278.11,1.5291550880647265e-06,low,3.822887720161816e-06,False,0
a061e949a34fb402c2a76665f7b03f99b9c91c2a,204,PAYMENT,6353.82,3.5130284231854604e-06,low,8.78257105796365e-06,False,0
a5ff0b2b1261578542cde601e36eac756874619a,253,TRANSFER,690510.3,0.6674509582519532,high,0.9973773956298828,True,1
32f837e2965596ac51608fbe9d5c6c6e82b9e51f,156,CASH_OUT,183837.03,0.0002783093135803938,low,0.0006957732839509845,False,0
17302d6f8500ed0d815e1018b912ff84b3121721,229,CASH_OUT,113547.13,0.0007016904652118683,low,0.0017542261630296707,False,0
fdfa688c422ee2c273343b2f18e01959b6b76e6e,13,CASH_OUT,488680.12,0.0001283704419620335,low,0.0003209261049050838,False,0
33400dd6fb4ec64b4308a671853649939b592560,686,CASH_IN,206956.5,7.274054951267317e-07,low,1.8185137378168292e-06,False,0
099c7290ac0ea97718622a71e9b3ce5f6833e9af,6,PAYMENT,5399.32,1.0900576307903976e-05,low,2.7251440769759938e-05,False,0
476245f06abb9f30720c95a6b8887b61484fec89,234,CASH_IN,207476.23,3.507697783788899e-07,low,8.769244459472247e-07,False,0
0a51cd362208784ed0817a52912cf4721bc67902,38,CASH_OUT,369451.56,0.0005988934077322483,low,0.0014972335193306208,False,0
f963ffe56eecb8bd2d013c40cd1be64e67fa1202,281,PAYMENT,2364.04,2.5365903275087477e-05,low,6.341475818771869e-05,False,0
0942857a6f6b4f890977014e965aed7a2bf64ce1,282,DEBIT,2476.61,5.6985179980983964e-06,low,1.424629499524599e-05,False,0
102b8944618b7e47b94b962214b82a2e7cd2c3f7,357,CASH_OUT,50837.96,0.001644548773765564,low,0.00411137193441391,False,0
a180be5f674db70c21dab2a687bf446e252bc461,138,CASH_IN,303973.88,4.940855069435202e-06,low,1.2352137673588004e-05,False,0
de589b80a0579fba9bb6d02f010342535bc553b6,236,PAYMENT,9309.33,1.1165605246787891e-05,low,2.7914013116969727e-05,False,0
2393c9d3b1c62a9c432948798cc1e5d61bddf5e5,280,CASH_OUT,80931.05,0.00018038441194221378,low,0.00045096102985553443,False,0
af5d7257d26e729e8517fa0cea7d4b65b813eaa5,526,PAYMENT,7143.57,1.7308462702203543e-06,low,4.3271156755508855e-06,False,0
1989af81705b301114dc17bb3e053179b042f29a,258,CASH_OUT,134399.69,9.867382323136555e-06,low,2.4668455807841383e-05,False,0
7fad6d85b13a512a3dd6f1a732da77515d780ce0,17,CASH_IN,265475.97,3.787307150560082e-07,low,9.468267876400205e-07,False,0
369df15b2de0d7c1bcec4ef5a12f51da994db561,283,CASH_OUT,85761.52,0.0017947906628251076,low,0.004486976657062769,False,0
7665dd773f86ad303d4b3af24c2c2ec8fc70f4e2,12,CASH_OUT,537934.25,4.2379415390314534e-06,low,1.0594853847578634e-05,False,0
371cefe20953a928545371494427b82778273f07,142,TRANSFER,499345.94,0.09050708679482342,low,0.0012677169870585203,False,0
141f21ec1ed092e9254546dd215f0ed87b7ccdcb,137,CASH_OUT,240517.12,0.00011452686740085483,low,0.00028631716850213706,False,0
b17ab62922165ff35a1729b6e9fd1309bd67bd82,233,PAYMENT,27371.07,6.859795394120739e-06,low,1.7149488485301845e-05,False,0
33368231f6a93a5fde9c2ffef48e8a97c7fecda9,19,CASH_OUT,322565.47,0.00015392425702884794,low,0.00038481064257211983,False,0
1f99b7bf4ebc0a3827fc0563e53fb1d2d100984b,252,CASH_OUT,151049.1,0.21562302097678185,low,0.014057552441954613,False,0
8ce71979e792951e2cc945d384025589e1cdbf37,162,CASH_IN,314639.25,7.258179721247871e-07,low,1.8145449303119676e-06,False,0
a7baf0155d716208ef30a9ea3524d30ccec24308,177,PAYMENT,6278.02,8.7047548731789e-06,low,2.1761887182947248e-05,False,0
5b225dd063016fc11cc3ab002bc2892eea2d4976,469,PAYMENT,6947.49,4.0866631024982785e-06,low,1.0216657756245695e-05,False,0
5b439ac93f36dc2767b594ca5843d0d7502d9ee5,300,CASH_IN,311313.97,6.098157246015035e-06,low,1.5245393115037587e-05,False,0
069913f2a35d24675fc3745de7ad3e2fc8a8c2bc,164,PAYMENT,6539.04,7.00113014318049e-07,low,1.7502825357951224e-06,False,0
61ee38c79d68c7317769a7c0ab87d51ec8f9b1d6,129,CASH_OUT,99290.26,6.515007698908448e-05,low,0.0001628751924727112,False,0
3f133b51e5b0edfe7be9b07cdf4b588a28ea669e,686,TRANSFER,1334976.9,0.09007201717235148,low,0.00018004293087869883,False,0
1bcf475f58446a617f4037690e52996f63019f32,184,PAYMENT,14987.81,4.376743163447827e-06,low,1.0941857908619568e-05,False,0
0cc2cc6173ca993603700c314ef0def29280ddc4,186,CASH_OUT,130633.1,0.00022344649769365788,low,0.0005586162442341447,False,0
7dcd0e3b8ebabf0ca22d67ef312fc5971dc21f9e,137,TRANSFER,675456.06,0.0901095356536098,low,0.00027383913402445614,False,0
5b02f5597d06006663b712dcf7ee132dc89b5d6d,161,TRANSFER,596586.0,0.0901095356536098,low,0.00027383913402445614,False,0
10a6cdb473f686fbfc40b095dadaa3ce85119d88,237,PAYMENT,10241.03,1.4086466399021448e-05,low,3.521616599755362e-05,False,0
6eb180ebfe0a8975f8e95f35a8b5ed3d38892ccc,36,CASH_OUT,117365.89,2.0064837008249016e-05,low,5.0162092520622537e-05,False,0
443a3473a23425f0968d6ab0c20b54bf4e490075,202,TRANSFER,813647.44,0.26900973049364985,low,0.0012743262341246009,True,0
aba8158d70ba1127f7b1677d716cda5efe05f4c0,522,TRANSFER,3944687.8,0.09000348785142706,low,8.719628567632753e-06,False,0
21494e65ff83f577ccfad19d5c0393a0b545d04c,20,PAYMENT,23832.22,5.545574094867334e-06,low,1.3863935237168334e-05,False,0
9396049c15404616f72ec46676643940c22fcee2,274,PAYMENT,4615.86,1.7848379502538592e-05,low,4.462094875634648e-05,False,0
489a080c57518b4aee73a71bac8a033f9a9c311e,324,CASH_OUT,500694.38,2.1973895854898728e-06,low,5.493473963724682e-06,False,0
0b862ef9db7a92186d9da55748a48d2a9bbae049,275,CASH_IN,69340.44,3.112067861366086e-06,low,7.780169653415214e-06,False,0
e6ba236f09b43305676ce60ec29dfd565703b583,667,PAYMENT,2521.42,3.703474794747308e-06,low,9.25868698686827e-06,False,0
3e66e7bd3f8cd082d6c6b3ae2e90b25259ed25ca,491,TRANSFER,1265033.2,0.6682443914413452,high,0.999360978603363,True,1
eaf77107eaea5ed8b72878bb140e71b9f064194d,226,CASH_IN,86116.88,1.3035755728196818e-06,low,3.2589389320492046e-06,False,0
7660f7c2a0277050506ed62e00b42594ee56ca72,95,CASH_IN,66244.38,2.893678174586967e-06,low,7.234195436467417e-06,False,0
d7b7986e65c634f2c0014283c46e0745558c3d33,18,CASH_IN,88557.92,2.067583045572974e-06,low,5.1689576139324345e-06,False,0
07b44df65faf730705a3f4d3554e4c09fa879d20,300,CASH_OUT,202609.52,0.0007860942743718625,low,0.001965235685929656,False,0
336ebce9726109cba26b9807049ae640b19cc75d,348,PAYMENT,33365.28,0.00020024655386805535,low,0.0005006163846701384,False,0
70133185d238a1d235d333d042293014975a2814,691,PAYMENT,5669.31,1.2659014828386718e-06,low,3.164753707096679e-06,False,0
d5af14651f48c895ae2d8e9d2cb86b413d4b0db3,183,CASH_OUT,61000.36,6.098853191360831e-05,low,0.00015247132978402078,False,0
9c2de307ebc02c1465a543152be4cc3d21b2f27f,189,PAYMENT,5730.1,1.5143318159971387e-05,low,3.7858295399928465e-05,False,0
3342d265e91ca8842c2b251464396abfe9f11581,345,CASH_OUT,84461.18,4.202838754281402e-05,low,0.00010507096885703504,False,0
5007d778066baf87abd3e2a6d2f5159e084a3512,374,PAYMENT,36343.73,5.672663683071733e-05,low,0.0001418165920767933,False,0
1377b9e0231669a2e1173b38305a30a246af3fc4,312,PAYMENT,2395.88,4.1225190216209745e-06,low,1.0306297554052435e-05,False,0
1b6087de827099ab6bc7900f903f63cd9bd36a38,256,TRANSFER,129012.28,0.0001165498048067093,low,0.0002913745120167732,False,0
ffff8d0073acc71d81252718579b79ff9ebc31ab,210,CASH_OUT,75722.3,0.00033390673343092203,low,0.0008347668335773051,False,0
3b35c8134201aae3f8cb8ad02e1bc1825646ab14,14,CASH_OUT,242859.31,0.0001509841997176409,low,0.0003774604992941022,False,0
5d86db4c062e923673d8a46731c89a81e7f0c820,311,DEBIT,945.2,7.750724907964469e-05,low,0.0001937681226991117,False,0
2d799bbc027d9031155b1eb3aa35a3a15bdf386e,188,PAYMENT,10890.08,1.6555443289689722e-05,low,4.13886082242243e-05,False,0
5b4db2c2e77d321fc3b04f8be2a8ced8248be8f2,274,CASH_OUT,21138.32,2.584604953881353e-05,low,6.461512384703383e-05,False,0
499b7056850e818e3f3cf2b2a24115cdef6f1682,10,CASH_OUT,73418.94,4.745695623569191e-05,low,0.00011864239058922976,False,0
2e03fb3da2f5527f98be40de93b10a3b7a12b919,205,CASH_IN,259813.4,2.159593714168295e-06,low,5.398984285420738e-06,False,0
67b9700839c47c63591f8e1c096e9c8e9bfabdd9,357,CASH_OUT,183062.67,0.0011661286465823651,low,0.0029153216164559126,False,0
a5056bfde1cd32ab4ec55bfde6c903f6042b034a,327,CASH_OUT,101803.77,0.0005026943515986205,low,0.001256735878996551,False,0
5746d6075e1f8afc2ab6fbb3daf6aa643f0aac26,163,PAYMENT,9844.51,1.0851547995116563e-05,low,2.7128869987791404e-05,False,0
bb1e27098945937cea35dd85b32ecbb1ce9072b6,136,CASH_IN,117398.96,3.0069917556829754e-06,low,7.517479389207438e-06,False,0
64d9f86c4d4c55a77edf126ab08e96730720dc04,96,PAYMENT,67723.19,7.103455718606711e-05,low,0.00017758639296516776,False,0
03c0e67c5445f85c0aba8cf6427a68fa1585ff0c,380,CASH_OUT,192592.05,0.00048004314303398134,low,0.0012001078575849533,False,0
aef36a3e342d585ede81ec50059bd4116ce484a9,373,PAYMENT,21690.43,2.3160561977420005e-05,low,5.7901404943550006e-05,False,0
378232ce7a702f9cb9508e8ae1a7596bf8b2bc28,42,PAYMENT,3914.42,1.3776367268292234e-06,low,3.4440918170730583e-06,False,0
fdf2ff7a1fe9c5d37d12cf66ac91355de52cb102,302,CASH_IN,233405.34,1.266037579625845e-05,low,3.1650939490646124e-05,False,0
c440148099e5407391e85148f74055c3957d344a,304,CASH_IN,407128.84,7.988740435393993e-07,low,1.997185108848498e-06,False,0
ce38ec45989d404ada16ae5a6bfbf0f329b64aa3,135,CASH_IN,41846.59,1.7700223907013425e-06,low,4.425055976753356e-06,False,0
295a3d9de20e775f86fb0470cbcbb85938a21757,351,CASH_OUT,206320.1,3.4243203117512167e-06,low,8.560800779378042e-06,False,0
dfce942ab6c117631416bb523569ba609a3cb121,133,TRANSFER,299284.75,0.09012763981940226,low,0.00031909954850561917,False,0
6b4f5af0b4b08741835222a81d61145801be110f,182,CASH_OUT,278940.38,1.5173506653809456e-06,low,3.7933766634523636e-06,False,0
32a9453683af60d3c28fdafe3e7106ed8fedc865,261,CASH_OUT,201913.61,0.0007089168298989535,low,0.0017722920747473836,False,0
9d85aa455d0e8c715cc28728b2aed2be85270c15,249,PAYMENT,2407.78,9.254539691028185e-07,low,2.3136349227570463e-06,False,0
2542fbe808541c94aa9b91c753ded9f0b25e82dc,326,PAYMENT,2069.29,7.966760676936247e-07,low,1.9916901692340616e-06,False,0
95561ab0a75be2697cdae1a531a91a36de45c882,397,CASH_IN,37909.89,1.5767327568028122e-06,low,3.9418318920070305e-06,False,0
fdd9ff2466669f3970958e09f9e82a8a48d84af5,41,PAYMENT,2257.67,1.0995710908900946e-05,low,2.7489277272252366e-05,False,0
1dea983be6181dd6e859a829443afdf1ff9124b4,303,PAYMENT,41653.72,5.595742259174586e-05,low,0.00013989355647936463,False,0
83587991bcd85c382604ebd7a2c4bda0586479ca,165,PAYMENT,3858.6,2.0332787244115025e-05,low,5.083196811028756e-05,False,0
e542d27cf21b785e63e8c5f01cb0957db9815e39,380,CASH_OUT,99685.98,0.0012537311762571336,low,0.0031343279406428337,False,0
bab11f5eeb58a0e6d4262bd43103c642b771585d,40,PAYMENT,21759.28,2.722274803090841e-06,low,6.8056870077271014e-06,False,0
27a2f7d421589ba14c9f814c6e899512e29d455e,155,CASH_OUT,90776.76,0.00045365574769675734,low,0.0011341393692418933,False,0
d35e34477bfaecc4c1939634b35f790fecb12f3f,18,PAYMENT,12332.19,1.6168014553841203e-06,low,4.042003638460301e-06,False,0
e7490d8736f0dc7617e3762186a0b71fbd20e15c,695,CASH_IN,507663.75,1.9770435756072402e-05,low,4.9426089390181005e-05,False,0
eab64f699f1e5b61d01077f0045a5c6aa6c0a6e4,234,PAYMENT,10261.17,1.455343226552941e-06,low,3.6383580663823523e-06,False,0
e4d265118edd2cd82e966b940c13e7de1d44e684,157,PAYMENT,8286.17,2.0278343072277493e-06,low,5.0695857680693734e-06,False,0
b9529b6a761a31ad5b17ebd4e4bf82a3b20f8069,398,CASH_OUT,113055.22,0.0003472575917840004,low,0.000868143979460001,False,0
f89642558873879133280a9609d5f78fcdfa6359,306,CASH_OUT,217981.88,3.509790258249268e-06,low,8.77447564562317e-06,False,0
e4da035f0718a000c23956c169b04e2f197577ae,601,CASH_IN,322075.06,2.125263708876446e-05,low,5.313159272191115e-05,False,0
b44f52b19357b0904033f2ae612319cc21c7434c,310,PAYMENT,7293.0,2.1059063146822155e-05,low,5.2647657867055386e-05,False,0
6feae78f7f0a1fc53f4cb0f9009844bd7056840e,684,PAYMENT,20836.1,5.201948442845606e-06,low,1.3004871107114013e-05,False,0
f41866e268fae6b73ab6f5e6bc052b644afcdb07,184,PAYMENT,15967.1,2.7597014195634986e-06,low,6.899253548908746e-06,False,0
80e379bb9e4d7c14e993244a98cce743ff9f5673,346,CASH_IN,56655.14,2.061898157990072e-06,low,5.15474539497518e-06,False,0
bd751b151f322dd5dafcc9919f39a5dc6f780856,189,PAYMENT,15537.93,1.9413755217101426e-05,low,4.853438804275356e-05,False,0
3904eb3e555096530709dc4141bd38876500e845,234,CASH_OUT,172837.78,0.00012329278979450464,low,0.0003082319744862616,False,0
9ea27bb94bdf6cf7fef8be0f00241337ed899383,275,CASH_IN,453616.6,7.8768513048999e-06,low,1.9692128262249753e-05,False,0
a8cb7c6e43b730d002a92ec28e870c39d32ecd74,347,PAYMENT,2029.38,2.897235390264541e-07,low,7.243088475661352e-07,False,0
58ee646b799707623769552152e75d0b06c49a04,229,CASH_OUT,349016.2,4.948503556079231e-06,low,1.2371258890198078e-05,False,0
4d051e367549ee20f0069c2d56e7fd42c9074577,329,CASH_IN,146083.8,3.937208748538978e-06,low,9.843021871347446e-06,False,0
a6220989dd8ae046c98175bc79c2a5beee77191e,178,PAYMENT,15041.06,4.833730054087937e-06,low,1.2084325135219842e-05,False,0
8e085aa29e7b948f4769b1a7e8b10ec6352e9966,205,TRANSFER,190008.45,0.09014747682726011,low,0.000368692068150267,False,0
23c845393f014fe2605e4cb043003842c2e0fe36,345,TRANSFER,516257.38,0.09032100225798786,low,0.0008025056449696422,False,0
21737216aaba2ca4a0127032da42a19be8cffde8,177,CASH_OUT,285518.47,0.000202609458938241,low,0.0005065236473456025,False,0
7c28720d5095407be7d0ab2cb6992f45b691f3a1,213,PAYMENT,6395.22,9.75810457020998e-05,low,0.0002439526142552495,False,0
cd38c8c57d6ed3a995c63e34f704a8cdc92dd0cc,135,CASH_OUT,192548.61,0.0002824924886226654,low,0.0007062312215566635,False,0
4bb393ffad080b0ed9477b0903c0af727a3587d9,375,CASH_OUT,217977.19,3.7174555473029614e-06,low,9.293638868257403e-06,False,0
6ca266a6c8036fc2d7752070911e8525fd51c439,177,CASH_IN,77228.73,2.1580575776170007e-06,low,5.395143944042502e-06,False,0
ec92a68bab3c37d701af8ce1e4b38297148bae06,138,CASH_OUT,8234.3,0.00015342001570388676,low,0.00038355003925971687,False,0
3729454d9695560ad8436f4b792a6967039dfcce,347,PAYMENT,39435.9,8.326088573085145e-06,low,2.081522143271286e-05,False,0
13f32730f587117e1572bf48360c7084c80f8d4f,404,CASH_IN,226675.1,3.6572750104824084e-06,low,9.14318752620602e-06,False,0
d3815bd37bee06153fe3c8e5175ed2fcf220debb,235,CASH_OUT,187460.0,0.00040117502212524416,low,0.0010029375553131104,False,0
a193c40c24e671559b9d7a235ae23d7e0f7c863a,281,CASH_OUT,234276.88,9.663006494520232e-06,low,2.415751623630058e-05,False,0
b0a61a927652a5be99641fe2ec32c1422025e5f6,331,CASH_OUT,198237.42,0.00022233782801777126,low,0.0005558445700444281,False,0
b9f1335b33b090ecf839e7cc6cec76199b4083ab,283,PAYMENT,619.88,1.4181964797899128e-05,low,3.545491199474782e-05,False,0
f47c1ad4951789b37ad4d88963aecb0ef8c4c90d,257,CASH_IN,286519.22,9.085769124794752e-06,low,2.271442281198688e-05,False,0
eccf697dd48511dc231308a80e17ed4e312ad373,332,PAYMENT,11406.8,0.0001395714469254017,low,0.0003489286173135042,False,0
783f4c7869c9968f8a8202f138afe97420762736,322,PAYMENT,75571.11,1.854402362369001e-05,low,4.636005905922502e-05,False,0
5fcb17510d4264cdcc658ba9db16c71d1fbc63aa,298,PAYMENT,21719.73,4.023336441605352e-06,low,1.005834110401338e-05,False,0
887e9cc5d2143df7f67baa74a18c8fe1d0f20767,381,CASH_IN,277566.78,8.395473741984461e-07,low,2.098868435496115e-06,False,0
1ef1c1b35be01ecc3a16f4da51461b6a709eeae5,254,CASH_OUT,17004.87,0.0003755200188606978,low,0.0009388000471517444,False,0
395ed4f32c2a6a76387521335f8540ffb8752b69,324,CASH_OUT,100304.17,0.000549672544002533,low,0.0013741813600063324,False,0
933ca7a49734d47b747efe58f4a45e497645261a,328,CASH_OUT,245291.31,1.4317841851152481e-05,low,3.57946046278812e-05,False,0
946fec35d7af4e861a864fcbdf82bd165871d300,255,PAYMENT,11908.5,3.514097261358984e-06,low,8.78524315339746e-06,False,0
f0904fe73b5d1ba2a0d70a364df18f1a53292c79,136,CASH_OUT,189891.67,3.3905141754075886e-05,low,8.476285438518971e-05,False,0
b6538f991aad8586942c60cc2356a5febda432f3,40,CASH_OUT,598680.0,2.6770150725496935e-06,low,6.692537681374233e-06,False,0
e044be211dc8f6b6772954d9facc0525ab0c613d,322,TRANSFER,10913402.0,0.09017632206436248,low,0.00044080516090616584,False,0
1182f02cec12d238b10782ab6dc4892b75efc1c2,139,PAYMENT,9986.43,2.3771017367835157e-06,low,5.942754341958789e-06,False,0
854bcbc3948ebe80be421ef4c7be85563f75aeb0,407,CASH_IN,137275.72,1.3812450924888254e-05,low,3.453112731222063e-05,False,0
c5fe1b483e5a5abcb31daedf8e356eb15a006790,213,PAYMENT,9946.09,5.367212361306884e-06,low,1.3418030903267208e-05,False,0
aeba2d7418d0067c216a607cc8b5a6a8ba4b9307,637,CASH_IN,66963.67,1.592360786162317e-06,low,3.980901965405792e-06,False,0
df93dd782afc2d0b864ba143d9cd7bd1e39ad4ad,311,PAYMENT,6309.37,1.3621820835396648e-05,low,3.405455208849162e-05,False,0
def8ee2f72f8d28bcad6305cc333385ba5f85d5a,325,CASH_IN,5209.51,4.964059371559415e-07,low,1.2410148428898538e-06,False,0
37ed4f0f46c309a0b2bbc71244fee70a0864b320,225,PAYMENT,46795.47,4.561431705951691e-05,low,0.00011403579264879227,False,0
c7d3a10c3f21042f4460b86fc5a12c6166babfdc,231,DEBIT,480.06,6.25242610112764e-06,low,1.56310652528191e-05,False,0
6d1ca2b1df91c8b321c3184fdf38e9e404f6bc85,335,PAYMENT,7459.23,2.655042771948502e-06,low,6.637606929871254e-06,False,0
fb7307a52bb19feae4e5f4ff674a892888b8538e,155,CASH_OUT,284415.75,0.0004367594607174397,low,0.0010918986517935991,False,0
f7ef07bdf9e37c4d404f5c738cbda31c41552f46,324,CASH_IN,425161.03,3.5816940453514694e-07,low,8.954235113378672e-07,False,0
d655b1501b50334a91b3564f9450787978a47a46,47,PAYMENT,1777.25,4.602756962412969e-06,low,1.150689240603242e-05,False,0
0996c1c84bb941a98718ab76da78d202bfd0305e,36,CASH_OUT,78564.17,0.0003533098846673966,low,0.0008832747116684914,False,0
fe2ae8dfbec2b58fb7b8318733a808fb8bf89473,212,CASH_IN,42201.57,6.137883610790596e-06,low,1.534470902697649e-05,False,0
b4d412e04d2ff0d05999e7cca54efe5d6ba0aa05,380,CASH_OUT,79225.46,6.331487093120813e-05,low,0.00015828717732802033,False,0
391502d153298f8109a1b499a5eebfaf8e995a34,374,CASH_OUT,210887.73,2.625803062983323e-06,low,6.564507657458307e-06,False,0
31386540d0e105bb7c12c43f402721efd534f5f2,185,CASH_OUT,273965.94,0.0002362846164032817,low,0.0005907115410082042,False,0
6373f200d8a08584089aacd31d95242ea139e5b8,283,TRANSFER,331512.22,0.09016443469794468,low,0.0004110867448616773,False,0
6405939a64855b839c09c3b7276ddb4c4038638c,351,CASH_OUT,79058.91,0.000589989684522152,low,0.0014749742113053799,False,0
d7297df6f39c82d62a9c6af31faa87e9633fb1c3,407,CASH_IN,48961.65,2.0850791770499202e-06,low,5.2126979426248e-06,False,0
fa30e406cf9bfb4edbe819fdeb741edfb214532c,40,DEBIT,3200.8,9.899805299937726e-05,low,0.0002474951324984431,False,0
e6e32c08a158997d869474a8068de0991fef5291,401,PAYMENT,15940.89,1.8780613027047368e-05,low,4.6951532567618415e-05,False,0
f01c00fda3ce80b904aabfb810361dcc89bfcd3e,275,PAYMENT,433.45,5.969267022010173e-07,low,1.492316755502543e-06,False,0
463b06e5a1c1325e379956c8c4a7317e2f16baac,373,CASH_OUT,59774.07,1.68394748470746e-05,low,4.2098687117686495e-05,False,0
28effdfe05b870cbd52a87c8a5c3d430fd052a19,276,CASH_IN,166709.27,3.839334385702386e-06,low,9.598335964255966e-06,False,0
12d73bc93ce7054910ee06d589c380452f96234a,323,PAYMENT,2019.7,9.927932114806027e-06,low,2.4819830287015066e-05,False,0
e9117e131388e0ac7b2b156be2cf04d1d03cb4e9,259,CASH_IN,268767.9,3.6059182093595157e-07,low,9.014795523398789e-07,False,0
0034121b956e1f6d11caa652b682a4dd525b6428,44,PAYMENT,1384.92,1.2249169230926782e-05,low,3.0622923077316955e-05,False,0
585dec12049ec2e4a6b32c13d78786ce147375bc,36,PAYMENT,28500.19,5.095276719657704e-06,low,1.273819179914426e-05,False,0
9bcaa219bdbc86c235324f976f63b91cff23c7e4,182,CASH_OUT,22051.22,0.0002027353271842003,low,0.0005068383179605007,False,0
59050130659a32f436c36a40c29071f502c21e9a,137,CASH_OUT,98999.15,0.0002691298257559538,low,0.0006728245643898845,False,0
8d2b3be33123c627498f02846b0d71f2e2716919,395,CASH_OUT,75408.22,2.71892873570323e-05,low,6.797321839258075e-05,False,0
e649f825babd922ccea29f93f4f5395b6eb0c07a,299,CASH_OUT,324001.72,0.000254037999548018,low,0.000635094998870045,False,0
e31a03cc404bcd15299c9f256addac7efcc4dca7,265,PAYMENT,626.5,1.6403761037508958e-06,low,4.100940259377239e-06,False,0
d7c83ca87e6b6af704407fefaeff5d1ac02ba7f9,33,PAYMENT,4092.39,4.87693541799672e-06,low,1.2192338544991799e-05,False,0
40c67a70a1c1a4be2164d8141dfca644cf645606,16,CASH_OUT,63097.31,0.00024241816718131306,low,0.0006060454179532826,False,0
3df84551f46045fc70f95d7dd98ab834574d17c5,394,CASH_OUT,233721.11,1.2175831943750382e-05,low,3.0439579859375954e-05,False,0
ebdbe292d247028c2adf724e3a031c1bf61ad389,42,CASH_OUT,22346.1,0.0003587135346606374,low,0.0008967838366515934,False,0
b057e44d025ad3fdf020c75df62c685acbda50a9,260,CASH_IN,289222.97,1.3398651390161831e-06,low,3.3496628475404577e-06,False,0
17bd2bda19e9c4cd5fed5327663f38db918ce6bf,202,CASH_IN,62182.82,1.9984528989880347e-06,low,4.9961322474700864e-06,False,0
9f866e3e8c54b3175fc85a1d3c381e9e37a284e2,22,PAYMENT,992.89,8.579959103371949e-06,low,2.144989775842987e-05,False,0
fa4e6c1b93150422c58ca4726036ff13dc8a9ce1,254,CASH_IN,66859.07,8.636164711788297e-05,low,0.00021590411779470742,False,0
bf0bab908dbdad59fd5a0af2829f11f1981c381a,298,CASH_IN,15434.63,9.289803529100028e-07,low,2.3224508822750067e-06,False,0
bd143703977fc75bdeb65771c135823899cfd060,11,CASH_OUT,23739.7,0.001587899960577488,low,0.00396974990144372,False,0
da4af488d07d6ae351b4a306d24d82cfccc0c9ab,299,CASH_OUT,365664.1,0.0005885346326977015,low,0.0014713365817442536,False,0
e91662521ce7a2d7c392d71714cb459bc38ee156,227,PAYMENT,732.04,1.3958871022623499e-06,low,3.4897177556558745e-06,False,0
e86a9875854a7f3c4b752b7aeae2ddb8163673a3,253,CASH_IN,123435.08,2.2375281332642773e-06,low,5.593820333160693e-06,False,0
26aeb0a0ec2b2e62dce70abaac3702894d571a75,134,PAYMENT,6776.03,1.0747006308520213e-05,low,2.6867515771300532e-05,False,0
de78888e36c17afcf612b03832fdd88d7600c100,188,PAYMENT,341.96,2.628933871164918e-05,low,6.572334677912295e-05,False,0
a0cb8d1839d2ab2a9c56b9374447a92110817b56,158,CASH_IN,416201.97,5.717586645914708e-07,low,1.4293966614786768e-06,False,0
61378c40ab744a362cb49a3cd87192d9a36a0591,469,CASH_OUT,57099.12,0.00029958623927086594,low,0.0007489655981771648,False,0
ba91326d70c500b0f2ed497ce2d8bc521915b3a8,157,PAYMENT,14866.62,2.3680648155277597e-06,low,5.920162038819399e-06,False,0
3706782c5751f56e6ec58bd64d60c95b39ac0dd4,38,PAYMENT,5525.66,1.6707685063011014e-06,low,4.176921265752753e-06,False,0
41ec2065c7b0de3bf361b2083431efc613cf3462,178,CASH_IN,263142.3,8.514164801454173e-06,low,2.128541200363543e-05,False,0
7cf6fcb9cafcefbf1dc9b23c37f955d108759035,184,CASH_OUT,232485.81,0.00018832365749403836,low,0.00047080914373509586,False,0
06ec1d1eb35aad71862238c0a44ade40b72262a4,230,PAYMENT,5109.83,8.27103212941438e-06,low,2.067758032353595e-05,False,0
704a43cc70571468c37043ba8700aa6ea0211b36,331,CASH_IN,112215.94,1.3561238301917912e-05,low,3.3903095754794776e-05,False,0
af915547f70f1e7ec8e012e19a566b7467348d7c,376,CASH_OUT,239366.9,0.00024898783303797247,low,0.0006224695825949311,False,0
9d0718893aebe792a67e6463a1ef3015156a2316,136,CASH_OUT,14483.68,0.0001661519752815366,low,0.00041537993820384145,False,0
0918380f059fdc3f59666b288efae4478fe81cac,11,TRANSFER,215950.28,0.09017088723834606,low,0.0004272180958651006,False,0
152330f8c45e3d22880fbb0648f3ece4c22a473f,355,CASH_IN,257454.84,2.748166480159853e-07,low,6.870416200399632e-07,False,0
dbc7c4f938ae70b12e4c98355513f6537af73500,132,TRANSFER,755101.56,0.2689277577158064,low,0.0010693942895159125,True,0
c4757e0884bed67fbdc82e3e37aebad0c4bfb955,212,PAYMENT,15675.24,5.579518983722664e-06,low,1.3948797459306661e-05,False,0
ed38019b767e9352fb4fd68479ba8f27e7947df0,204,PAYMENT,6124.8,9.87838866421953e-06,low,2.469597166054882e-05,False,0
5b70a9eb1c609e936baaeb512e0d4dca46e80d93,394,CASH_IN,251194.19,7.090136932674795e-06,low,1.772534233168699e-05,False,0
7998cbb685ee29937db49684605cddd5c194edec,348,CASH_OUT,406797.84,7.890602864790707e-06,low,1.972650716197677e-05,False,0
476b06e01e79d38db73ca064de8fb739d96aec15,330,CASH_OUT,59714.76,0.0005152516532689333,low,0.0012881291331723332,False,0
2e4329fee48306f67a08c4be415f6931cb1acdfd,202,TRANSFER,435806.12,0.09021512338425965,low,0.0005378084606491029,False,0
6515845fef682a3cea6b97b0c36a089ae0c0d3e2,33,PAYMENT,11204.17,9.811316704144702e-06,low,2.4528291760361753e-05,False,0
aa52de0c7568df86c44e5667c3015d4262e64f21,286,PAYMENT,30359.16,9.784124558791518e-05,low,0.00024460311396978796,False,0
62b71c366d67b0e9a2e8fe5295b1590415b80dc9,298,CASH_OUT,208485.11,0.0002459590323269367,low,0.0006148975808173418,False,0
4843517b0d6d1e0ec89ce3fb1cd0980cc8ec95b9,258,PAYMENT,10936.85,1.0251113417325542e-05,low,2.5627783543313853e-05,False,0
d13edaef20ed97cb5a99f706f6dafccbaef299fe,139,CASH_IN,140692.6,6.505124019895448e-07,low,1.6262810049738619e-06,False,0
1f9f394f536bb7357464a67339c8a3f091d05c51,140,CASH_OUT,191901.44,0.2101813224167563,low,0.0004533060418907553,False,0
374c5c3e140d043d43a9e89c79e5ac5dfe1809ba,277,CASH_OUT,367787.66,7.56842055125162e-06,low,1.892105137812905e-05,False,0
2ea03ca3027f74f3cb0e9635d6c8d7d682e8df02,44,CASH_OUT,254574.66,0.000184154836460948,low,0.00046038709115237,False,0
a3e39daeed9f3039e186752ffc91404437c13ee1,211,CASH_OUT,409506.62,0.00028275414370000363,low,0.0007068853592500091,False,0
8d9fe6750b7bfb6c17e2e2da019b06af2ea7cf3d,236,CASH_IN,95546.98,2.178491558879614e-06,low,5.446228897199035e-06,False,0
d741681b220e261fbe10d89a9a008e7241619df3,311,CASH_IN,214505.28,4.056949546793476e-06,low,1.014237386698369e-05,False,0
2486831772857c1169679cb7638a1b77e310b2c7,38,CASH_IN,409957.06,4.0833401726558805e-06,low,1.0208350431639701e-05,False,0
ed3e34fba85774ed82e10c6163ce648e6a677610,205,PAYMENT,12490.34,1.9343956955708565e-05,low,4.835989238927141e-05,False,0
30418d75b79c8a5075fc12c60c17e201cef3de06,687,CASH_IN,15497.93,1.5295094272005373e-06,low,3.823773568001343e-06,False,0
ca9a375a00ff56bdab1975b86e9bff3f9d3b92f7,257,CASH_IN,157093.53,8.672496733197478e-07,low,2.168124183299369e-06,False,0
7e0bf3c72022656b8650d5c8baa01fcccea1b167,182,CASH_IN,159745.12,1.0416950681246817e-05,low,2.6042376703117043e-05,False,0
a4393857d3b97599c5b91ef4b4dfaac782da4b58,402,PAYMENT,4455.82,1.2821116797567813e-06,low,3.2052791993919527e-06,False,0
32235acb91a3117434d28463cd362294062a8ee0,304,CASH_OUT,99667.49,1.6661798872519286e-05,low,4.165449718129821e-05,False,0
82f7eaac6ff9c89c2dd975c9975299569dab4956,23,CASH_IN,14011.84,6.721922545693815e-05,low,0.00016804806364234537,False,0
793faf8ddb4366971881c73ab4a288814d54cdf3,215,CASH_IN,111623.32,3.76500393031165e-06,low,9.412509825779125e-06,False,0
b4df2082067ba9cab82cac4c011b9af3894d8c0e,230,PAYMENT,4796.78,4.077647099620663e-06,low,1.0194117749051657e-05,False,0
4cd978f5008023dcdbbc39a5e625b3932a86cfd2,378,CASH_OUT,63881.73,2.1313484467100352e-05,low,5.328371116775088e-05,False,0
010f913c72d31b3a14d095adb8c2b1d7abcf5cd0,120,PAYMENT,2646.02,1.3867064262740314e-05,low,3.4667660656850785e-05,False,0
e4a0a2ac0be6fbe354224fed771cf812ad4b9024,253,CASH_IN,384229.7,6.396921889972873e-07,low,1.5992304724932183e-06,False,0
74142719521cd05746fbb019da659aedfebf633d,41,CASH_OUT,208501.19,0.21623315796256065,low,0.015582894906401634,False,0
e9e5065b268af6c1d854be63768e11573d63d764,41,PAYMENT,3737.83,7.624837053299416e-07,low,1.906209263324854e-06,False,0
ced4d86a80bf80bde707f0da70cbb7821f431850,259,CASH_OUT,94372.8,0.00043941265903413296,low,0.0010985316475853324,False,0
38ea9f9d0df4f43a9622c1734db3a668445ea233,301,CASH_OUT,167139.12,0.21033661862835287,low,0.0008415465708822012,False,0
9e39e5199bce7351260c04f7020b37497b22e2de,684,CASH_IN,138439.08,7.152817488531583e-07,low,1.7882043721328955e-06,False,0
7b5c634c5aa70d6659ba689ccdd83140989784b8,322,CASH_OUT,185725.92,0.0002459510462358594,low,0.0006148776155896485,False,0
0f8a7d027b2c4b33a55813200b94b1cd4cc4dabc,349,CASH_OUT,358963.8,3.0356870411196725e-06,low,7.589217602799181e-06,False,0
f92d479d22f6d7a1cf00f73986d6865bbbe1065a,546,CASH_IN,293064.88,7.239951810333878e-06,low,1.8099879525834695e-05,False,0
1b41ecd6b1d69355233b0f19f3efba315c15b090,17,CASH_IN,183403.67,6.8455621658358725e-06,low,1.711390541458968e-05,False,0
38dbc2853fa531d76bf9765cf44653f0b4eadce2,235,PAYMENT,7211.44,9.90049375104718e-07,low,2.4751234377617948e-06,False,0
29f0f72097322253fd08887965b3ff5736e576e6,379,CASH_OUT,237788.52,0.21145296789705753,low,0.003632419742643833,False,0
a7588d80de4225cbdc2c1987226e7d867652d642,185,CASH_OUT,139970.88,0.00023322245106101037,low,0.0005830561276525259,False,0
6a7e1d91a0bd2ff9f63beed1ef48df2718ff50f8,141,CASH_IN,147149.16,3.117444575764239e-05,low,7.793611439410597e-05,False,0
c9e0e598b352729dd9bc6fd3fcdf4094adb9d56f,94,PAYMENT,4889.04,0.0003078619483858347,low,0.0007696548709645867,False,0
001d85de2ecb137ea52dba74405bb9b6d913d251,514,TRANSFER,347334.6,0.0900011497821106,low,2.8744552764692344e-06,False,0
f7a44923c240506f7d6af01b982193ff39d89999,307,CASH_IN,58769.57,2.547247640904971e-06,low,6.368119102262426e-06,False,0
59e362a4f14e260679e43d5bf6744357d4dc4f95,133,CASH_IN,248923.72,7.104411633918062e-06,low,1.7761029084795155e-05,False,0
f281f50e08ea9832d9d9e7aa79e67ca63653d81e,158,CASH_OUT,64820.65,0.00021252240985631944,low,0.0005313060246407986,False,0
b9386d537f0ae14139dc79e020704093265873e1,38,PAYMENT,12378.3,3.4703989513218403e-06,low,8.6759973783046e-06,False,0
1955fe83594556a2c1617ff3b24188811779d31a,252,PAYMENT,7768.36,9.369546751258896e-06,low,2.3423866878147237e-05,False,0
863cff75fe4ea8ae8868a2f3a88e01fb7a5e1729,133,CASH_IN,230426.58,6.185852544149385e-06,low,1.546463136037346e-05,False,0
106450b3bf858c2b0916eed4de783bc1e7b096a2,202,CASH_OUT,61364.91,0.00024892068468034266,low,0.0006223017117008567,False,0
3aba8e8983715e3837bb59d0051a8e3c629dc6ea,403,CASH_OUT,87159.99,0.00046532349660992627,low,0.0011633087415248156,False,0
90216134441f67690e46105734a1bd5fe3e96377,35,CASH_OUT,296042.47,0.21002853585756384,low,7.13396439095959e-05,False,0
dc2c89dc8c9b5fe3fda04135c3e090c6e67e9eae,226,CASH_IN,81590.52,3.8055281038396064e-06,low,9.513820259599015e-06,False,0
00f8320464c82b397b8b41f634db8bb9615d32a3,395,CASH_OUT,122745.96,5.277425516396761e-05,low,0.00013193563790991902,False,0
fa75ec38cc4a552555a0abcfe8ae0bf0504c4d19,347,CASH_IN,16934.07,8.586455805925653e-07,low,2.146613951481413e-06,False,0
64f407168c2fbcf802fb38679d510206283aaf0b,302,CASH_OUT,199562.81,6.518474547192455e-05,low,0.00016296186367981136,False,0
c4fcce2c6285b173cf5dac40ae4601f18af82b95,96,PAYMENT,21498.54,2.8191760065965354e-05,low,7.047940016491339e-05,False,0
a638183ed2a5a03d81ebcd6b7e527196ad84830b,181,CASH_OUT,374923.4,0.000609361892566085,low,0.0015234047314152122,False,0
4ef4eda058a74bb28c97490e764d9921ccabd041,349,PAYMENT,17981.53,1.2538409464468716e-06,low,3.1346023661171785e-06,False,0
1f405b61042e6c6333ba43cfb88981ee3af4caf7,48,CASH_OUT,5489302.0,0.6099294996261597,medium,0.9998237490653992,True,1
da588d580e1f84806d8c94c91026858f05c29ee8,278,CASH_OUT,11251.13,5.447413423098624e-05,low,0.0001361853355774656,False,0
b9d218dbf28e14104f1f824f933e22498d763fd6,191,PAYMENT,1782.26,5.2279887313488874e-06,low,1.3069971828372218e-05,False,0
48736a16c998c9b2277c601c4aee61dc4538f8fd,164,CASH_IN,186987.77,3.5132896300638097e-06,low,8.783224075159524e-06,False,0
1c5c90b577adaebb2a401d2481a8162810dd74b4,19,CASH_IN,67037.83,5.146348121343181e-06,low,1.2865870303357951e-05,False,0
d0acf16d4317243aebb07b497c65fb6d4fbef739,44,PAYMENT,1498.31,2.2286304738372567e-05,low,5.571576184593141e-05,False,0
ae128ad53c88795994b4007b82b9ec3eb55c309a,251,CASH_IN,234714.42,8.42160516185686e-06,low,2.105401290464215e-05,False,0
4c3756a33aafe945eadb674e66d1a4cacab76359,137,PAYMENT,37877.44,4.9317278899252416e-05,low,0.00012329319724813104,False,0
b4ff35e05d2c73f5770d9d4bc47e2030c1738a38,227,PAYMENT,18962.04,1.791982213035226e-05,low,4.479955532588065e-05,False,0
aaa169b7f94d8bfbea3a6fa4b11882f54a2326b1,133,CASH_OUT,311625.03,0.2100717606046237,low,0.00017940151155926287,False,0
aabcc749b7c1351bfa8ca84a3fe6bd0a40145a59,332,CASH_OUT,168717.84,0.0005546251311898232,low,0.0013865628279745579,False,0
237728a5409df9c9442f61819abf6dd5bce8ef62,301,PAYMENT,2193.97,4.389303285279311e-07,low,1.0973258213198278e-06,False,0
6cf056f3dd6de069fdb7bbc81051f3af76319244,373,CASH_OUT,99186.24,1.0656238737283275e-05,low,2.6640596843208186e-05,False,0
b1e790a2b66eb526d725f5c9191ce7994ad2706b,571,PAYMENT,9903.31,8.829228136164602e-07,low,2.2073070340411505e-06,False,0
0c846ad6a390b6c99338aaba7f6e39514b9cd4ec,531,CASH_IN,75865.85,1.680700370343402e-05,low,4.201750925858505e-05,False,0
2c7a2eaa4f80fec930e5a0ac42ba5954afcc6896,184,PAYMENT,2659.5,1.073789899237454e-05,low,2.684474748093635e-05,False,0
a9c3a5f0870c8abdf851335055ceefec47e7edb1,18,CASH_OUT,178942.2,0.00021423236466944218,low,0.0005355809116736054,False,0
2923a14b1d29290a94340e597a54bda443b04672,20,CASH_OUT,117230.46,0.0012033414095640182,low,0.0030083535239100456,False,0
f06119e9529ea1810b7c073298af4b6b32491b17,398,PAYMENT,6754.03,3.827496766461991e-06,low,9.568741916154977e-06,False,0
90acb9f989f158341361dbaabbcb2cb5e77fba4c,181,PAYMENT,9454.51,1.0193422349402681e-05,low,2.5483555873506702e-05,False,0
181dab14f62d78ce59e5f23bda5bb7d6f4e80ea9,384,CASH_OUT,221483.48,0.0006344869732856751,low,0.0015862174332141876,False,0
4bdb4f0cd0c393bcdb3ca71a47ab12c8b1a3e3da,330,CASH_OUT,168285.58,8.709122630534693e-06,low,2.1772806576336734e-05,False,0
c76c08f2b134c7fddb20ef1fcfb104f4fe2b8ccc,540,PAYMENT,19136.65,4.781007373821922e-06,low,1.1952518434554804e-05,False,0
cb4c90a453141a6b67075e69a948139e72df26d4,354,CASH_IN,239175.34,8.941703708842398e-06,low,2.2354259272105992e-05,False,0
bebbb0671ee6e525847013083b8244a3759e5f15,348,PAYMENT,491.05,0.00013184748822823167,low,0.00032961872057057917,False,0
be49e9c39b2c0878eca457e79d6d67c7b0c200f7,186,CASH_IN,101109.6,3.3804357371991504e-06,low,8.451089342997875e-06,False,0
e747d5aa437a43d6e254e9c9f4d4f972aa4fa81f,379,CASH_OUT,144303.95,0.00038616289384663105,low,0.0009654072346165776,False,0
1ffad9bb6401de08efe0644070d551b2280a46f5,397,PAYMENT,56087.61,0.0001738028135150671,low,0.00043450703378766775,False,0
c0bee2dacb1b1da7edc55c3514fc60f205cce09b,41,PAYMENT,1454.12,1.181023835670203e-05,low,2.9525595891755074e-05,False,0
05630bb3cbced2e51d5c4ae2fee2eb25f4b9aebf,133,PAYMENT,1496.17,1.653747858654242e-06,low,4.134369646635605e-06,False,0
5394cefe9a2707d5c9f4e11c4a404095a3eae397,236,PAYMENT,2250.39,1.1720369002432564e-06,low,2.9300922506081406e-06,False,0
1b451d16af4b189754189d0bf4d424334fb8af55,328,PAYMENT,59096.49,1.062370793079026e-05,low,2.655926982697565e-05,False,0
1b77b33b4896d6209c1077129755e67116f48ac9,132,PAYMENT,29879.51,3.981628469773568e-06,low,9.95407117443392e-06,False,0
0d150886648b5ae553a887436ea738b61715dea4,137,CASH_OUT,272230.34,0.21006768841994924,low,0.00016922104987315834,False,0
3c31ae9c5538cefa0e9d0dd0d7ad04aa02bbffe9,160,CASH_OUT,111728.45,1.0435005970066414e-05,low,2.6087514925166033e-05,False,0
bfaaceb66e717155587294e40904b05d6d59e96c,406,PAYMENT,4011.56,9.03172476682812e-06,low,2.25793119170703e-05,False,0
8f0e07e201b05b32e2efdf9c218029e3f310ba93,157,CASH_IN,185904.47,1.2970342140761206e-06,low,3.242585535190301e-06,False,0
ccef186943e4e5fb2513c9fcc323bdb10edf3aa4,255,CASH_OUT,311023.75,0.0001465652487240732,low,0.00036641312181018293,False,0
524b81dacef38ef1a18fb0add5d3430b7fb5106b,279,CASH_OUT,80419.55,0.0006006390321999788,low,0.001501597580499947,False,0
110e534599675de5881b329af8ce7b0e1580cebe,254,CASH_OUT,133768.77,6.4686755649745464e-06,low,1.6171688912436366e-05,False,0
4951cbaf4cbfc916fffc454e4e9c1123cf336a4b,307,CASH_OUT,106549.35,0.0004250116180628538,low,0.0010625290451571345,False,0
24a1479fe24ad4e66121f1af4fb3873f2734f6fc,44,PAYMENT,4062.96,1.5291550880647265e-06,low,3.822887720161816e-06,False,0
bbe2339fb6afb6e5e5fe8de7a79893c624819016,157,PAYMENT,1116.21,8.204059668059927e-07,low,2.0510149170149816e-06,False,0
fb8d864c78ac2312924f399245901e7b5509eba4,16,CASH_OUT,199828.17,0.00042630839161574843,low,0.001065770979039371,False,0
646fbdbb9c90ac76e5191a179040ef47d04840d6,356,CASH_OUT,337261.78,0.0005211696494370699,low,0.0013029241235926747,False,0
538a7a24844ee6e54b40ff9e36430875e64a7657,188,CASH_OUT,80884.74,6.026867195032537e-05,low,0.00015067167987581342,False,0
7e0b911f9639bd3d2cde4bec169d9248cb9ce230,715,PAYMENT,21691.31,9.862509614322335e-06,low,2.4656274035805836e-05,False,0
eb41b848aac07b0b2c2f9959a79cde03243b441a,210,PAYMENT,29901.17,6.461900193244219e-05,low,0.00016154750483110547,False,0
ab68e4ebb6bcb90b47a1e0eb70d071b59bae67b2,17,CASH_IN,316294.44,9.608723921701313e-05,low,0.0002402180980425328,False,0
40cdacb6fb5324dfdf5e77bb463426a452eb97f8,307,PAYMENT,17154.04,1.9178517686668786e-05,low,4.794629421667196e-05,False,0
7ea24f0e6ab4b980fb6deb8ee74c4df5d067d862,355,CASH_IN,142358.3,3.3742451341822745e-05,low,8.435612835455686e-05,False,0
e8c0d19258633f8979fa0d66a460460d0b4eb3a5,229,CASH_IN,5193.42,5.84938015890657e-07,low,1.4623450397266424e-06,False,0
c720ddbb0745518aa567923fc1f057687150ab5f,16,TRANSFER,81882.1,0.00018989825621247293,low,0.0004747456405311823,False,0
21edffa1214fa959cddbff43ac0e2f268e49a145,23,CASH_OUT,34248.53,0.0009133971296250821,low,0.002283492824062705,False,0
4b8a8ac6864d0233ef7c5454b8370b4a8d846f7f,353,CASH_IN,131308.77,6.372715142788366e-06,low,1.5931787856970914e-05,False,0
a60c9b7cd88f72fb184451949c7f1c0abaa45152,322,PAYMENT,61415.35,7.93022569268942e-05,low,0.00019825564231723547,False,0
eb3161efee65b680d516d8304faf28805445843e,328,CASH_OUT,166517.61,5.820271326228976e-06,low,1.455067831557244e-05,False,0
0bdb062097e5850c508d7cb8f691b21fafb08c5f,394,PAYMENT,13314.92,1.136222781497054e-05,low,2.8405569537426345e-05,False,0
6dac3cae40a2c36c2fade3614c186908f7bf775a,394,CASH_OUT,142063.4,4.071662988280877e-06,low,1.0179157470702194e-05,False,0
fbcc65bd73213ddb7ed33c158ef94d984c5aec24,400,CASH_OUT,207213.22,2.6651285588741305e-05,low,6.662821397185326e-05,False,0
ea246937a8dc051e580e52b2cc91954383e04d0b,135,CASH_OUT,116657.87,7.549512520199642e-06,low,1.8873781300499104e-05,False,0
0cbff6364baf7103f914f05f8c7c431518a7c176,129,PAYMENT,2045.81,3.284478443674743e-05,low,8.211196109186858e-05,False,0
1fd9ab2f28797e89d3e625b0976ab4f5e15fa8fb,153,PAYMENT,28913.12,1.1056129005737603e-05,low,2.7640322514344007e-05,False,0
50173c5879a4db3863ef217fe346cb2a585b3d9d,43,PAYMENT,6520.27,9.540145401842893e-06,low,2.385036350460723e-05,False,0
1a1f0947989668bb51a574bad236cf8459a9fe04,380,CASH_OUT,59192.47,5.400730296969414e-05,low,0.00013501825742423534,False,0
9fbe67dbd4b4629b2fbcecf18017f65d01e73151,490,CASH_OUT,177325.06,0.00036452899221330883,low,0.000911322480533272,False,0
a060a088fe7b8be1c7e4284fbfce6e5875f336aa,326,CASH_IN,71917.11,1.6981914086500184e-06,low,4.245478521625046e-06,False,0
4b90877a1a9718e00e5ccf4d052715b43a227d51,299,PAYMENT,9421.12,7.61914998292923e-06,low,1.9047874957323074e-05,False,0
0ac94d3760afe4dc0ce888b593506d59c1eea08d,587,PAYMENT,12861.12,1.1688277481880506e-06,low,2.922069370470126e-06,False,0
11d50e8ed2babdaf11203c0403c4713b638284c8,14,CASH_IN,69846.51,1.969054210348986e-06,low,4.922635525872465e-06,False,0
945e059c492757de1e52307361b1509c1cfd9f27,10,PAYMENT,3150.93,2.242518348793965e-06,low,5.606295871984912e-06,False,0
4a5034478b2640d26b1ab957e205c6aa84d4ef36,40,PAYMENT,11610.56,9.250751463696361e-06,low,2.31268786592409e-05,False,0
cca148964efa4a0e44bca060c66b578333fbfb7d,403,CASH_IN,78034.62,2.043485255853739e-06,low,5.108713139634347e-06,False,0
fb372dbbc15e334388dc57e2aaab10ef4e22da2f,228,CASH_IN,151426.84,4.116013224120252e-06,low,1.029003306030063e-05,False,0
8983d6639c548e17a7fddd9242c824ad5f9a3ef5,594,PAYMENT,4341.17,1.3123782082402614e-06,low,3.2809455206006533e-06,False,0
994de6dfab2c0e2ee43913b5f78152f43ee0d8cb,182,CASH_OUT,4394.71,3.487143549136818e-05,low,8.717858872842044e-05,False,0
6dc28302425b307cba436c140970d4a566b030a9,327,CASH_IN,110272.78,3.952848055632785e-06,low,9.882120139081962e-06,False,0
850943e8fd0224381f4a8edc181bd259f5bd6b13,478,PAYMENT,2236.9,4.406514635775239e-05,low,0.00011016286589438096,False,0
2f6160983800f9e3f443ae98e972954c95e6cf21,164,TRANSFER,218649.14,0.0901573095447384,low,0.00039327386184595525,False,0
99313371aa7badf8bb16de30fcff250bf38c4e38,335,PAYMENT,29233.83,7.34374683815986e-05,low,0.00018359367095399648,False,0
6cc9304c193a85f20ec64a97850ea7f08a1fa8d7,138,CASH_OUT,217123.36,6.417057011276484e-06,low,1.604264252819121e-05,False,0
19dce2686b02053bd25b58749fa66f8e31c9e41c,379,CASH_OUT,111901.73,2.63205700321123e-05,low,6.580142508028075e-05,False,0
55bee5c17353620ef0b1c99dcc730ba021a4773a,346,PAYMENT,15788.03,7.291642396012322e-06,low,1.8229105990030803e-05,False,0
638cbe4aea91e38e6cfcdf1939764d9f8e8c352d,15,PAYMENT,2226.44,3.084194759139791e-06,low,7.710486897849478e-06,False,0
031aa229d57551127531f24a9890417ac54250e9,145,PAYMENT,6699.1,1.8485072359908374e-06,low,4.621268089977093e-06,False,0
a67e4b6981ef60bc22f0e33860cff0f9c7bf1d9e,192,PAYMENT,6319.03,1.2718583457171917e-05,low,3.179645864292979e-05,False,0
2504bf1c208bc3363d19bf83c11973fddb809c3e,379,TRANSFER,351618.62,0.09000092070467873,low,2.301761696799076e-06,False,0
fbf6251852192f3322182108fe1aa1031f6c3420,188,PAYMENT,569.05,3.700393108374556e-07,low,9.250982770936389e-07,False,0
1a35c298a8ba4cf7cc6f65f41513de062f38845c,17,TRANSFER,213077.48,0.37658898210525515,medium,0.2702224552631378,True,0
0bd273de3406368d6669673bd47dc5e6c0b94307,426,PAYMENT,21886.23,1.148075534729287e-05,low,2.8701888368232176e-05,False,0
a294d485c56f3a44d2b778c9c3a9c6d6fff2a14b,201,CASH_OUT,127651.57,0.00021147781517356635,low,0.0005286945379339159,False,0
ebd4ea8a62501b16f12a905e24fd7fdc059f5816,204,PAYMENT,6422.29,8.40524589875713e-06,low,2.1013114746892825e-05,False,0
472329a6207dc8e4c4115a3fdb9f56d2d39b2b24,324,TRANSFER,888562.0,0.09028967512771488,low,0.0007241878192871809,False,0
46a1c173f9e496d9400d748456bc375f088e4e74,228,CASH_OUT,46501.78,0.003956043347716332,low,0.009890108369290829,False,0
b05ed0aca67e321f1b3710dffa4a0c8835a6d70f,134,CASH_OUT,122097.38,0.0006969443056732416,low,0.001742360764183104,False,0
e75eeb880b55dcaafec2666cf3016f53420193de,301,PAYMENT,14340.92,1.4423667744267732e-05,low,3.605916936066933e-05,False,0
06d26a5b7a31da8cedbbdaaae3bf2534a1a6e502,307,CASH_OUT,158471.44,0.22072461903095245,low,0.026811547577381134,False,0
568ff5b9d4ffe23ecfdc29da70893cd11d4c813d,16,TRANSFER,278841.12,0.09000122041647048,low,3.051041176149738e-06,False,0
129fbfa1593ad68c397c548a72eafd6004a596bd,250,CASH_OUT,173060.1,0.00036042274441570047,low,0.0009010568610392511,False,0
a71ce7b07849e98043b7856c1784511cbdc9108e,162,CASH_OUT,247523.05,0.00012172979768365622,low,0.00030432449420914054,False,0
aaca18c746ba2ca3d546327ff8c88290052e4bc7,17,CASH_IN,261882.28,7.66597004258074e-06,low,1.9164925106451847e-05,False,0
d0ed26b457144b16949ad857e856c79dc7d93b90,259,PAYMENT,19565.3,1.897325273603201e-06,low,4.743313184008002e-06,False,0
36bf8b83e778de0d37f2a13766d43adf1653f25a,140,TRANSFER,294190.03,0.09000407823827118,low,1.0195595677942038e-05,False,0
144997d5371a748ba2b044409dbd2ea32a4a3cea,478,PAYMENT,2913.19,4.279087588656694e-05,low,0.00010697718971641734,False,0
3f10f707cc6d03b8330a8427d43e9681acbaf521,165,CASH_IN,180816.25,4.2787447455339134e-05,low,0.00010696861863834783,False,0
58f68497fc44768909cec277e983290114fbb2c0,42,CASH_IN,74840.53,1.752114258124493e-06,low,4.380285645311233e-06,False,0
35891234c03cd2673c7635286018c9e1d173f7ae,137,CASH_IN,133834.47,3.1820753065403553e-06,low,7.955188266350888e-06,False,0
cc0c09f706548f88b1bc4c5d3ba0da42b67fc58d,190,CASH_OUT,334394.53,4.147962026763708e-05,low,0.00010369905066909268,False,0
9f04840cb918a3c3e28879826743c8f00fcc0f89,15,CASH_OUT,280518.34,0.00017232908867299558,low,0.0004308227216824889,False,0
89b94da8f084a8bb25c6eb09493ad724c20d76c2,157,CASH_OUT,114568.27,0.001412610337138176,low,0.00353152584284544,False,0
053ce70b5932635983db3638f86d6b2cc0b2da3d,324,PAYMENT,8648.88,9.369546751258896e-06,low,2.3423866878147237e-05,False,0
09230386acdf242f27d889a52be93b257fe1635d,10,PAYMENT,13964.63,1.136222781497054e-05,low,2.8405569537426345e-05,False,0
bb315e986f72f6a47e83cf261604787c7b638c0c,37,CASH_OUT,272115.78,0.21007954103057272,low,0.0001988525764318183,False,0
835ce75f6c8973591426a94d55034c3eec361f77,206,PAYMENT,1836.98,1.1716389417415485e-05,low,2.9290973543538712e-05,False,0
c56afbc875273ca662c08b399f0f1fd1cf3faa52,44,CASH_OUT,262111.8,2.4772078177193182e-06,low,6.193019544298295e-06,False,0
fb44bdb06ea22a1e5055f60a9f89e22744ecf21a,350,CASH_OUT,96054.91,0.0013051888905465604,low,0.0032629722263664007,False,0
8d50a8e56e0c4f488b9dc59573f5242e2dc6f7d2,346,CASH_IN,383485.34,5.309303742251359e-06,low,1.3273259355628397e-05,False,0
7ab542092a15063940f6f4d2d4245cde0416921f,379,CASH_IN,10619.89,8.23140362626873e-07,low,2.0578509065671824e-06,False,0
7f932f4c23eabd59130b7e5ad83f9adc56d328dc,356,CASH_OUT,323276.03,0.2100764762808103,low,0.0001911907020257786,False,0
c32905a0bb03c37c3c3b64a3ff7b1dcc300b16e8,163,CASH_OUT,128560.17,4.274614911992103e-06,low,1.0686537279980257e-05,False,0
202132e6fbf768cab5757abda248d8890d3658d8,36,PAYMENT,7339.07,1.031895590131171e-06,low,2.5797389753279276e-06,False,0
156f2373df8b6f5acba29c2cc2413b2bb288ea5d,334,CASH_IN,148573.3,3.576106973923743e-06,low,8.940267434809357e-06,False,0
ae8e2f967e39dffba260bfc79f83550d863a50d7,44,PAYMENT,3574.89,1.3916815078118816e-06,low,3.479203769529704e-06,False,0
7197a49c55b5ccaea2e80d7f0c49b8e18c3d7de4,347,PAYMENT,7406.12,9.194830636261032e-06,low,2.2987076590652578e-05,False,0
b18e9cd11e8aab0156586a4a7f58842586fe3fca,329,CASH_OUT,199077.73,0.000478377053514123,low,0.0011959426337853074,False,0
7545e171639a23188c5e3e19cf7f73fafbdd5857,45,PAYMENT,1241.54,5.199046572670341e-05,low,0.0001299761643167585,False,0
4fbf15177d45f904f13e9844ab7b604cd755d9a8,191,CASH_OUT,70789.71,0.0016554862260818482,low,0.00413871556520462,False,0
db9a35b1709e7b251617b009a226fca1b0c453a3,163,CASH_OUT,499543.38,0.0005935330875217915,low,0.0014838327188044786,False,0
0c2dd05f122dafc645d0e2f1200312c97f0809f6,12,PAYMENT,17658.01,4.0251172322314234e-06,low,1.0062793080578558e-05,False,0
d73da790739b8eecec0e76c61f199949a79e13ea,254,PAYMENT,21789.18,3.0372071705642157e-06,low,7.593017926410539e-06,False,0
614c0262608c24485f26e3ff1de8f61ee0110e91,187,TRANSFER,403770.34,0.09004703433369288,low,0.00011758583423215896,False,0
1ed79c76dcfbd31498abddfcd0037d4a8bd63edd,383,PAYMENT,294.24,8.142959268298e-06,low,2.0357398170745e-05,False,0
b177f8f5529fc1da4611c86c3a77e2cd2b0c51d0,589,TRANSFER,731783.7,0.09059197265654803,low,0.001479931641370058,False,0
1c06fe9b92a70069953f079e3f287712c7368a0a,141,CASH_IN,237182.52,2.313961340405513e-06,low,5.7849033510137815e-06,False,0
5820bbd3eeaaa44cc530932a7f218bf48163119a,11,CASH_OUT,208053.55,2.7772666726377793e-06,low,6.943166681594448e-06,False,0
14f40b21160032f917547aab0d5e4bf42afc76e7,378,CASH_IN,231477.6,1.3066394603811205e-05,low,3.266598650952801e-05,False,0
ece9454533c0dd251c506593daa1666343ff1278,352,CASH_OUT,135825.45,0.00024084269534796476,low,0.0006021067383699119,False,0
c2de35bcfe9ab831d36bc1c6d409f357fe468a33,333,CASH_IN,217273.81,1.2458537639759017e-06,low,3.114634409939754e-06,False,0
6ea8f16274c3decf26ddc42bc6c8c1ce24d04efb,380,PAYMENT,15780.88,3.693955659400672e-05,low,9.234889148501679e-05,False,0
87a97464cbd9585eae11ca029c0379135f2549cf,209,CASH_OUT,122873.02,0.0004363473504781723,low,0.0010908683761954308,False,0
bd724b27500cf34f4a2e7d8c418c97a80dbba2dc,251,TRANSFER,153978.98,0.09006388023030014,low,0.00015970057575032115,False,0
0aaf0f3ed4cc9a490a82c6fe6221c883b184ae6a,307,CASH_IN,173941.67,9.704831609269605e-06,low,2.426207902317401e-05,False,0
04127d4939832ad8c3cf95b87d1f5ea4130df033,254,TRANSFER,448734.03,0.09027203643694522,low,0.0006800910923629999,False,0
cf49d55266342f0b185e5003d42271ad002a0a0f,40,CASH_OUT,169499.61,4.641914347303101e-06,low,1.160478586825775e-05,False,0
2a16e84c2e23676b613da0d25883f206b3cb6304,226,CASH_IN,160440.48,6.476020644186065e-06,low,1.619005161046516e-05,False,0
06d354e2a2bc425e997e7384538fb7b1e015e113,160,PAYMENT,8585.69,1.0172573092859239e-05,low,2.5431432732148096e-05,False,0
abea6c4f4e48a3bffa9a46bec59db7c3aabf8807,15,CASH_IN,48874.92,9.266830602427945e-06,low,2.316707650606986e-05,False,0
8b63540d25344fb058fecda0abe1caee86a96729,380,PAYMENT,12759.3,1.084716132027097e-05,low,2.7117903300677426e-05,False,0
a562cbafb7b22271b4baa7837d09c2a17e35f763,35,CASH_OUT,205361.47,8.852108294377103e-06,low,2.213027073594276e-05,False,0
4558282c9ac06b46020653d44a567415df53e798,403,CASH_IN,230989.7,2.135840913979337e-05,low,5.3396022849483415e-05,False,0
42691e8a4a116387198625a6c17ee7d78f436749,164,CASH_IN,59245.82,4.885276939603501e-06,low,1.221319234900875e-05,False,0
aaca7b60b00a5998e9b507bb6573d6cd0de782cb,213,CASH_OUT,147377.17,0.21087706446647644,low,0.002192661166191101,False,0
1883b20b7ae87b1490dea3bd3923f1ad69b39c1a,164,PAYMENT,3294.38,1.0390103852842003e-05,low,2.5975259632105008e-05,False,0
ef89bb283fc9c0685e9379ab53ba0f4671aeba5b,298,CASH_IN,60935.67,7.773682591505349e-06,low,1.9434206478763372e-05,False,0
31f93df28c6fe16eae7b4faddf592e4071b511bb,514,CASH_IN,376158.12,1.4877017747494393e-06,low,3.719254436873598e-06,False,0
78acd950fc007ba3bf37c9813bca17c3b1985a67,185,CASH_IN,75697.34,3.964581628679298e-06,low,9.911454071698245e-06,False,0
894f5f7a684342504abff06bfff165d59ad03ffb,187,PAYMENT,13249.62,1.963196700671688e-06,low,4.907991751679219e-06,False,0
d39136be0031e0c3bd2251264ab15750e63dcf23,35,CASH_OUT,512809.47,0.00047405958175659183,low,0.0011851489543914795,False,0
2f0dedb1d279146fcd034afa0097bb3a666443c2,132,PAYMENT,212.96,1.7701907199807466e-05,low,4.425476799951866e-05,False,0
c0fc33f6bed6bd9a4f391e27f623d68747b91a35,307,CASH_OUT,166127.98,0.0001220995211042464,low,0.00030524880276061594,False,0
e1e725e9edb8d96ba930ca39bd25bd19ae84afc3,16,TRANSFER,186053.33,0.09004918460617774,low,0.00012296151544433087,False,0
bebc93c97da54549a40e65977281da403de602ea,361,CASH_IN,97334.63,5.66421622352209e-06,low,1.4160540558805224e-05,False,0
e31f2a00d33eb5d437713c45e93a5a21f194abc7,691,CASH_OUT,143437.45,4.210238694213331e-06,low,1.0525596735533327e-05,False,0
da961cf1147620ac34ab4a8caa9482641a0fa5e3,229,PAYMENT,29850.93,7.9897596151568e-06,low,1.9974399037892e-05,False,0
f3d4270509cb8198ac19922d47bd9bdebefded57,40,PAYMENT,3705.32,1.3440434122458102e-05,low,3.360108530614525e-05,False,0
3b104de51833313ad8ad042ab3c1f40e2be9ba6f,325,PAYMENT,24797.42,3.920505332644098e-06,low,9.801263331610244e-06,False,0
78f5d53bcc0cdc24fb7977ecc96c1defe9d1233b,184,PAYMENT,5778.25,1.4042701513972135e-05,low,3.5106753784930333e-05,False,0
8fac1b0321f1a36d8186b65e32f6989462b7e0a9,161,CASH_OUT,141178.2,0.0002563072368502617,low,0.0006407680921256542,False,0
4ed8a4aa689e0ece1df6c33a870da3137bd11d0f,262,CASH_IN,85838.44,5.654749111272395e-06,low,1.4136872778180987e-05,False,0
2a39a976b2d57d2f82cecf5bef6b5e18e0a60094,8,CASH_IN,128180.6,2.4233038857346403e-06,low,6.0582597143366e-06,False,0
25a1f5764d119e0b5f32c212174235c430e867ca,474,PAYMENT,4509.17,1.3953355664853007e-05,low,3.4883389162132517e-05,False,0
1016cb955366e8899367f713bb756276459cc962,264,PAYMENT,3127.77,1.384200277243508e-06,low,3.46050069310877e-06,False,0
a63d3d24fe743068c395d8cc13569e95fbab966a,402,CASH_OUT,220695.19,7.756317791063338e-06,low,1.9390794477658346e-05,False,0
7792d2e4f0c3cf1afb0e5f3d3422f58d5ab83521,382,PAYMENT,6996.21,1.1156799700984267e-06,low,2.7891999252460664e-06,False,0
fcff67ad7832f09f5ee839ddb51a51797985e925,544,CASH_IN,2214.07,5.421201421995647e-07,low,1.3553003554989118e-06,False,0
896883ad26db6c14625426b78bdd64789c7df082,398,PAYMENT,34644.27,6.91852328600362e-06,low,1.729630821500905e-05,False,0
a2eca55f8b89dd51eae574099b9a6d4be9966404,187,CASH_OUT,116449.06,1.2712895113509148e-05,low,3.178223778377287e-05,False,0
640a713dfad119e8566da94b90a4b07f4214d293,10,CASH_OUT,36428.58,0.0006652377080172301,low,0.001663094270043075,False,0
d0d4a32e3ee974bfa2ec25172c11c68e64b4e986,226,TRANSFER,1049809.8,0.09000078221610239,low,1.9555402559490176e-06,False,0
a6f07965d2828f0e057c13750493970f47bfa520,156,CASH_IN,157460.5,3.930312959710136e-06,low,9.82578239927534e-06,False,0
b95ec36f1545a6f8f096482ab27822d97c6efaaf,131,PAYMENT,10807.42,8.205257472582162e-07,low,2.0513143681455404e-06,False,0
a94e31ab0958c5b226374acac3d2ec7e12591659,380,CASH_IN,193799.7,1.9401503959670666e-05,low,4.850375989917666e-05,False,0
882c512c259efd95b48cce8fca9579bd7d4a83d9,259,PAYMENT,236.6,2.362696068303194e-06,low,5.906740170757985e-06,False,0
8cadf3fbc1f943829a4e948485dc7b21e23aae91,36,TRANSFER,523789.94,0.09000069993539002,low,1.7498384750069818e-06,False,0
f1dc047c99b036127dc4f05add19f1d09e2bb19b,135,TRANSFER,839642.5,0.28721451288461686,low,0.04678628221154213,True,0
b16e19cfbccb48329047e492e3ea3f4b3c7d9498,333,TRANSFER,412687.06,0.09000893877950149,low,2.234694875369314e-05,False,0
56daac36d57ca4b18cb3748018a88490a04e3d54,284,PAYMENT,17376.05,4.028890398330987e-05,low,0.00010072225995827466,False,0
5c9004bc907eceb4b8c0429a274ba737aa0e823b,34,PAYMENT,26100.85,5.980477726552636e-06,low,1.4951194316381589e-05,False,0
fa16ea91b760d35c1e2d7ad2962090d9d471fab8,314,PAYMENT,1986.13,1.1757253378164024e-05,low,2.9393133445410058e-05,False,0
79744280ff78fea40f321b4a388e5e60600cbfe6,275,PAYMENT,9871.39,1.01393525255844e-05,low,2.5348381313961e-05,False,0
8629238d9d0bc11d9bb5fbb2da6b2a807ba4c8c0,201,TRANSFER,269506.44,0.09005291867419148,low,0.00013229668547865003,False,0
3d1bb84f4a252f2f22674673fbef718899b407b5,263,CASH_OUT,356377.16,0.0007935496047139168,low,0.001983874011784792,False,0
f52c047f3677a90b88f0df39eb14b248eca64a44,402,PAYMENT,8495.09,1.3771033081866336e-06,low,3.4427582704665838e-06,False,0
29d3bde60befbb941f903eaba40c35c61806c5c2,19,CASH_IN,257042.38,4.635272034647642e-07,low,1.1588180086619104e-06,False,0
b5eeedfa627eabab71b61a0e6fc58e16dfce5771,309,CASH_IN,43764.74,2.5764085876289757e-06,low,6.441021469072439e-06,False,0
6f8960b484cc9d48652de184d70032cb85980d6c,154,PAYMENT,7965.6,4.338010330684483e-06,low,1.0845025826711208e-05,False,0
d5fa22fa77b34abe9353a8727d14e456627ad698,234,CASH_OUT,293281.75,2.190395389334299e-06,low,5.475988473335747e-06,False,0
2335f039c102d614f62fe82e40e753417471cac1,211,CASH_OUT,99812.3,0.00040335971862077714,low,0.0010083992965519428,False,0
23edbeafbfec2df296f9f94add7e755d58e98a12,190,TRANSFER,57332.08,0.0001644283416680992,low,0.0004110708541702479,False,0
7458942a4eb0e55b49d1bad3e26df12198978139,401,CASH_OUT,64492.35,0.0030468355864286425,low,0.007617088966071606,False,0
244334d053440f6df97b56d784d3f8f6f296d8f7,379,PAYMENT,14060.64,1.3915749150328338e-05,low,3.4789372875820845e-05,False,0
e138d03d55b82cac740b729482d3765a1f23b5d2,322,CASH_OUT,119968.08,0.000693225720897317,low,0.0017330643022432923,False,0
443740ff2edae70d8cda6a4b3a4491cd3d78afca,336,CASH_IN,435760.56,1.6399378364440053e-05,low,4.0998445911100134e-05,False,0
395f3c2e8502742a70dd7e8f4f96971e03f1b80c,163,PAYMENT,5838.64,1.4340225607156754e-05,low,3.5850564017891884e-05,False,0
ef9915010c18bc58f865347fb5356387afd03da3,227,CASH_IN,18999.97,2.688938366190996e-06,low,6.72234591547749e-06,False,0
d6c6aa882d28f8990ec8daad00c767b761dcd282,379,CASH_IN,216378.4,5.353103915695101e-07,low,1.3382759789237753e-06,False,0
a9d2f9b2771e2ae9e29ebf120bf6c725c0bc765c,227,PAYMENT,45166.9,4.232000719639473e-06,low,1.0580001799098682e-05,False,0
8d6093cd88265b38120d5f9facfd937dcb9266ae,182,PAYMENT,10254.93,3.5166918678442017e-06,low,8.791729669610504e-06,False,0
ffabb7bbdc33f66579552646fd299883eab32933,331,CASH_IN,109641.62,1.0941308573819697e-05,low,2.7353271434549242e-05,False,0
9e2a5bb792c396779ed33ce9a024835bb133ee40,326,CASH_OUT,102834.81,2.5824541808106005e-05,low,6.456135452026501e-05,False,0
bf87d2dcfef94e4842169cf9d02b3dc049231b86,209,CASH_OUT,1005512.06,0.001392000447958708,low,0.0034800011198967695,False,0
ff287d4269de18e73e1339ebba0d9abc1e582115,182,PAYMENT,12460.01,1.367699878755957e-05,low,3.419249696889892e-05,False,0
409090809d33deb643bbff5af82f182515e2e658,404,PAYMENT,4143.22,2.2866552171763033e-05,low,5.716638042940758e-05,False,0
30946c0b339c5fc909e26dba1293fc3c809b9364,684,CASH_IN,5041.89,5.12345786773949e-07,low,1.2808644669348723e-06,False,0
fac50c5c05aeb10ee3ac543cb107a2bc7f4209f2,400,CASH_OUT,284817.12,0.000382827315479517,low,0.0009570682886987925,False,0
a6613c380189d56d41c46e62404846be5d6daca2,11,CASH_OUT,44678.53,0.00013910027919337154,low,0.00034775069798342884,False,0
2201cacea5700b5299fc410e20ff7c4b4c86832f,16,CASH_IN,88543.87,3.947717050323263e-06,low,9.869292625808157e-06,False,0
0da3c8c225bb3579df0635a396060e87e213c97d,206,PAYMENT,1482.62,1.2097175203962252e-05,low,3.024293800990563e-05,False,0
c3b5174514f65a14c836cc467c8d80557911b1db,12,CASH_OUT,30846.39,0.000609495071694255,low,0.0015237376792356372,False,0
416e483022e8250f2554b99c55eaf235b4c33484,234,CASH_OUT,177926.12,6.119345198385418e-06,low,1.5298362995963544e-05,False,0
f01a7f5140ba52834beac2922499c16a4decc319,15,CASH_OUT,43772.75,0.004190318658947945,low,0.010475796647369862,False,0
2f987ec0004989cad8affdc1ba64f705993bab77,380,CASH_OUT,121639.88,0.0007765248883515596,low,0.001941312220878899,False,0
4136bd25a3e26dcaf34224fcab5054c15f6d723c,251,CASH_OUT,389753.84,0.00014882022514939308,low,0.0003720505628734827,False,0
ec5fcd84e31c2844f73c3bd7b35321f7a07c44d6,164,CASH_IN,241276.69,4.1376247281732505e-07,low,1.0344061820433126e-06,False,0
1e3fe3b9b3b46c3961b81f64713b86aa3298e008,571,CASH_OUT,408689.03,0.00028275414370000363,low,0.0007068853592500091,False,0
b57c724a0688e630aa098154be5e7536708b8a0c,156,CASH_IN,519628.8,1.5671505025238732e-06,low,3.9178762563096825e-06,False,0
f58e7298eadea7be7b7c7957a4543e0751224d7b,40,CASH_IN,420732.25,1.9458209862932565e-06,low,4.864552465733141e-06,False,0
953a47999e8f185e041a7bf9d33fb741b350c31d,356,CASH_OUT,306662.22,0.21022274763323365,low,0.000556869083084166,False,0
da6bd93b62a4fe461c6ac20e4926bf40c1d8cae2,381,PAYMENT,6844.54,1.3196025975048542e-05,low,3.2990064937621355e-05,False,0
b1ed9b82ce7ae4589d1eaee05b1f84b23ae49134,136,CASH_IN,370368.2,1.8518419892643579e-06,low,4.629604973160895e-06,False,0
afdd7acb1fa30acfec6d711b8a008df11230a7ca,188,CASH_IN,183762.78,1.2008097837679089e-05,low,3.002024459419772e-05,False,0
7a49fe81e137580f867c508224f711a619c9ef96,328,DEBIT,2789.98,2.9572655330412092e-05,low,7.393163832603022e-05,False,0
8d5dac80be910c5d20d13d648514cc31cb1c42e8,182,CASH_IN,42676.22,2.304907138750423e-06,low,5.762267846876057e-06,False,0
fc6b44df4ab869bb978f30456debeb2c65de426a,6,PAYMENT,3724.19,3.0290904760477135e-06,low,7.572726190119283e-06,False,0
e9c5426b97d4e26ff777bf447790e14a27041c25,301,PAYMENT,21291.52,2.3160561977420005e-05,low,5.7901404943550006e-05,False,0
df8e756f7e1a41dbafeb0053cfc34dd928a477da,283,TRANSFER,564159.4,0.09010894772130996,low,0.0002723693032748997,False,0
7c92162515b34b53b9d77d0d257ebaaf7fcc0242,154,CASH_OUT,107742.04,0.00044505037367343904,low,0.0011126259341835976,False,0
90547a843005449d1b1e42c8cc93d1b981dfcf5e,155,CASH_OUT,311089.9,0.006480677425861359,low,0.016201693564653397,False,0
b4d51bf5e8adfa7fb31dcca1c908cb7d2973817e,15,PAYMENT,14870.48,5.281226185616106e-06,low,1.3203065464040264e-05,False,0
152c7558fd04c73eef10a2a9fc85eabe39731277,162,CASH_IN,100718.62,2.7064381356467495e-06,low,6.766095339116873e-06,False,0
7c5e75b9c9127e31e23bd454479551251b2dc6b3,404,DEBIT,2537.61,8.483855708618649e-07,low,2.120963927154662e-06,False,0
f574d068305e2ee32855224d08703c2afd292352,258,TRANSFER,590855.5,0.09000034759989377,low,8.689997343935829e-07,False,0
cc4b0e30ee623b48d815b5bd13417ee22741232d,301,CASH_OUT,209863.95,0.0005901574157178403,low,0.0014753935392946005,False,0
1d30b613ebb68a0fd26dc8788abcb25c343074f8,20,CASH_OUT,98475.63,0.0017786560580134393,low,0.004446640145033598,False,0
1a53d4ec5d653abc708bbebaa436077d3ad0d636,332,CASH_OUT,163372.6,0.00026581413112580776,low,0.0006645353278145194,False,0
00f74de497967c6098c7c3970be3f731b7e59383,136,PAYMENT,16639.7,1.8780613027047368e-05,low,4.6951532567618415e-05,False,0
b159d5de6f5e65b176019db47c7bed63f05a16fe,163,PAYMENT,18705.85,1.9178517686668786e-05,low,4.794629421667196e-05,False,0
e5b7989259c5889f11cde67f1e0c8a50d9c77805,208,PAYMENT,11224.25,6.5524814999662345e-06,low,1.6381203749915585e-05,False,0
fd751f29640dd2f11007db3479de9ef20dda33c4,204,CASH_OUT,165956.03,6.42488885205239e-05,low,0.00016062222130130976,False,0
576e096c96fdd99d355789f188988cbd173b9728,370,CASH_OUT,100914.47,0.0009008837863802911,low,0.0022522094659507275,False,0
d80ab72002154f878f916ee05e2e8ac7fd05bab1,263,PAYMENT,3576.84,8.929569594329223e-06,low,2.2323923985823058e-05,False,0
79e1c3dee405b582a30b30cb038ac00c58ab2003,347,CASH_OUT,36005.62,4.084458632860333e-05,low,0.00010211146582150832,False,0
45e1c37130d36896605905a9b5bb637ad87c05b4,33,PAYMENT,186.99,3.05166031466797e-06,low,7.629150786669925e-06,False,0
69321968a4f6db1e021f966e4102d0cd92625853,166,CASH_OUT,323107.4,0.0008262537419795991,low,0.0020656343549489975,False,0
8395e68ea7906aa7f60dbee079bb32180542252e,357,CASH_OUT,251304.69,0.0003231562906876207,low,0.0008078907267190516,False,0
770e6704aee606f7d82f2a8222d94f8b895b91b6,140,TRANSFER,618355.9,0.2689193305503577,low,0.0010483263758942485,True,0
0056f79149fc300789a3f38e9817ace9418cd798,139,PAYMENT,10139.84,1.0851547995116563e-05,low,2.7128869987791404e-05,False,0
2143d6a8acf69703c14e3aeae294c4485d797ed7,44,PAYMENT,18372.75,3.1615516491001474e-06,low,7.903879122750368e-06,False,0
829512eaa5848d773097daa493e971fbc5edba90,330,PAYMENT,11971.33,1.3423219206742944e-05,low,3.3558048016857356e-05,False,0
5b3faac3f9161bfa43e611aadc5881235f373ff6,356,CASH_OUT,292778.9,0.0004052907228469849,low,0.0010132268071174622,False,0
1d45bc9d738e28eee274ca555c5a20b85d550836,297,CASH_OUT,87592.9,0.000123012054245919,low,0.0003075301356147975,False,0
b2b5f56ae7deacbe58e5bab281c8f53570ba317e,186,PAYMENT,26114.44,3.6039240512764085e-06,low,9.00981012819102e-06,False,0
402417a4fbe9e89d37d69d04aceae39cdf80bc12,324,PAYMENT,41316.0,5.131009675096721e-06,low,1.2827524187741801e-05,False,0
d74de56490c57a58d9a5f2f615caa9235f522342,351,DEBIT,3971.44,0.0006607226096093655,low,0.0016518065240234137,False,0
42affae7e7988d5447222ab4a922adfd52ab1d62,300,CASH_OUT,365402.8,0.0002490917919203639,low,0.0006227294798009098,False,0
7ce39e187e6e31d1d3218430c4ba5e56ddd0e9c2,9,CASH_OUT,8285.28,0.29006664752960204,low,0.7251666188240051,True,0
dc352f4d881da71b00ccde318fa7d3f67e0b9951,262,PAYMENT,4421.2,5.364499884308316e-06,low,1.341124971077079e-05,False,0
64e1705dec6e721db54200b6ef4021c8dfb75ab4,180,CASH_OUT,437146.7,2.9289103622431867e-06,low,7.322275905607967e-06,False,0
9f88231e08b35e7e700ca8461e176134f0efd4ee,180,CASH_OUT,266760.25,2.08318106160732e-06,low,5.2079526540183e-06,False,0
a83a970525541f9f10c7623f4bb9cd8f66d93af5,514,TRANSFER,332995.38,0.09000060217562351,low,1.5054390587465605e-06,False,0
f777a5f41f9dcfb79b7c976de4ebf2e519c3a1d1,360,PAYMENT,11024.97,3.5032484447583556e-05,low,8.758121111895889e-05,False,0
d77c1395f3af0a8cd945d3d87e7085350050bb1e,41,TRANSFER,62067.38,0.0001104095601476729,low,0.00027602390036918223,False,0
d53d37e88f9f6f34e314931028809cf4cc2ea6ec,356,CASH_OUT,109990.15,0.0008469424210488796,low,0.002117356052622199,False,0
ba3914fe32d0673f92b29f405e52abd258e8e0ff,250,CASH_IN,34634.66,1.4849787476123312e-06,low,3.7124468690308277e-06,False,0
b841e5d78e18fbafc1c3b4e476099461e8a2c6f9,348,CASH_OUT,68664.13,0.000363387749530375,low,0.0009084693738259375,False,0
37ce786d50433acf52dea055e51a3eab573a4e34,42,TRANSFER,572129.7,0.09000102312742457,low,2.557818561399472e-06,False,0
a818e01d9639a5bb9fac3b1831f9990cfce62721,180,TRANSFER,1890382.5,0.09000078050143202,low,1.9512535800458863e-06,False,0
686b66b33190edae93746a4bd5b8a4257687c869,353,CASH_OUT,115778.69,1.6479189798701555e-05,low,4.1197974496753886e-05,False,0
87b4085fb2eb0bbb03fe85e769d92608a725e243,333,PAYMENT,1972.58,1.7801829017116689e-06,low,4.450457254279172e-06,False,0
386648234b4a288c2c77d91d2201f2da38503a9b,299,PAYMENT,1507.85,1.091208978323266e-05,low,2.7280224458081648e-05,False,0
4e6745a68457b6a6f749b7c5aa178766b3e46ae6,234,PAYMENT,22494.21,3.322015254525468e-06,low,8.30503813631367e-06,False,0
2af576e33a04d585dc7cd5a0f123b67c46eb411d,210,CASH_IN,28641.86,1.6258978575933725e-06,low,4.064744643983431e-06,False,0
32ca8b377272ad1ef90af9f003474690287c0d1f,143,PAYMENT,17441.93,8.821570663712919e-05,low,0.00022053926659282297,False,0
b00bb9cd736ba1ef34befb6d982479bb6444a87d,522,CASH_OUT,29794.58,3.892313980031759e-05,low,9.730784950079396e-05,False,0
9a2b72b72e11e474691dc6e34a517b0317c42b0b,257,CASH_IN,550861.5,4.961901140632108e-07,low,1.240475285158027e-06,False,0
89b3273ceda41325eb8932fe130f27283d5f322a,33,CASH_IN,3758.96,4.093700226803776e-07,low,1.023425056700944e-06,False,0
a2ecdeef7e7c1999d12617fa04e107e2fd4c6f8f,186,PAYMENT,24818.15,4.321860251366161e-06,low,1.0804650628415402e-05,False,0
ce5d69ce89a9629243bfadebd48e3c6bb3a3d5bb,586,TRANSFER,473621.97,0.09000054404113145,low,1.360102828584786e-06,False,0
06f89436dd80c656081692924d0c347b9f1d3eea,162,CASH_OUT,414411.2,1.093702085199766e-05,low,2.7342552129994147e-05,False,0
88d7978c350584e9e3857e491d42facb06190219,346,CASH_OUT,164000.89,6.7551460233517e-06,low,1.6887865058379248e-05,False,0
24b4532bc5b4369c93e4aabeb764019919a3ecc1,41,TRANSFER,634776.7,0.09000052550103647,low,1.3137525911588455e-06,False,0
d7a7f29c39ebdf6eccccd87ac5e30271e2b4a685,377,CASH_OUT,17337.99,3.041809832211584e-05,low,7.60452458052896e-05,False,0
f102e7d91d271db49f16c861699640a04120bde8,131,CASH_IN,209328.62,7.0714864705223595e-06,low,1.7678716176305898e-05,False,0
855c120303ab31e3cc195552b82024626a579c75,408,CASH_OUT,187484.12,0.0005201010033488274,low,0.0013002525083720684,False,0
701a9f0ee3f288712f4ba609e3726eca2518f1d9,326,PAYMENT,17882.88,1.986593269975856e-05,low,4.96648317493964e-05,False,0
e7c0ac348016e501d67e95b0830103916bc9ecae,403,CASH_OUT,155880.62,0.00010636192746460438,low,0.00026590481866151094,False,0
053416d014ad1a741d63e7c582c86e54c328d905,21,CASH_OUT,153824.12,3.1284987926483154e-05,low,7.821246981620789e-05,False,0
21c27f36a3c23399c656da422f5910ed1ca2e158,231,PAYMENT,29720.0,5.9430632973089814e-05,low,0.00014857658243272454,False,0
6286a686c21997ca1119d191f5afc6db6995ca15,40,PAYMENT,19883.79,1.8780613027047368e-05,low,4.6951532567618415e-05,False,0
eddc173152090032ae3ab2e5728209eac4aaa55d,258,PAYMENT,5184.83,9.357656381325797e-07,low,2.339414095331449e-06,False,0
5db29d19c1667887da49656921f372b6b48cb7dd,350,CASH_OUT,477539.3,2.4955557819339448e-06,low,6.238889454834862e-06,False,0
e6b2a3b3f0e26e00d44f18c422d25017b9ebc14e,300,CASH_OUT,98267.23,0.000114903983194381,low,0.0002872599579859525,False,0
622afa50e249a00d02b1070fede31b8c57233068,13,CASH_OUT,115355.04,5.235826829448343e-05,low,0.00013089567073620856,False,0
857a42fd6deac31b44e65ba945d0c5b9c81c2853,328,PAYMENT,18363.12,1.8780613027047368e-05,low,4.6951532567618415e-05,False,0
9fd059329415cdce2a82b85078d7a9c9a5a998bb,588,PAYMENT,14488.31,1.5496596461161972e-06,low,3.874149115290493e-06,False,0
d587044762dd1c325e6b48f6137327fcb8c97aa8,323,CASH_IN,79230.32,1.5488365534110927e-06,low,3.8720913835277315e-06,False,0
081fbd2c4e3bcebcf38f50b0e4b29409936b5677,306,PAYMENT,11776.44,1.6845919162733482e-06,low,4.21147979068337e-06,False,0
9fa2d56869a6ed98c9428c8a78fcab358948c9ef,255,TRANSFER,820513.7,0.0901042749034241,low,0.00026068725856021047,False,0
e415ef3268977c83941d1fbae19e5e44786a630d,356,PAYMENT,17650.23,3.693955659400672e-05,low,9.234889148501679e-05,False,0
f285bb60b2697ea30abf01718541014e7953e90c,230,CASH_IN,2668.41,5.534909178095405e-07,low,1.383727294523851e-06,False,0
809e1b3046dc9855ccb0f93d5f6812c2975cf949,544,PAYMENT,380.59,1.5733928012195975e-05,low,3.9334820030489936e-05,False,0
fd226431e951b540fa8531d957eed2bf86ebf70b,308,TRANSFER,365903.1,0.2690682991817594,low,0.0014207479543983936,True,0
ce5d19cb893f23c5e36bc1f7455fd1a381ef2700,20,CASH_OUT,53929.29,0.00012792597990483046,low,0.00031981494976207614,False,0
f7618accaaea8fc68e59ceae96755c6e0e6db8c9,252,CASH_IN,32856.81,1.7110162298195066e-05,low,4.277540574548766e-05,False,0
504b12a1d38c9b2a0eb0e5d7b3847ec02830724a,204,PAYMENT,694.05,1.2402870925143362e-05,low,3.10071773128584e-05,False,0
e0fb6165021331f357df202bb9f0862bca822415,159,TRANSFER,890810.75,0.09009457895648666,low,0.00023644739121664315,False,0
d4ecc36312495f9ee3b82010c780d9ce27d0dcbd,36,PAYMENT,43888.4,5.894952118978836e-06,low,1.4737380297447089e-05,False,0
2e55b86fa2df40ecaa277afb340573269d132318,297,CASH_OUT,72671.67,0.0005230398382991552,low,0.001307599595747888,False,0
9cb75a72cd3c973a423079a69a7c277445b2b03b,11,CASH_IN,310041.97,2.8722986826323907e-06,low,7.180746706580976e-06,False,0
a27b89af40244174dbeff57a4d8a8d792ae4e62e,404,CASH_OUT,170220.25,0.2102801276743412,low,0.0007003191858530045,False,0
9e3a6dfc69aea215acfea3bf752f5d938415e334,300,CASH_IN,199240.38,3.2281346648233012e-06,low,8.070336662058253e-06,False,0
2a272380936ca2df4d1f543b2fac726024c6f993,139,PAYMENT,1833.2,1.1644709593383597e-05,low,2.911177398345899e-05,False,0
19f97f0cafa8c9e3f503777c2e853011e7252c72,283,PAYMENT,18956.52,2.166118647437543e-05,low,5.415296618593857e-05,False,0
9d2dddbf21fdca2cdbd6c7116611a1fb7451505d,131,PAYMENT,1942.34,3.761052721529268e-06,low,9.40263180382317e-06,False,0
2c0d68e547d9cef115a700e41a3cc833ea2de733,265,CASH_OUT,108878.52,0.0006547409575432539,low,0.0016368523938581347,False,0
0edaf15006afa5a48cae91c7bc3da87e66698c6e,33,PAYMENT,31033.99,5.296244053170085e-05,low,0.00013240610132925212,False,0
e03e4640a13171fd1418c85ea45bacf3ecfdfb57,348,CASH_IN,57481.28,2.6125322619918735e-06,low,6.5313306549796835e-06,False,0
2a5d59a9ca0562a7a21ff24f8114fbfce34e3d35,140,CASH_OUT,71814.26,0.00043168482370674614,low,0.0010792120592668653,False,0
5d49a11f32924f7517e236f068f107f533477759,305,CASH_OUT,55428.79,0.0008250612765550614,low,0.0020626531913876534,False,0
509dd1cd779ebb76e2499dc81e453aa166320c1d,302,PAYMENT,96558.73,0.0012669514864683152,low,0.003167378716170788,False,0
753bf3f6705a70ee58f0d14f9c5a7e6e9cfcda51,258,CASH_OUT,1663.0,0.0002434497931972146,low,0.0006086244829930365,False,0
8164916b878360d179a2b1ae4b4f1c306f8993df,210,CASH_OUT,71843.57,6.821505376137793e-05,low,0.00017053763440344483,False,0
744ebe7cb89af73ef9a7b47afe8d8b31fc79cac8,187,CASH_OUT,39396.79,0.0004454310517758131,low,0.0011135776294395328,False,0
a7a504e83fec36d082343a8123dd6cb6fc07791c,231,PAYMENT,22217.79,5.5206852266564965e-05,low,0.0001380171306664124,False,0
fba4cf1c10fb89766f3ad43447350d68b30e0dd5,135,PAYMENT,23962.63,6.205540266819298e-05,low,0.00015513850667048246,False,0
8968bd84b3191eff8d84a7b270706093f4fc26d9,20,CASH_IN,163787.23,8.389893628191203e-06,low,2.0974734070478007e-05,False,0
d32949680b9f3f1ba837e8473879fa10b0e4d1f0,160,PAYMENT,36396.07,8.385022374568507e-06,low,2.0962555936421268e-05,False,0
96ce62451610717918e0eb415ebed0056df0d686,402,CASH_OUT,216263.56,0.21023899474181235,low,0.0005974868545308709,False,0
9fb4132d9fba887d903ff5f87c14c05f5f42e169,35,CASH_OUT,158658.44,0.21089606419205664,low,0.0022401604801416397,False,0
6c0a09465d5b09430b782cdfa61d8d40bb7969ee,349,PAYMENT,32447.19,5.4319491027854385e-06,low,1.3579872756963596e-05,False,0
8350c89214f19e455a5ae8ba5d45ec4037c457c9,280,CASH_OUT,103188.91,1.5936384443193674e-05,low,3.9840961107984185e-05,False,0
15fd561095234b3d38e44531139af9cb2510aed8,38,PAYMENT,1351.98,1.2141904153395445e-05,low,3.035476038348861e-05,False,0
9a03be742a9dc7a71ab0d333fcad6c8aa2f170f3,276,CASH_OUT,127710.08,4.117691132705659e-05,low,0.00010294227831764147,False,0
ec7e7d04326c7b379640ba680fc7f95fa55b6a79,234,PAYMENT,17591.49,0.00018174290889874103,low,0.0004543572722468525,False,0
e8b64effed150e61f6a4c43aaf7562bd0c540a8e,249,PAYMENT,5738.35,1.4052506594453007e-05,low,3.513126648613252e-05,False,0
835d0a0ac3a46010f2255117bcda3f93e9f3324c,349,CASH_OUT,175219.56,0.0005465501919388771,low,0.0013663754798471928,False,0
9402ac34c7b225ba4d4aaddf6a284f5face036a6,251,CASH_OUT,257638.4,3.0307115594041535e-06,low,7.5767788985103834e-06,False,0
75071f1661174e30a20a8f491db2dc247b9bb1e6,397,TRANSFER,2588590.2,0.09000190876253329,low,4.7719063331896905e-06,False,0
cdffe94fbc6993907b6dbfda3e58966f2918b075,349,PAYMENT,12832.97,1.4414537872653455e-05,low,3.6036344681633636e-05,False,0
661940cf750834e71d94295c0e49765704a46895,395,CASH_OUT,197706.73,0.21055416161194443,low,0.0013854040298610926,False,0
2473f68a040684a8042de97d26f3449ccb4e8db4,226,CASH_IN,240859.98,6.684762047370896e-06,low,1.671190511842724e-05,False,0
0f352922f4189c2409f09e32bf7e7bc89c015850,310,TRANSFER,472935.62,0.09037960745394231,low,0.0009490186348557472,False,0
f89c227e81d7590ac071e7cc7d3d828d8a193992,133,TRANSFER,266107.72,0.0902059416146949,low,0.0005148540367372334,False,0
a2ff71597065beed021ba2c29376bc97691d0d16,332,PAYMENT,529.78,1.5166692719503772e-06,low,3.791673179875943e-06,False,0
f661175eb33a042061df74d94a9ab64c52c0d8e8,43,PAYMENT,1929.12,1.1644709593383597e-05,low,2.911177398345899e-05,False,0
d04bc232c39f8d9227de00f3e68733ba619bdb1b,10,CASH_IN,200372.7,7.059721974655986e-06,low,1.7649304936639965e-05,False,0
4076b5d0cb78025b942625a4fd8c8c48dc8a438d,256,CASH_OUT,38425.36,0.0004456850700080395,low,0.0011142126750200987,False,0
c298948be54abf4c3af42f223e8ca787fa3c7fb6,590,CASH_IN,108046.13,5.273033457342536e-06,low,1.3182583643356338e-05,False,0
f1b177ea8c2d540f4a35f5d28c1fa9892218107b,227,CASH_IN,118777.15,2.4579861928941685e-06,low,6.1449654822354205e-06,False,0
770170060d77aacacea07c5724f9e7d0aa82f9c9,10,PAYMENT,9750.31,2.2505053493659946e-06,low,5.626263373414986e-06,False,0
21ce2169eb3be66e5c68a0e90ae9ca9abf93bdce,226,PAYMENT,24915.57,4.598966188495979e-06,low,1.1497415471239947e-05,False,0
1b324672df2006a883fe87ec08b04310fadd8cb0,21,CASH_IN,333171.25,1.1571315553737804e-05,low,2.892828888434451e-05,False,0
fd19e59b7a9b256ac7089691aaf011f5da74e48a,252,CASH_OUT,376745.3,2.9503115001716654e-06,low,7.375778750429163e-06,False,0
984773ad93a539d44ea9f9fb6c4c20dd788d8c98,154,PAYMENT,29932.14,5.1740906201303005e-05,low,0.0001293522655032575,False,0
648e4c8919804ee009eaed2df4d3fc9d24476fba,567,CASH_OUT,156073.34,6.749944877810776e-05,low,0.0001687486219452694,False,0
087426e07f91f6782851bfeb27cb0c05a20b4d2c,380,CASH_OUT,125519.56,0.0007537108380347491,low,0.0018842770950868726,False,0
d14b2f17fffcc8db0a9edbda8d81e2e8eff10323,164,CASH_OUT,178720.14,0.0004067377652972937,low,0.0010168444132432342,False,0
815219586ab9c68763948b36fbab7ea177179c15,297,CASH_OUT,448203.7,4.400452598929405e-06,low,1.1001131497323513e-05,False,0
d6a68fa93220dfa983d92f186c36718e05f8e3d3,157,CASH_OUT,328019.3,0.2100270694552455,low,6.767363811377436e-05,False,0
27af45806fc4f995fead711045e76d5a46752c07,395,CASH_IN,257246.94,8.093878022918944e-07,low,2.023469505729736e-06,False,0
e9fafd3db8b99214a48ad70a8f0bae5daa7ea629,14,CASH_OUT,190589.66,0.00010128803551197053,low,0.0002532200887799263,False,0
2355ab9d927afb8985b5609063012c1908621094,208,CASH_OUT,306542.97,0.000382827315479517,low,0.0009570682886987925,False,0
2b56f7e680738c3993c0e88860d30cde018d4e50,408,PAYMENT,2188.08,2.551446596044116e-06,low,6.378616490110289e-06,False,0
9f4d97505d280b5ba20430ff05f27e852de2fe41,161,CASH_OUT,39456.23,0.04099207222461701,low,0.10248018056154251,False,0
abf9cfdadba42544238b9e1c3749b03c41aa4ffc,331,PAYMENT,5486.99,1.6959231288637966e-05,low,4.2398078221594915e-05,False,0
596a7d5916aa29c2f2cb193e90825861a4813631,8,TRANSFER,724540.2,0.09006296621868388,low,0.00015741554670967162,False,0
ca8c200dbad7cf162a9e7db8071c19c24a62a1fc,43,PAYMENT,4469.18,5.148192030901556e-07,low,1.2870480077253887e-06,False,0
c986dcaef4aa066dfa3ef7e9115c61b730365ffd,22,CASH_OUT,136907.12,0.0013375758193433286,low,0.003343939548358321,False,0
0695dda9096be6bac1ecbd1b7e76ede2ab48f6cc,378,CASH_OUT,186238.62,0.00040783705189824105,low,0.0010195926297456026,False,0
008a2ef83b9a74ed3a9eb558051685da1a4b57d2,212,TRANSFER,480761.2,0.09001645199372434,low,4.112998431082815e-05,False,0
33ea0e679063032d1b1534889b0668a71fb5508b,159,CASH_IN,104092.5,1.4878805814078078e-06,low,3.7197014535195194e-06,False,0
739c1f985de8ce4ed56ec6e4a2b3a16442b4383b,188,CASH_OUT,63115.76,0.0001164304092526436,low,0.00029107602313160896,False,0
f91147fa1cb9d93a21d131e89eb43ff5f2fe7f1b,8,PAYMENT,8518.31,8.589420758653433e-07,low,2.147355189663358e-06,False,0
2ff8ed1fa453700eb97fae9e8974115d94b18167,254,PAYMENT,1563.54,4.4540897761180534e-07,low,1.1135224440295133e-06,False,0
4327006518fdc0afb1f07a3ab0efc8a664b9d8cc,14,PAYMENT,20539.74,1.9450324543868194e-06,low,4.862581135967048e-06,False,0
5ea8c2ba5b5786ac723a77108c1cfe62806fed8d,41,PAYMENT,7314.73,1.1362705845385791e-05,low,2.8406764613464475e-05,False,0
07bb628b207b12c9af7be946704a54a66cab7660,281,CASH_OUT,379480.03,1.8997041479451582e-06,low,4.7492603698628955e-06,False,0
c8d3ab18c36f4cff7bf1ef130395daa67a701008,15,PAYMENT,289.83,1.9243110727984457e-06,low,4.8107776819961146e-06,False,0
376dcf40b2a824ae3203990e1da33211e7ea0dfc,279,TRANSFER,94024.36,0.0006983546074479819,low,0.0017458865186199546,False,0
1092ca875b3f7963d66e32d37051056c6f0b55b2,157,CASH_OUT,164597.56,3.3506639738334343e-06,low,8.376659934583586e-06,False,0
183e9e4f3d7437536222ede11c8f5a0154370729,279,CASH_IN,199557.86,5.734570004278794e-06,low,1.4336425010696985e-05,False,0
5d8c6afe897c9a31885f1d7c8ee16f3cd7eb13bd,307,CASH_OUT,122946.9,4.9851456424221396e-05,low,0.0001246286410605535,False,0
7d505a1d1dc8e5903a008beaef12defbdcf31c4c,44,CASH_IN,82139.9,6.312332698144019e-06,low,1.5780831745360047e-05,False,0
fb91d30b7014596185e687e99819a0fd00e99c3e,280,CASH_OUT,206115.33,5.1726085075642915e-06,low,1.2931521268910728e-05,False,0
23db0236d9dd2bd5079ea2d4d124b5d532f05469,522,TRANSFER,337791.62,0.09012843041913585,low,0.00032107604783959687,False,0
e26fe7d6b9c4eb576daad693a912e0fbd1fcd7ce,403,CASH_OUT,69383.9,2.6274050469510257e-05,low,6.568512617377564e-05,False,0
229c1ac14bf66a370cf2e20517884437395ad4f2,397,PAYMENT,7660.71,1.0193422349402681e-05,low,2.5483555873506702e-05,False,0
fe01be5a182743376d2244d76c078bec9bd2ffe7,22,CASH_IN,97778.15,1.977179272216745e-06,low,4.942948180541862e-06,False,0
93266875843e73924852a0643dfb7bd4c6d9022f,202,CASH_IN,84548.76,1.8779302990878934e-06,low,4.694825747719733e-06,False,0
e45e0cd74074abc4dfe66deed53498d2f0b181a8,231,CASH_OUT,263237.53,1.4004585682414473e-05,low,3.501146420603618e-05,False,0
1ec8e00fb6dfdb4e326442b9283a098111e69280,228,CASH_OUT,62794.5,0.00033747181296348575,low,0.0008436795324087143,False,0
2d72aca95ae618423f404a0bb8094e6b4e160008,158,CASH_IN,443149.38,1.793000592442695e-06,low,4.482501481106738e-06,False,0
e0b01bb221f36d966f0c8aa345b38e035aa30385,307,PAYMENT,4298.11,6.293844307947438e-07,low,1.5734610769868596e-06,False,0
a6338268fc9400f40545208c11ec463e93494580,328,CASH_OUT,893.05,0.00023184511810541155,low,0.0005796127952635288,False,0
7e6918ae89b1b4bccf9b84fb17d6a866eac73ad7,610,CASH_OUT,167439.83,0.21059134950861333,low,0.00147837377153337,False,0
eb673d6f2914ae871bec7bceb6ba765605112e3e,177,CASH_OUT,244738.78,4.544416151475162e-06,low,1.1361040378687903e-05,False,0
fda2c2e63177a233674a2c281da9c3d646e3063e,34,PAYMENT,6819.64,8.664933557156474e-06,low,2.1662333892891183e-05,False,0
e68cba64bfc2d5acc2e7f7260a48a87be6f324be,8,CASH_OUT,72033.73,0.0006253719329833984,low,0.001563429832458496,False,0
69b1dc82b5747731249f392aabd7f331933e1a73,258,PAYMENT,16041.97,1.9497319590300323e-05,low,4.8743298975750804e-05,False,0
e94cdf5e302554bcc2dad8bf098b99dbe4baeab8,36,PAYMENT,16386.05,2.3377055185846988e-06,low,5.844263796461746e-06,False,0
7e85d540d5e56f746b0094ef1f62cc5f8d42d0b3,255,CASH_IN,60711.74,2.7194916037842633e-05,low,6.798729009460658e-05,False,0
a4587ab59705d77f5cf429bb2dcf84270bf1181a,42,PAYMENT,303.77,2.0737797967740335e-06,low,5.184449491935084e-06,False,0
84e22e7d1a8c3a7b2e47699c72f1458d84dfe3a5,303,CASH_IN,20477.9,8.806431651464664e-07,low,2.201607912866166e-06,False,0
537f49db77006e6e2c19976091e685a40ab5885b,41,CASH_OUT,102066.26,0.2911705231666565,low,0.20292630791664124,True,0
8c9734996a8e397c239079fd9fa8e436869d5ef6,275,PAYMENT,21470.4,2.089172194246203e-05,low,5.222930485615507e-05,False,0
50300e724541b00da8a89bed1c330ae87a6213ca,132,CASH_IN,329837.72,1.0164993909711485e-06,low,2.541248477427871e-06,False,0
bc9b6d183d034500d8d8fedcd7835da613e566e1,260,CASH_OUT,186499.69,0.0009390451945364476,low,0.002347612986341119,False,0
007bcfce7eac18c5e7ff65d590ffe8668313311e,355,CASH_OUT,160403.33,0.00033687998075038195,low,0.0008421999518759549,False,0
f805b45c2cb154cef2068b1f5cd910991be72491,10,CASH_IN,167585.06,5.963298917777138e-07,low,1.4908247294442845e-06,False,0
8053e7d5cab2366335cb4cb051f3ee5d65062ab4,284,CASH_IN,220592.81,3.4592769225127997e-06,low,8.648192306281999e-06,False,0
bb62a63af5876b4414182672b01e0e6b1c8311e9,40,PAYMENT,7895.31,1.0172573092859239e-05,low,2.5431432732148096e-05,False,0
508c087ad9d5cd9c86919e9fb36d0aae847decc8,262,CASH_OUT,110131.85,0.0002891182899475098,low,0.0007227957248687744,False,0
dac27402a7eb8b7c547904db513173e2769c7dfb,595,CASH_IN,248037.14,4.2148562897637024e-07,low,1.0537140724409255e-06,False,0
106f2200f21bad19238ed4dd41b04a15695f66d5,18,CASH_OUT,394898.12,0.0005349675193428993,low,0.0013374187983572483,False,0
4d676f8dd229ad22d7bc536bcaf9fc66bc085084,38,CASH_IN,113749.27,6.653730815742165e-06,low,1.6634327039355412e-05,False,0
fc3ea339c9b73cbaebed6c9847a09d8624d49810,233,PAYMENT,8936.31,1.0172573092859239e-05,low,2.5431432732148096e-05,False,0
cde8d09110dbbc15d82690fce85b665995cf7c5b,306,CASH_OUT,24062.45,0.0011192617006599904,low,0.0027981542516499758,False,0
0eaf50319fd8b00206cc7ae8da1b0fa7eac06f03,235,CASH_OUT,43873.4,0.00023859438952058556,low,0.0005964859738014638,False,0
72e69f1dd5167dfd68177472c78339b50642daf5,397,CASH_OUT,321362.22,0.2181091560423374,low,0.020272890105843544,False,0
9c7a621885731ff571645d94a7d0423b8411b1bd,287,CASH_OUT,127756.01,0.0010273611173033715,low,0.0025684027932584286,False,0
2366442865a73a2871d177e8e1a5e39293a9da8c,13,CASH_IN,46853.61,1.6768886780482718e-06,low,4.192221695120679e-06,False,0
c7a78ebaad78b0745b55aa7a67c2313548e2a48c,208,CASH_OUT,121175.95,1.4906107389833778e-05,low,3.7265268474584445e-05,False,0
e0f047f869bf7d9e8162c68ec587bf77b4de6cc5,359,PAYMENT,3605.33,0.0003078619483858347,low,0.0007696548709645867,False,0
6c90d8d09875500faa9266430819b094da8b93e2,691,CASH_OUT,166384.88,0.21148618826642632,low,0.003715470666065812,False,0
50c23a536483e8bcb9a99ff3fc9d246a86a4c7d3,182,PAYMENT,3649.26,1.3467967801261694e-05,low,3.366991950315423e-05,False,0
a334daac0b6913d8389226ed5076015780ac3469,259,CASH_OUT,60230.67,0.00015860339626669884,low,0.0003965084906667471,False,0
e43e749a0b1a469de0f2f9ce39e96e082508486c,395,CASH_OUT,218337.6,0.000494261272251606,low,0.001235653180629015,False,0
47fdf56ce3d56bf2706a778390c3118d923e7f46,45,CASH_IN,305807.12,7.88975230534561e-06,low,1.9724380763364024e-05,False,0
90d1833ab831b3f936da8927077ff4ed5b33e0ad,138,PAYMENT,34783.57,2.2078282199800014e-05,low,5.5195705499500036e-05,False,0
7aeee008227a7b190c1a11d3385d379fc49db42c,372,CASH_IN,71817.84,1.5370458640973084e-06,low,3.842614660243271e-06,False,0
583d2d91089c071decaac97db1ce7d8cfc8df5f0,328,PAYMENT,1338.87,1.2117058213334531e-05,low,3.0292645533336326e-05,False,0
2cb044304da227449f8a53c36e1ea17b3753d619,544,CASH_IN,361882.34,5.149647404323332e-06,low,1.287411851080833e-05,False,0
42f680d2d101c620577490fb7216a6b6bcebd882,396,CASH_OUT,207868.77,0.21042971982620656,low,0.0010742995655164123,False,0
1dd3c0cf83d5354bd330b4ae76aa63d8d00fca22,297,CASH_OUT,105571.22,0.00024109706282615662,low,0.0006027426570653915,False,0
0427c2286e504adfba4986dd7d95e557c6c3f79f,156,TRANSFER,463667.25,0.09000534106402484,low,1.3352660062082577e-05,False,0
8952e3896b6dd1af1af83b0e02078e14455dcfbd,276,PAYMENT,1859.35,1.2537034308479633e-06,low,3.1342585771199083e-06,False,0
7b00cf6e17bb3710ef7a9e090ac4a426a599564e,261,TRANSFER,50763.25,0.00025122540537267927,low,0.0006280635134316981,False,0
dc98f588b337b95e04c405255ad0faddd8750acf,356,CASH_OUT,26161.25,0.0012987526133656502,low,0.0032468815334141254,False,0
17511a0902cebacf553b0950930b27d6bc530365,129,TRANSFER,657409.8,0.27001874301955103,low,0.003796857548877597,True,0
a9e7458e8c6d2c21afb6bffb4291912c7989ff05,306,CASH_IN,206615.53,3.844016828224994e-06,low,9.610042070562486e-06,False,0
d34d8df048139e32a7e433f9e66d039f8069bf41,323,PAYMENT,3512.17,2.546781433920842e-06,low,6.366953584802104e-06,False,0
249c593653277f07517c22b113a988e69f3457c1,140,CASH_OUT,87899.09,3.909119404852391e-05,low,9.772798512130976e-05,False,0
758cb7acd9a4c8c1c01caab300cd480b701337b2,210,CASH_OUT,121089.04,5.028927116654814e-05,low,0.00012572317791637033,False,0
7119ba42b43b7ce88182a28101b8881846f4f676,232,PAYMENT,16056.32,1.8780613027047368e-05,low,4.6951532567618415e-05,False,0
1d9b07f55d1fd273ca42bff30346245a025c8ff2,331,PAYMENT,3677.85,4.986759449820966e-07,low,1.2466898624552414e-06,False,0
21c5885ef37723f5ecd27e365adf13b0956b50b4,329,PAYMENT,3396.61,3.973109051003121e-06,low,9.932772627507802e-06,False,0
b3c3acd28c3fee5b8949dcb23c65e8fa62c1c24e,206,PAYMENT,11131.24,9.532406693324447e-06,low,2.3831016733311117e-05,False,0
b82025a9d9dd05e8b6c68c07857be0a3b33a4f64,8,PAYMENT,5131.85,1.7012031094054692e-06,low,4.253007773513673e-06,False,0
d273147a217cd369670d855f2a2f879f981c07fa,229,CASH_OUT,331474.4,0.0006974805612117053,low,0.001743701403029263,False,0
57d5c08059d74b500d9d8b426e48ae86f806f1c6,42,CASH_IN,105465.14,3.956223372370005e-06,low,9.890558430925012e-06,False,0
6e287dcced8d396f4e2a72015bfb998523901e52,403,CASH_OUT,159015.84,1.5759997768327594e-05,low,3.9399994420818985e-05,False,0
0f76137cd01a14673faa2cd53a007828d0846ae3,208,CASH_OUT,121485.53,0.0007205916102975608,low,0.0018014790257439017,False,0
6047499a7dcd7245e463751a3800ed7234d56586,348,TRANSFER,1866563.4,0.09007614296628164,low,0.00019035741570405662,False,0
779e7e4ac1aa11edb5e9ffc2ed268b8ab0ca836c,234,PAYMENT,17204.63,3.237479177187197e-06,low,8.093697942967992e-06,False,0
d994b14c6e2955b46d6196004a587e0039d0ac40,686,PAYMENT,3543.81,1.3467967801261694e-05,low,3.366991950315423e-05,False,0
478a837cb9c382cf6e271c034ec58a4fc2f14544,36,PAYMENT,2652.54,9.890247019939126e-06,low,2.472561754984781e-05,False,0
4443df29edfc1f0e0f8f6b56a7800cacc970bf15,41,CASH_OUT,412648.4,2.7280966605758294e-06,low,6.820241651439574e-06,False,0
26cde941a28e5cc4d1cba38a4387e487d2f14883,280,CASH_OUT,94796.8,6.490983651019633e-06,low,1.6227459127549082e-05,False,0
a2739fb148cf2f09edf138dd915a7a2cd0ea5ffd,187,CASH_OUT,92963.43,0.0004764338955283165,low,0.0011910847388207912,False,0
c0eecc9b9c0336b865fa3b5694b41ef51e6ca1f3,298,PAYMENT,6721.42,5.665619937644806e-07,low,1.4164049844112014e-06,False,0
2273ae6b74a07e0ad18dce24a19d8cc16cee811f,278,CASH_OUT,423795.4,0.000709682796150446,low,0.0017742069903761148,False,0
d4edb94db2e2872a26de8a27501657e1efdc7bc4,154,CASH_OUT,31992.72,0.00106598399579525,low,0.002664959989488125,False,0
9c6b08ba328a026ecf95c789bee2632ac01655c0,379,PAYMENT,12876.23,1.3915749150328338e-05,low,3.4789372875820845e-05,False,0
f9e0e96f16c047072ae1e5c76406e22e6f6330c6,184,CASH_IN,89844.69,1.998391962843016e-06,low,4.9959799071075395e-06,False,0
79afb5b0413d6a339f76ed18615fa00110451dee,371,CASH_IN,297421.38,4.268227712600492e-06,low,1.067056928150123e-05,False,0
5210c9f70ade985f193fb0f6db425491a66753ab,252,CASH_OUT,110954.97,3.1021217000670735e-05,low,7.755304250167683e-05,False,0
888bc9b591a70999164f3c814fdf12c063d92b04,321,CASH_IN,385331.97,7.671378625673242e-07,low,1.9178446564183105e-06,False,0
79308f9f03dc83c947f5badce116e8994b7807f2,259,CASH_OUT,111181.79,0.0005951517261564732,low,0.001487879315391183,False,0
b940b283a439cf9293c5c0341da5c0657e84cfcd,236,CASH_OUT,9658.18,6.111054099164904e-05,low,0.00015277635247912258,False,0
6e07943d7816d0cab638cf6f4d26fb01ac451e6c,20,DEBIT,4978.27,5.354783752409276e-07,low,1.338695938102319e-06,False,0
9ae0733700c7757265f593f6695d42eb63529c29,162,PAYMENT,22740.74,8.437715587206185e-06,low,2.1094288968015462e-05,False,0
7f8257d4ef8d5416d04de0276926c13b2ecaf3c5,329,PAYMENT,705.2,1.3124878751114011e-05,low,3.281219687778503e-05,False,0
98df59aa579f77349901cc47af19b65916be8d72,399,PAYMENT,17877.1,7.636994268978015e-06,low,1.9092485672445036e-05,False,0
7baa7e22bb889e7631286d8398c607ea7bd3592a,154,TRANSFER,386949.88,0.09008122978033499,low,0.00020307445083744824,False,0
c11ec4fa547b5b22cf26741679be212f0d92907a,131,TRANSFER,702946.9,0.09000073901046564,low,1.8475261640560348e-06,False,0
c55388672db6e80043373e72214880020e1b5afc,637,CASH_OUT,54975.84,7.141255773603917e-05,low,0.0001785313943400979,False,0
34ce313a3382bd1ddc908687a2f0d7eb02d54867,226,CASH_IN,275168.8,2.6502615583012815e-06,low,6.625653895753203e-06,False,0
499885a533f4e8acc4874092ff1a9565dbb3c61d,235,CASH_IN,108160.4,9.203612717101351e-06,low,2.3009031792753376e-05,False,0
6b74b7c7b18b4a9482d70d906d21096754307bed,160,PAYMENT,15532.39,1.8780613027047368e-05,low,4.6951532567618415e-05,False,0
f5c1aa09c2f5e09363273d250ef66b8d45f4aebe,396,CASH_IN,73025.73,1.5567902664770372e-06,low,3.891975666192593e-06,False,0
184303dcf8dfa157ef4b813d2abbcc6804a3c714,330,CASH_IN,274410.97,7.258179721247871e-07,low,1.8145449303119676e-06,False,0
19b33c7529abf3627b44b914179a03421822b666,137,CASH_OUT,233635.1,3.403103983146139e-06,low,8.507759957865346e-06,False,0
120001290775f944225306269168149929f9e50c,206,TRANSFER,127441.24,0.0001242612604983151,low,0.00031065315124578774,False,0
d37770f6dbe27b9735061a9157c764cff7a9ad97,408,CASH_IN,14095.82,1.205332318932051e-06,low,3.013330797330127e-06,False,0
447ce0e69270220df08c234992cfd82eb3e440a9,329,PAYMENT,16804.2,8.580990106565878e-06,low,2.1452475266414694e-05,False,0
abcd8547e74df46be174260fdd23ccc04ecb54c8,19,TRANSFER,593406.25,0.09003796259115916,low,9.490647789789364e-05,False,0
7b4e6f3da5a8409c705263f88a3fc1017d5d1596,329,PAYMENT,3102.39,1.1190056284249294e-06,low,2.7975140710623236e-06,False,0
c3c64d8342f0507d19dac0526d93a7f10d6409b7,153,CASH_OUT,92378.55,0.21918354094028472,low,0.022958852350711823,False,0
1e3034f26113108f31aadc1bf0126e75f7803881,41,PAYMENT,8181.63,1.9864006389980205e-06,low,4.966001597495051e-06,False,0
e4cb5143444c7ace3b7409ad7873cbc8c15a5205,135,CASH_OUT,188238.44,6.250149453990161e-06,low,1.5625373634975404e-05,False,0
0302bc6d1f3fe71c2f7f7f0c1791987018a753aa,237,CASH_IN,92814.99,2.0303208657423965e-06,low,5.075802164355991e-06,False,0
f3449f8a7f024132929770aac4c927f6193a8572,278,PAYMENT,3940.05,1.3467967801261694e-05,low,3.366991950315423e-05,False,0
6d8cfddf91d5685cc266f0ecae34de0a90c780cf,210,CASH_OUT,170375.31,0.00016637115040794015,low,0.0004159278760198504,False,0
c89e053a83f1f329d24b7b25352488526d28a5de,154,TRANSFER,80237.12,0.00020683100447058678,low,0.0005170775111764669,False,0
5e6b8085fb95130ec96dfb252342c9274a047813,18,CASH_IN,158037.66,2.0916000357829036e-05,low,5.2290000894572586e-05,False,0
067a02b1fa339d62d3a5327c21a209cb407e2a1a,331,CASH_OUT,121483.52,7.385457865893841e-05,low,0.00018463644664734602,False,0
0243e96e9e6f258edf7779760336c4de5b79cd25,298,CASH_OUT,177417.69,8.693566778674723e-05,low,0.00021733916946686804,False,0
6de0c09a596e3a0896d7d1d95e7bea7daf33a37e,186,CASH_OUT,273641.56,8.132303628372029e-06,low,2.033075907093007e-05,False,0
2e62437250d9263c1f3782c972c294061002c67c,132,CASH_OUT,397972.28,3.0189650715328755e-06,low,7.547412678832188e-06,False,0
88f475252911f0ad18ffc82bc2077e8036d8d923,35,CASH_OUT,277145.44,0.00021206410601735116,low,0.0005301602650433779,False,0
a3c0d134bd19069f3c7eb98796fa552038494b9e,404,CASH_OUT,180230.67,0.00023666045162826777,low,0.0005916511290706694,False,0
73b40386c8d1f2bcdf7a32272f9bfaad2a982bf5,522,CASH_OUT,42185.28,0.00041643953882157807,low,0.001041098847053945,False,0
99231dec712035d9352a3469af502f86f5ce21aa,692,PAYMENT,2609.29,4.1859543671307624e-07,low,1.0464885917826905e-06,False,0
8e5451dcbae62768df8fc559e72528581d284f26,154,TRANSFER,240711.0,0.09007053625304252,low,0.00017634063260629773,False,0
c776ee102b00a50a6b7fd4d5e8e2fbcd6a3f53b1,332,PAYMENT,17934.36,1.3071304420009256e-05,low,3.267826105002314e-05,False,0
65340df9b106803b5a73b9eaae9d13b5ba558c38,348,CASH_OUT,19814.87,2.154604153474793e-05,low,5.386510383686982e-05,False,0
6ce5003a42b2a18d3ba8de97cb27f0bd0edc1042,304,CASH_IN,87949.41,2.190263694501482e-06,low,5.475659236253705e-06,False,0
13ab78807394c8783ca234f718b82b6a94516f3a,325,PAYMENT,305.91,1.925842225318775e-05,low,4.8146055632969365e-05,False,0
f3b1e5ecd93e31d4ac8e6328cfba540600bbe61f,34,DEBIT,9465.4,3.6250645644031464e-05,low,9.062661411007866e-05,False,0
eb05b4704800334b1a7ff3b841dc59e4b9540c76,39,TRANSFER,903756.9,0.26852296265884074,low,5.740664710174315e-05,True,0
0a1a141aa7db839611015950e1aed410a1c9aa93,229,CASH_OUT,10511.69,0.0002027072012424469,low,0.0005067680031061172,False,0
5b4c74b4a3fd0bd0502c3e98d35f0241d2870ced,129,CASH_IN,30585.07,2.8130176360718907e-06,low,7.0325440901797265e-06,False,0
4b6850fddd8b8e4802d5421d728657f39bcd0858,356,CASH_OUT,182741.23,2.2055050067137927e-05,low,5.513762516784482e-05,False,0
e4c17661b39369218550bbb34e9373b9dda93d29,358,CASH_IN,182169.98,3.0196600710041822e-05,low,7.549150177510455e-05,False,0
04dd0da1fc1de479bc60288c81babe1b5bbd582e,156,PAYMENT,819.68,4.2178116927971136e-07,low,1.0544529231992783e-06,False,0
621bfe5dd6dea63c93366db0a9042c1e9c30ffc8,255,TRANSFER,175423.7,0.09001944888936124,low,4.8622223403071985e-05,False,0
5dfb2150035869301eac265ba28d5d47bbf32226,139,CASH_OUT,76181.11,0.0005200821906328201,low,0.0013002054765820503,False,0
74eb33a7c30fbe70b97d9377aff59724cde5b7f3,132,PAYMENT,24848.83,4.3330939661245795e-06,low,1.0832734915311448e-05,False,0
eb57b1e1390032ab76b79ee57c96f0b831a66ee1,14,CASH_OUT,97731.73,2.0976245286874474e-05,low,5.244061321718618e-05,False,0
2701b129a42a7f0a3412b267e6f9b4d9b5848bf1,347,CASH_OUT,77073.29,0.0005567467771470547,low,0.0013918669428676367,False,0
f273c2e53ae39924218c506d38345fb221b2d505,253,CASH_IN,256226.7,4.060688752360875e-07,low,1.0151721880902187e-06,False,0
a53d404e8647b79ee6e51cc41da85c4006cf3943,375,PAYMENT,7267.45,1.1113318032585085e-05,low,2.778329508146271e-05,False,0
d90166e4dadf92d971ef36187757c70684bbaccd,211,PAYMENT,6429.76,1.9560184227884747e-06,low,4.890046056971187e-06,False,0
d45ba2c4d6f9223e25a6379b86bf8097c8ab6746,331,CASH_OUT,188227.12,0.00015699029900133611,low,0.00039247574750334024,False,0
03c032e881dd03b6a32d76d70f73ff11bf98acaa,129,CASH_IN,95069.1,2.079275145661086e-06,low,5.198187864152715e-06,False,0
1abe8a02711f1f4076321e9deb1458d68a06c339,164,TRANSFER,165050.7,0.09002799111534843,low,6.997778837103397e-05,False,0
327acba77ef41801dea0490484ebfd5410dd06bb,687,PAYMENT,9190.55,2.2284988517640158e-06,low,5.57124712941004e-06,False,0
70f4f75713b4efb5dc10f8f507e819483cbbf9f8,274,CASH_OUT,51635.93,4.51992207672447e-05,low,0.00011299805191811174,False,0
ca3ad58cdef638dfd020119fdd1a95fdbaa9b8fe,301,CASH_IN,101200.31,1.865120793809183e-06,low,4.662801984522957e-06,False,0
38515d38649496dbe0622ecca003c79f6caf1f99,250,PAYMENT,3833.55,1.0616101644700394e-05,low,2.6540254111750983e-05,False,0
faf7670c81cb12b96c0f11b45510e4e64a5ddea7,329,CASH_OUT,65145.82,4.256825777702034e-05,low,0.00010642064444255084,False,0
0f2e0bfde09c68b3a423601b5c296aa835f20273,39,CASH_OUT,252214.48,0.00018716541817411783,low,0.0004679135454352945,False,0
b00a596f236bb6579c55f90ececd4d911eba0557,237,CASH_OUT,134817.0,0.000930911023169756,low,0.00232727755792439,False,0
0f830d511032f0bf1bf7b81c4ec73c16c6ddd7a4,398,TRANSFER,102527.93,0.0005341763608157635,low,0.0013354409020394087,False,0
a38e354a020c9345c5e665fb8bae601b1da1cc64,22,CASH_OUT,159674.67,0.0023897407576441766,low,0.005974351894110441,False,0
d1d68e398481ee3eef781ddc023ba40ad2e32961,211,PAYMENT,1355.7,6.773657332814764e-07,low,1.693414333203691e-06,False,0
92933e9e451aeae42d8ee48f18bfa5e90952b9d2,9,PAYMENT,13752.71,5.26323332451284e-05,low,0.00013158083311282098,False,0
7f062f1c7be9a14cc9d23f7646fb2901e01ff0f6,347,PAYMENT,1116.92,1.6261599739664235e-06,low,4.0653999349160586e-06,False,0
68d5efdd43e1d7144ad966850a1ed13f6ebee638,376,CASH_IN,188406.44,6.501490861410276e-06,low,1.6253727153525688e-05,False,0
70e3817ef4dc5da8f224825d7a90adc794edbc45,204,CASH_OUT,137831.56,0.0001566278631798923,low,0.00039156965794973075,False,0
bce9ac91bad50f64c91d4cece7121099c21b8470,14,CASH_OUT,222103.16,1.5166606317507103e-06,low,3.7916515793767758e-06,False,0
7f3d52e689bd95c05dca460be53946a0c72cce1a,19,CASH_IN,166743.55,1.6026291632442736e-06,low,4.006572908110684e-06,False,0
3604e177bf1628b4c2dee6f44bf097dc6940abd2,684,PAYMENT,15495.22,5.981806680210866e-06,low,1.4954516700527165e-05,False,0
3992a69053c51f9434172f66ce8779169131bdff,41,PAYMENT,1601.19,1.2072420940967278e-05,low,3.0181052352418192e-05,False,0
ce2f686996032403f2b7a3c60484db7462a7be38,307,CASH_OUT,185543.72,1.7348647816106677e-05,low,4.337161954026669e-05,False,0
733cadfe6729e5e44087dc3fe0e13eb0497417d3,400,CASH_IN,140317.84,6.1398452089633794e-06,low,1.5349613022408448e-05,False,0
12ad2803f6ce6c4cd9423b7ae06644efb097d3bd,252,CASH_OUT,343569.53,0.0003868683008477092,low,0.000967170752119273,False,0
824c30b5dd3ae9a0ad5a05ba5fc0ab60854b2450,206,CASH_OUT,59413.02,0.0007176561281085015,low,0.0017941403202712536,False,0
8878302e76b1505f88de69b5a271efd0f80d04b5,181,PAYMENT,59052.77,2.246668918814976e-06,low,5.616672297037439e-06,False,0
4e3bf15c8a68fd1fca14fb9e81c76bbabcde03a6,400,PAYMENT,4762.33,4.9159658374264836e-05,low,0.0001228991459356621,False,0
bffa693b0520f2a00c90470710034259fea5cc2c,201,PAYMENT,7057.29,4.040986823383719e-06,low,1.0102467058459297e-05,False,0
958195b28e7b8b89169b4f66f6c8bde84cc9a785,137,CASH_OUT,113022.07,3.330818435642868e-05,low,8.327046089107171e-05,False,0
99f291dba4c19f6cf26a88719348791d1c8f2b46,18,CASH_IN,293131.06,4.464513040147722e-06,low,1.1161282600369304e-05,False,0
08e1ad82b52ead2e4540e97a3a744df7f5609419,396,CASH_OUT,32765.17,0.00020849129650741817,low,0.0005212282412685454,False,0
0523effe90dc366279f3db9daea3e84cbec8ecbb,162,CASH_OUT,71985.05,5.77395549044013e-05,low,0.00014434888726100326,False,0
d6b3caa4cb310921dc8011a29d00e9a94572550f,13,PAYMENT,10354.09,1.1240518506383524e-05,low,2.810129626595881e-05,False,0
182031b0ce294c56ae74c38f709eee0c2e3e3a6f,354,CASH_OUT,25213.76,0.006323236227035523,low,0.015808090567588806,False,0
e927c22dfa61d725cb8ffb2a9fa9071778dccb8e,354,CASH_OUT,391498.78,0.0002914764452725649,low,0.0007286911131814122,False,0
45ef1443d59bd1dadca7feac65c5496fec00b9a2,13,PAYMENT,43683.31,8.660405728733168e-06,low,2.1651014321832918e-05,False,0
3f3f5862170eac3d4918e557d52dec845a024ba1,180,PAYMENT,13788.75,4.361273022368551e-06,low,1.0903182555921376e-05,False,0
3089bffbb51c94b8f3dba7473da0c7a083eacd1c,301,CASH_OUT,16293.58,0.0002237290842458606,low,0.0005593227106146514,False,0
09e0ffa8a0162f20e1a3088ab2ab9bde38469bd0,375,PAYMENT,3213.27,5.094708467368037e-06,low,1.2736771168420091e-05,False,0
47572e016b469a4e60d2edaeb1342590c4ad09e1,11,CASH_OUT,333232.62,8.168142812792212e-06,low,2.042035703198053e-05,False,0
4be7afc67616358b6d56cb0a9a7bca5c27ae7a95,297,CASH_OUT,652940.56,0.010995088517665863,low,0.027487721294164658,False,0
048ec1458084ca3aafe421b606fdc9a2a32338a0,94,PAYMENT,9489.36,6.283527181949467e-06,low,1.5708817954873666e-05,False,0
c8c806c4e998d6664f9d497386b783f9826c1ec6,253,CASH_OUT,94256.33,2.967760665342212e-05,low,7.419401663355529e-05,False,0
41ad8d665ddebb82412a0c1d8733afc49cd2e347,185,CASH_IN,64986.02,5.6498822232242675e-06,low,1.4124705558060668e-05,False,0
305c6dc038c163045cd095a34c96013661373b1f,14,CASH_OUT,153478.52,3.8992051850073045e-05,low,9.74801296251826e-05,False,0
4d713bf2b243139296d5908c02e0bd02c36a6570,503,CASH_OUT,136021.1,0.0009565376676619053,low,0.0023913441691547632,False,0
f2b4e3a35c70928beeaff01afb8acda7c219e6e0,93,CASH_OUT,89082.42,0.00029023783281445503,low,0.0007255945820361376,False,0
08b3e334fc2d0d6d62e3a758f4aefdc040bad30d,9,CASH_IN,102064.73,2.0534895156743006e-06,low,5.133723789185751e-06,False,0
9c233957c0286e2b41a356a021ba802280bbae42,351,CASH_IN,374123.72,1.1454108971520328e-06,low,2.8635272428800818e-06,False,0
90007daff126b0015534ee10740ec71d53b0f7e5,33,CASH_OUT,16779.87,0.0003206486813724041,low,0.0008016217034310102,False,0
4ad8191b731185382326b9ef4777723540b59652,323,CASH_OUT,12652.22,0.000285775656811893,low,0.0007144391420297325,False,0
82dbe3fa2d7169281c31119410f68cff0d29df70,209,PAYMENT,18339.17,9.743326518218965e-06,low,2.435831629554741e-05,False,0
466ac71782a13c75bf467dd162558f74614ed53c,399,PAYMENT,68502.82,2.2278039978118613e-06,low,5.569509994529653e-06,False,0
45ca4668cf5104dc960294dee1556d8d049c7fbb,136,PAYMENT,6066.01,4.742616874864325e-06,low,1.1856542187160812e-05,False,0
16159b524d0f62086f172bc8e1b09f68fbcb04b3,187,CASH_OUT,230986.55,3.4169283026130873e-06,low,8.542320756532717e-06,False,0
c8b0ebace0900a735673f4bc6077a4484e2adec0,350,CASH_OUT,141945.06,0.0003151647048071027,low,0.0007879117620177567,False,0
dbf66a12704287219cda95e9cae4a35b6312b239,354,PAYMENT,6323.31,1.113432226702571e-05,low,2.7835805667564273e-05,False,0
42dd830c04193824d181998b8f9763e91439ce72,156,PAYMENT,6042.9,1.1683641787385568e-06,low,2.920910446846392e-06,False,0
14ddf0ef55255d6c5481c22c065a2cee47680584,233,CASH_IN,46091.83,4.81827519251965e-06,low,1.2045687981299125e-05,False,0
8d0f554a262def40ab4c9d5af8ec7b509e46270c,259,CASH_IN,144010.77,6.778115675842856e-07,low,1.6945289189607138e-06,False,0
a64a945b9264ff93a86aca37ed9e8faeb2488443,133,CASH_OUT,262038.62,0.2208639568090439,low,0.02715989202260971,False,0
0476e594ce890a1d9ed908a0ab7636bb3825c0a5,377,PAYMENT,7193.73,1.1362705845385791e-05,low,2.8406764613464475e-05,False,0
11feb99ac403948ad3d005410a8444f1b08112e9,210,PAYMENT,4069.91,1.3953355664853007e-05,low,3.4883389162132517e-05,False,0
133b10abfc3df97dd736e007c2fe0b49c2368e05,254,PAYMENT,23461.45,1.1442301911301911e-05,low,2.8605754778254777e-05,False,0
82be0269e222e2a76ec741df02fe1c24ab275ff5,308,PAYMENT,18964.22,3.693955659400672e-05,low,9.234889148501679e-05,False,0
3212d961fec0806975c5c9c9d22e4a0703d6feb7,41,CASH_OUT,104847.34,0.0004291767254471779,low,0.0010729418136179447,False,0
c1955ea5b74b1b42efb59018c2765bdd6e25ece2,300,CASH_OUT,82488.13,0.00010622673435136677,low,0.0002655668358784169,False,0
75cda7b9d449f017606ef9f4abf34a54fb2bdbab,237,CASH_OUT,422226.1,0.0009511603973805905,low,0.002377900993451476,False,0
5ae5d8ab5c852a6e842316b2ea55d59beee9bb0c,205,PAYMENT,20520.98,1.5923062164802106e-06,low,3.980765541200526e-06,False,0
f419ce25e23088315022de97d4b85420195305ac,46,PAYMENT,2767.56,0.00010079479543492199,low,0.00025198698858730495,False,0
02e6e88f69bf947b007b3601ad935ea5db417604,204,CASH_IN,243601.48,4.073942545801401e-06,low,1.0184856364503503e-05,False,0
7d01010daeec6617a9f75186ceb86366a6a699eb,330,PAYMENT,7377.62,1.0560786904534325e-05,low,2.6401967261335813e-05,False,0
cb21c721f1a466123aba2d02279bbeb64859c555,407,CASH_OUT,437755.5,0.3899160385131836,medium,0.974790096282959,True,0
ecc5722d172f987ba9c85adbd2724133265b7d5b,231,CASH_OUT,336623.03,6.99725205777213e-06,low,1.7493130144430324e-05,False,0
4cad3002771390cbe3591b02ed17de394d756d44,508,CASH_OUT,350233.1,0.6094770765304566,medium,0.9986926913261414,True,1
a6e8f9e7a24eaeec432ef56082a8a54a97282d65,235,CASH_OUT,123073.89,1.9784542382694783e-05,low,4.946135595673695e-05,False,0
5023a2398809a30434ba21b932d777cdb6d8090e,261,CASH_IN,375683.56,5.559680721489713e-06,low,1.3899201803724281e-05,False,0
a36dad60d0f015b120a0441549a5750da6221dc2,186,CASH_IN,149543.84,7.759402797091752e-06,low,1.939850699272938e-05,False,0
135d2e7da155ba8de7b87d269f966058b4f206ec,47,PAYMENT,740.74,1.025540550472215e-05,low,2.563851376180537e-05,False,0
3f0361bba7337bd3a7817572e4ba127276266758,10,PAYMENT,31803.69,9.194006997859107e-06,low,2.2985017494647764e-05,False,0
d63d8e903e3c8f2c8f660d83c68a3bc44869c410,396,TRANSFER,571778.3,0.09000088797842183,low,2.2199460545380134e-06,False,0
f6fe702fa13b8cbef8df871feb95b326b010d6a1,36,CASH_OUT,186180.16,1.2238881026860327e-05,low,3.0597202567150816e-05,False,0
38502d59325186f3a9d1ab63d64d32d150506056,351,PAYMENT,8942.56,5.169852011022158e-06,low,1.2924630027555395e-05,False,0
cfb6bc0162fc051f5e54ffb28b85b8351f580d58,324,PAYMENT,996.06,1.2402870925143362e-05,low,3.10071773128584e-05,False,0
4ebf6a54dcd76ebcf0fe1cb94bd906390f94b690,210,TRANSFER,792616.06,0.2685061429491325,low,1.5357372831203975e-05,True,0
749ebb60f6bad959f9a9b8079eabb854ec293210,327,CASH_OUT,156688.16,0.00016459733014926315,low,0.00041149332537315786,False,0
95e357680d807a683210b9cf1bc5deb345870007,681,CASH_OUT,159381.05,0.00025310104247182607,low,0.0006327526061795652,False,0
66e74c488f5017de6a36b409d30d3ec554ea0e67,238,PAYMENT,4787.7,2.7224523364566267e-05,low,6.806130841141567e-05,False,0
56fbb429e7caba6bd79e6b052b55723c8a89c240,309,PAYMENT,10247.14,5.189170042285696e-06,low,1.297292510571424e-05,False,0
570c89fe80112753e010ba1f288fc470b4148dda,382,CASH_OUT,216903.23,0.0010633288882672786,low,0.0026583222206681967,False,0
e015a11538ca4c386b4101baab777609c9953c09,276,CASH_IN,43113.41,1.7179419955937194e-06,low,4.294854988984298e-06,False,0
72a9dd570a76944014df2e1924138550e06b2e46,35,PAYMENT,3071.95,7.285206083906815e-06,low,1.8213015209767036e-05,False,0
74826f0e46c48dd0a6f0037da0ad2b2b6d731eb7,371,TRANSFER,372027.38,0.09025822278112174,low,0.000645556952804327,False,0
9585e2316fbe4e4fd1b098d2e335a92002fb867a,251,CASH_OUT,438047.22,0.0002732647117227316,low,0.000683161779306829,False,0
2711e86efa876b9477a6ccca9ef9e8ec52a0ab97,458,PAYMENT,2655.75,3.556028605089523e-06,low,8.890071512723807e-06,False,0
42a9e047c588180b64b96b2d8996b9f2fa7a7a4d,283,CASH_IN,226024.92,1.2820154370274395e-05,low,3.205038592568599e-05,False,0
b40c135668aeb183844ac09b052275301e8ef3fb,43,CASH_IN,187306.62,8.608273674326484e-07,low,2.152068418581621e-06,False,0
a7c9bed26d550b3822dc26c974faad5fb6458052,306,PAYMENT,12978.51,4.812874612980523e-06,low,1.2032186532451306e-05,False,0
52a9f947e11eecd7473a08febc2270a270e3a7ce,308,CASH_OUT,1518.29,0.0006813399493694306,low,0.0017033498734235764,False,0
6161a7840129b927985dec412eba1d144df63460,164,CASH_IN,330834.97,9.784761641640217e-06,low,2.446190410410054e-05,False,0
f901fad7123adacb2c191b0e9e2f83200e7f7864,40,CASH_OUT,137552.95,0.000176642881706357,low,0.0004416072042658925,False,0
1b489b5e8d6790730dbebbae47d857adca2408ab,133,TRANSFER,199496.4,0.09013993536122145,low,0.0003498384030535817,False,0
777862e506852b2426d92afe7bdea6645ffaf409,157,PAYMENT,15555.6,2.0344898075563835e-06,low,5.086224518890958e-06,False,0
c4cbc53e67ccbd8e1b5c07917791f742d0b438bc,44,PAYMENT,12439.28,1.6952366422628985e-06,low,4.238091605657246e-06,False,0
b3c63832a01c9acea14bca985b29e3f8b1117104,161,CASH_OUT,275292.8,0.0002434530295431614,low,0.0006086325738579035,False,0
56e09c00d8c58ed2f4fa9840720ce7471fb755b5,281,PAYMENT,3037.4,3.549648681655526e-06,low,8.874121704138815e-06,False,0
8e70971b408e46d42cbf3dc1cd8415979ecc8ad0,230,CASH_OUT,243481.77,0.00045411228202283386,low,0.0011352807050570846,False,0
c412fed82e767fc586fa3ae2e14a1c7507e8a34c,234,PAYMENT,5631.55,1.7241145542357117e-05,low,4.310286385589279e-05,False,0
7e28a19cf80951cd402cedd2b9b1453d4bb479ad,236,CASH_IN,59567.59,5.9339661675039686e-06,low,1.483491541875992e-05,False,0
1f169bbcdac903182157afb05303d26b5fdf4b13,377,CASH_OUT,311933.56,3.306886064819992e-05,low,8.267215162049979e-05,False,0
e103c0b90ccad100991809d84fb7e7b0e20e2a91,140,CASH_OUT,152359.0,0.0002430903958156705,low,0.0006077259895391762,False,0
91a55de3eecf0d5a7fc8008a370ee12f4c4e1c87,231,CASH_OUT,26031.75,0.0005054796114563942,low,0.0012636990286409855,False,0
0fd5e3617ad01b72455a6405fe20487d70b1b728,207,CASH_OUT,173466.39,0.21378612391650675,low,0.009465309791266918,False,0
9977b458c5b473daa4bb9d314287c2ce1c80a5b3,180,CASH_OUT,247870.62,0.00046253255568444733,low,0.0011563313892111182,False,0
512c6d3e211e4cadf1418ce2a78fecfbbbf9bd8d,330,PAYMENT,34069.55,4.8643571062712e-06,low,1.2160892765678e-05,False,0
0062af648abc8317316e716b66b41a4271f82889,211,CASH_OUT,24166.59,0.0002945092506706715,low,0.0007362731266766787,False,0
f5d1d944ed852b7ed1c4338eee02e899be919e91,305,TRANSFER,4814994.5,0.09000460340197607,low,1.1508504940138664e-05,False,0
035600eca6d5c6fed9a6f8e828aa1bd2bd63c548,302,PAYMENT,22737.3,2.874440688174218e-05,low,7.186101720435545e-05,False,0
8cde04c2063ecf828e54500f176c08d4e031fe51,324,CASH_OUT,113058.82,0.0020153343677520755,low,0.005038335919380188,False,0
36140358e7127084052c35b855308a6b5cdb9c53,332,PAYMENT,11030.58,1.434430159861222e-05,low,3.586075399653055e-05,False,0
18d39392d534349550e7622ddc025a717fe3d0ce,211,PAYMENT,21517.89,2.2359150170814247e-05,low,5.5897875427035615e-05,False,0
b84a183708b1adaf08dd03455a3830854f73e59e,139,PAYMENT,6338.36,5.066804078524001e-06,low,1.2667010196310002e-05,False,0
8d5d4a73001c11ced405fa3416ead07c3c7cef46,687,TRANSFER,755271.6,0.2688352305619046,low,0.000838076404761523,True,0
be475340df4003785d7f8567fa1a32db4adfcd08,178,CASH_IN,87249.28,2.162831515306607e-06,low,5.407078788266517e-06,False,0
8ac51b5a421307b3665756e210981748f8d5d094,135,PAYMENT,3081.99,1.0107505659107119e-06,low,2.5268764147767797e-06,False,0
2fef24c4a069b12aa3a34142b6fda2dca4235b6e,279,DEBIT,982.25,5.244737621978857e-06,low,1.3111844054947142e-05,False,0
c6ab002d2b4cb104513a413503bc65aad3026c3b,357,CASH_OUT,433207.1,0.210120591185987,low,0.00030147796496748924,False,0
6392a7ae92b92f65d6de718e4636868e8ee17989,261,CASH_IN,48772.37,6.3939543906599285e-06,low,1.598488597664982e-05,False,0
09a5dd41ca6959e8e4e4f4c204f56739ddf74b6b,260,CASH_IN,58674.0,4.414327122503892e-06,low,1.1035817806259729e-05,False,0
71bc250c6e29f883763265f0f90e04577c6ec605,130,CASH_OUT,275785.47,1.3083656085655095e-06,low,3.2709140214137733e-06,False,0
d3448bce24cc094a2004056722eb8982aa09ac11,282,CASH_IN,118863.89,3.962170376325958e-06,low,9.905425940814894e-06,False,0
76c34e72fe941742f38bcdd46d9f59b680a27e1b,185,PAYMENT,27913.72,3.6964316677767784e-06,low,9.241079169441946e-06,False,0
71d237b9f41fbc73058e448f103f57d081170c15,251,CASH_IN,197546.92,8.305493793159258e-07,low,2.0763734482898144e-06,False,0
9335b2f6034377a5623cad891a691691247f72f8,35,PAYMENT,8167.34,1.104718103306368e-05,low,2.76179525826592e-05,False,0
abaf5beab048c8e6e4aba290f568ad67a900674e,323,PAYMENT,22630.48,8.923619316192345e-06,low,2.230904829048086e-05,False,0
2b5db4d582cff1fc0795ee8de2c0e9ec0c4dda2f,329,PAYMENT,57099.81,6.97067123837769e-05,low,0.00017426678095944226,False,0
38699584fffbf9d0cc001536dad06f7c1f789f95,211,CASH_OUT,18080.57,2.0150029740761966e-05,low,5.0375074351904914e-05,False,0
7feb1de0b3079c73c1be2a691510dcb89cf9226b,254,PAYMENT,14323.62,1.7700223907013425e-06,low,4.425055976753356e-06,False,0
45c3830861223e02899dc35f179df7e77a056709,162,CASH_OUT,178001.58,0.00021971322130411865,low,0.0005492830532602966,False,0
7c79b928fc6b4bfdab8df1266975b44c6f4ee08a,134,PAYMENT,11264.82,9.532406693324447e-06,low,2.3831016733311117e-05,False,0
f4f3fd9ef10fe013fc2f0b274d19e9eb2a422c2b,253,PAYMENT,25032.95,6.853765225969256e-05,low,0.00017134413064923137,False,0
73eb191a9341050dbb23292fbfe76e7996af9947,94,TRANSFER,1403682.6,0.09031009388621898,low,0.0007752347155474126,False,0
cad222213ba2d38329ab84562bf9c6a86101db2b,274,CASH_IN,83783.63,2.9006437398493293e-05,low,7.251609349623322e-05,False,0
05dafc8a1bb9c1f6414668fb186e5f2f6436ea7b,229,PAYMENT,3189.57,1.1903398990398274e-05,low,2.9758497475995682e-05,False,0
aafa058745c761bd01fd07b740b8676736c99cdf,188,TRANSFER,326001.97,0.09011922214180232,low,0.00029805535450577736,False,0
4a5d5367c77cf994791b97049dd5a78a9a529b52,40,CASH_OUT,7620.2,0.00013487405376508833,low,0.0003371851344127208,False,0
718abeab8d650258fd74d77c9bdbe50ea096e660,131,PAYMENT,11916.83,7.563283725176007e-06,low,1.8908209312940016e-05,False,0
4d6e94598d59459bd7e69968f3e55c1243b620cf,283,CASH_OUT,117436.94,2.1613336866721514e-05,low,5.403334216680378e-05,False,0
6e2757bf34b8ed0f948ab0840493dbb3fc6e3e8b,38,TRANSFER,803562.0,0.0900981835415587,low,0.0002454588538967073,False,0
b3598b80f905fdbd68364cbca7f8bcb9c7362b26,259,PAYMENT,13743.71,1.3915749150328338e-05,low,3.4789372875820845e-05,False,0
34a847a993dc72f0d986470d4582da24daced0e4,373,PAYMENT,2280.31,1.0260911039949861e-06,low,2.565227759987465e-06,False,0
d2b507a9a7bd6940a0ff7cba852d8c41683c29f0,155,CASH_IN,176822.75,3.586116872611456e-06,low,8.965292181528639e-06,False,0
8c1294b25a032dd1a3719b9538ca092598a08a30,43,CASH_OUT,150685.75,3.883949830196798e-06,low,9.709874575491995e-06,False,0
dff223793309e140d890b6716a9180b78a93fd60,132,CASH_OUT,89809.0,0.0001658385735936463,low,0.0004145964339841157,False,0
4a559b41bbcfff8b8ae3f411d1fec25deda31066,180,CASH_OUT,66015.52,0.0002034271601587534,low,0.0005085679003968835,False,0
07ed7d09fcc66e8c32c2ffc4c222bfa9e7c13f17,402,PAYMENT,47575.01,4.981586826033891e-05,low,0.00012453967065084726,False,0
c5a95237783d04a7c90714592a9d366cf6c50d12,207,CASH_IN,582003.9,1.251393259735778e-05,low,3.128483149339445e-05,False,0
4a46ccfaf0ac476b463f939ee77cf44deb9071e9,253,CASH_OUT,272288.12,0.0002467443002387881,low,0.0006168607505969703,False,0
b9280d74578890b9fff396265f3d0374c836303b,178,CASH_OUT,282185.9,0.00027536160778254273,low,0.0006884040194563568,False,0
388d337a991b0609ea6eda81001c299b1f045ed3,141,CASH_OUT,298402.53,0.00041158166714012624,low,0.0010289541678503156,False,0
7d08a3bc5d0ab0bfa51c5ab21a7313ef51d79a59,249,PAYMENT,13654.58,1.1675366113195196e-05,low,2.918841528298799e-05,False,0
1721522b59329ad7b3885cde0270e836d3a940ac,133,CASH_OUT,361474.6,0.0006104630883783102,low,0.0015261577209457755,False,0
b795f3c9c428234b22186ea4a0bffbee06c51e18,165,TRANSFER,775040.7,0.09032625426538289,low,0.0008156356634572148,False,0
c613af0c611b8e606c0972e9ff700b88690e86bd,203,PAYMENT,14126.93,5.110981510370039e-06,low,1.2777453775925096e-05,False,0
98e73d98b298f5b8d43545a38c6eb10e62d4f01b,235,CASH_OUT,217530.95,5.52513447473757e-06,low,1.3812836186843924e-05,False,0
5cd35d24d639169d39d8914033478a14f6eb888b,232,CASH_OUT,83467.81,9.405346645507962e-06,low,2.3513366613769904e-05,False,0
403408d4888c14f9e8ccfa2901feabf1e672e2ac,18,TRANSFER,43126.22,0.03352963924407959,low,0.08382409811019897,False,0
828ff751035da9ffd88962b3f44442f6f781b727,398,CASH_OUT,63157.52,0.0004591696429997683,low,0.0011479241074994206,False,0
b696dc107655a74fb2b8bc96d2f566a9b8c135e1,394,PAYMENT,8051.74,8.034933125600219e-06,low,2.0087332814000547e-05,False,0
ace05f0e64a91c7a300aeefa8085dc96e1c2d5e1,686,PAYMENT,10359.21,7.645399819011801e-07,low,1.91134995475295e-06,False,0
27d7dc7732d00ec0c7818a1164e5897d173ddebd,346,PAYMENT,11845.76,8.451945905108005e-06,low,2.1129864762770012e-05,False,0
91d55b0d8088619ea40cc4dec0607bdc8dd672be,346,TRANSFER,33358.23,0.0004923280328512192,low,0.001230820082128048,False,0
ad217992ca8a25876e38a64fa64612f6b05cb8f3,16,CASH_OUT,557446.75,0.21008298872853629,low,0.00020747182134073228,False,0
166213619224bb59c62f4b8f320be7c89f21c392,408,CASH_OUT,111682.99,0.0024874558672308925,low,0.0062186396680772305,False,0
2009ae8e911dd6e951c7ca63c2c96536a7857c09,326,PAYMENT,17876.67,1.986593269975856e-05,low,4.96648317493964e-05,False,0
e5046667a2a7bd8f7b051399d91d977b76fa08f8,258,CASH_IN,164887.73,5.023248377256095e-06,low,1.2558120943140239e-05,False,0
586bc8bfb597f684c86cf45c7a8fbb6a86a6947e,188,PAYMENT,1461.58,1.2977566802874209e-05,low,3.244391700718552e-05,False,0
7bbf7c64f6c725139b30c5d7703d03b6a2c0fb3e,157,CASH_IN,59212.91,1.1717944289557637e-06,low,2.929486072389409e-06,False,0
df21ba4bda9a798c3bdfc9dd14056fd617baa707,134,PAYMENT,9550.07,4.050574716529809e-06,low,1.0126436791324522e-05,False,0
c0795ffc37c8509f31b8888bc8ccf8d06b8ad6eb,325,CASH_OUT,74669.16,0.0005597047042101621,low,0.0013992617605254054,False,0
b60b855d1e53f181fa223079dc8395e1fc44eeb6,153,TRANSFER,1949718.5,0.0900599924242124,low,0.00014998106053099036,False,0
2bb562cb3cd7d0be9534fb51a0e0084ef156f269,373,TRANSFER,1155127.2,0.0902638168167323,low,0.0006595420418307185,False,0
0185f18a3ba1ed20888acc6c207829712ecdc1bd,681,PAYMENT,16750.93,8.733316644793377e-06,low,2.183329161198344e-05,False,0
dc2b5f7f70e1924b985db0628eac5513b94b00ae,133,PAYMENT,5208.05,0.00011612941743806006,low,0.0002903235435951501,False,0
b144070fa2b7bd69f73d7ae81ba59ef228daf581,353,PAYMENT,1598.55,1.2072420940967278e-05,low,3.0181052352418192e-05,False,0
af52b77a65b72d373389adccd97ae79398d3ee79,238,PAYMENT,1152.26,9.476048580836506e-06,low,2.3690121452091262e-05,False,0
d00666f4289ffc7163c791d3f50c40eec28b4145,278,TRANSFER,75284.42,0.00014458583900704982,low,0.0003614645975176245,False,0
f732b256f6c76681caefa7de6940c249857e77f0,12,CASH_OUT,32185.64,0.0012705210596323014,low,0.0031763026490807533,False,0
b5757413f699acc85f47d58cff1011932ce6b720,284,PAYMENT,8959.71,1.7131744243670257e-06,low,4.282936060917564e-06,False,0
e24a4b033d2c4a981d4cda2122f75bb29df0c00d,178,CASH_OUT,13376.93,0.0003125031013041735,low,0.0007812577532604337,False,0
2c85f4649bbb701660909e1793f5c0930f418daa,45,CASH_OUT,58216.38,0.003153769671916962,low,0.007884424179792404,False,0
87a7559e4f8018cae34920e057eb20d2968634f0,226,PAYMENT,52482.91,2.5867439035209827e-06,low,6.466859758802457e-06,False,0
22d131673347fa318365b2be362af0edb5c5cf3d,299,PAYMENT,39657.04,9.915594273479656e-06,low,2.478898568369914e-05,False,0
8ee3afe29941bcc71eeb5db2155b5a751537f7a0,16,CASH_IN,364437.94,6.4280946389772005e-06,low,1.6070236597443e-05,False,0
ed1dcc461633ac785324ecb47142e7017448bb7f,298,TRANSFER,628299.44,0.09025388915091755,low,0.0006347228772938251,False,0
d65b48266797b13b1de70b3666e6dabb830db65f,187,CASH_IN,232728.94,6.165204104036093e-06,low,1.5413010260090232e-05,False,0
3cd2395a3296e558628ceb0acccc2de09d3215dc,359,PAYMENT,7106.63,9.815538214752451e-06,low,2.4538845536881126e-05,False,0
ba720e5bfcff0c990c152f476c1d6608350ad9e1,138,PAYMENT,29806.59,8.12825674074702e-06,low,2.032064185186755e-05,False,0
e0172db841f060a1891fcb435b4cec817e50b1e3,235,CASH_OUT,113922.5,0.00040302532725036146,low,0.0010075633181259036,False,0
9711504c15dd56986eb9a87969817cc08c7b2673,205,TRANSFER,1942148.1,0.2689744444508106,low,0.0011861111270263791,True,0
8bcbdad0b213c4ca7233b326a89993808e0011ba,8,PAYMENT,11231.63,7.121188446035376e-07,low,1.780297111508844e-06,False,0
fcfda1b7ef119c6ffe2058b558ccb7f69fee4c46,10,CASH_OUT,72235.15,0.0001981214387342334,low,0.0004953035968355834,False,0
9808b6a99c8bc2ff719d3b09db3c03c75d3ff76d,234,CASH_OUT,471796.97,0.21003084655909332,low,7.711639773333445e-05,False,0
40f51ac189fbb1bb25864071d6b7b93aefd6fb2b,379,PAYMENT,17602.42,6.8527602707035845e-06,low,1.713190067675896e-05,False,0
4ea21727fea683c71975e51bc9e3aa33c324473f,141,CASH_OUT,140704.06,0.00022778192069381476,low,0.0005694548017345369,False,0
bafe95de98ed55be5fc331250137dd87f9dcf93c,162,TRANSFER,455030.16,0.09029448834247888,low,0.0007362208561971784,False,0
9aed9160271fde63af5da32e748db3c43962a3e7,131,CASH_OUT,84870.43,0.000482924422249198,low,0.001207311055622995,False,0
2d5f1217c29353ef05ce15d05512fae96ed6448e,354,CASH_OUT,88451.56,0.00037713316269218924,low,0.000942832906730473,False,0
e4c947a21bfbbcfb8c879cd681d037ec9f6841e3,186,CASH_IN,299622.47,9.935775597114117e-06,low,2.483943899278529e-05,False,0
bcc43c4ae9e2a5eaffb8009a3faf226aeab7f00a,403,CASH_IN,237196.94,1.5670647553633898e-05,low,3.9176618884084746e-05,False,0
da1aeb8f122d34f3ffdd081e76b8d64f9f0593f7,209,PAYMENT,3232.41,5.724461152567529e-06,low,1.431115288141882e-05,False,0
0f6aabc46fbb516bf6c5b2227e598c6fe9a0d357,180,CASH_IN,310103.88,5.0580754759721465e-06,low,1.2645188689930364e-05,False,0
7f7384d784f8dbe9e2a46d69d4c53a6cfa420bc1,312,PAYMENT,19979.93,3.4308337490074337e-05,low,8.577084372518584e-05,False,0
2e262956082facea09471efb327eb6c600f033dc,96,PAYMENT,11940.53,1.001239215838723e-05,low,2.5030980395968072e-05,False,0
33623b31f941ed3acd90e4b1bcfde9ddd2a2434a,189,CASH_OUT,99963.89,0.0012522176839411259,low,0.0031305442098528147,False,0
68dd0ec2e70d9ed773500cdde082a5c7ac714d6f,132,CASH_IN,536666.9,8.696059376234189e-06,low,2.174014844058547e-05,False,0
4fcfbb1854a47b68417d67684a8307cb505a11c4,215,CASH_IN,17881.24,9.987587691284717e-06,low,2.496896922821179e-05,False,0
bcae1641c7a055099d3a57c2f14e394cca30cc77,546,CASH_OUT,66175.66,1.9188980513717982e-05,low,4.797245128429495e-05,False,0
e00d8493952fdd0a28585f5579f4e43f6dc80f9d,403,CASH_IN,18253.87,1.1872771210619248e-06,low,2.968192802654812e-06,False,0
1b87497e0790bdd7cf793a3831100afe87df8fbe,356,CASH_OUT,46670.85,0.2651195049285889,low,0.6627987623214722,True,0
6c02e44b5618092b5661cb7f702ba242b1c5e7a0,476,CASH_OUT,385064.78,0.0006494118366390467,low,0.0016235295915976167,False,0
22a791d43196dd719df50e1042e213dd8b4987e7,181,TRANSFER,991924.06,0.09009601672645659,low,0.00024004181614145637,False,0
bbd141ba49b5652b0cffc6c15a55110356feee6e,254,TRANSFER,394147.4,0.2685124369456899,low,3.109236422460526e-05,True,0
7b0f086514ab496e1eb62e06823aff007b4a3f74,16,PAYMENT,27525.26,6.224385579116643e-05,low,0.00015560963947791606,False,0
0d4f15ee12615372995bdabab034ace16ee916d6,393,CASH_OUT,252955.67,7.010290864855051e-05,low,0.00017525727162137628,False,0
ea903c66fe9bdead880a1075ec5f3e89642c607e,201,PAYMENT,267.77,9.049267646332737e-07,low,2.2623169115831843e-06,False,0
53e19b85554dccef0b6c40a2ffc8b662817ada12,234,CASH_IN,24818.04,1.8868342522182504e-06,low,4.7170856305456255e-06,False,0
d201e4c87787f1ab2bd43c866aaccbb9cbf1b908,183,PAYMENT,3878.39,1.28328989376314e-05,low,3.2082247344078496e-05,False,0
5cfa00b54d9a0bf5da0b412dc314ed4eba2b84d2,163,CASH_OUT,292335.16,2.1077892597531902e-06,low,5.269473149382975e-06,False,0
21726b7b1677e9caad043a9eaaaa6d5a0f092066,251,CASH_OUT,206441.94,0.30309617877006534,low,0.23274044692516327,True,0
f71cceeb2fb037f7acae726d810d9b45b246a5dd,208,CASH_IN,146635.02,4.520551738096401e-06,low,1.1301379345241003e-05,False,0
12a150fc7e1308e8af325e6f34e5841f078d23a6,138,PAYMENT,4336.6,1.3953355664853007e-05,low,3.4883389162132517e-05,False,0
47e9ad814beefe8a7ee1d50a87752768e846e1d5,274,PAYMENT,4934.18,3.1252642656909305e-06,low,7.813160664227325e-06,False,0
77f875d808e32fe25cab67d672f7b3857cc6a66f,208,PAYMENT,6575.93,7.534380983997835e-07,low,1.8835952459994587e-06,False,0
70cfdf3a40cbe79ee5d8dc47bf7446e0ac163ec3,252,CASH_OUT,323437.72,7.740363798802719e-06,low,1.9350909497006796e-05,False,0
2693006890bb9e7d71bdac1102a51fa707da7c30,205,TRANSFER,903160.4,0.090101584661752,low,0.0002539616543799639,False,0
d00e4a864103e65dcc3d5c0960b135fcd47385fe,20,CASH_IN,412997.53,1.1511781485751273e-05,low,2.8779453714378178e-05,False,0
ed268a9098ecae40025ce39513249e754b0bbcea,35,CASH_OUT,185351.02,0.00027207480743527416,low,0.0006801870185881853,False,0
2dd452b83325fd2238879b27c5cea7c56df5b716,22,TRANSFER,1048750.2,0.09043880925513804,low,0.001097023137845099,False,0
74b3cfd1b4e8cdb22c76c1dcec528b4c183ccd97,596,PAYMENT,7429.87,1.7306940571870657e-05,low,4.326735142967664e-05,False,0
cd5da6a932a28b42311162d416a16aa3b4ec6407,379,CASH_OUT,173536.84,0.00015610777772963048,low,0.0003902694443240762,False,0
3d96f6cb44fdcd2d8b2f5914b0f2c31ead7c6b72,306,CASH_IN,1908.73,3.177114649588475e-07,low,7.942786623971188e-07,False,0
f35c66027c47be367569d76d1b8d7335008199b1,141,CASH_OUT,207473.06,0.0005946248769760133,low,0.001486562192440033,False,0
9d7222330d6db8055a016c551862512655d752f0,479,CASH_IN,21183.19,1.3000893886783162e-06,low,3.25022347169579e-06,False,0
e51c433fa599d5e76dc85fe43ed9720c69fd40b6,10,CASH_OUT,26567.53,2.0524696446955206e-05,low,5.131174111738801e-05,False,0
be28e503678aef3bf3de68d4275adbe298f04a4c,43,CASH_OUT,20903.54,0.0002967615146189928,low,0.000741903786547482,False,0
b9b003c4460d3102484cd7eb08d562129dd3229e,277,PAYMENT,22613.42,2.553552621975541e-05,low,6.383881554938853e-05,False,0
823c44c17779ea63a7f1154dd74986e1e7083e4e,178,PAYMENT,1679.27,9.235414472641425e-06,low,2.308853618160356e-05,False,0
2adb4766b2fdf9649144bce851afe3f810b16717,94,PAYMENT,74.9,3.806187305599451e-05,low,9.515468263998628e-05,False,0
8a8df420c8ba2408049009bb0993f7b4091211f9,41,PAYMENT,8307.25,8.005608106032015e-06,low,2.0014020265080035e-05,False,0
3d1ebf58b0ee1ed35a0c3ba31072b9d8cb1cded6,356,CASH_IN,121776.12,3.894996189046652e-06,low,9.737490472616628e-06,False,0
f894b497293ba2e2f7f5a963821e2d3e460a0e5a,136,CASH_OUT,276481.03,0.00020787734538316727,low,0.0005196933634579182,False,0
5a4c56b1baf58441ae1593a7fc7874a32fecf945,323,DEBIT,7523.4,6.569262041011825e-06,low,1.6423155102529563e-05,False,0
5ee9cf7d2c01635897001df942160860604b1be2,354,CASH_OUT,273125.38,0.00025825698394328357,low,0.0006456424598582089,False,0
3f4672d01af610c849d4cc913ebc3388f4dff176,133,CASH_IN,212074.38,6.412950369849569e-07,low,1.603237592462392e-06,False,0
a06f3730c89910def4726418168b6c7f9df1ae0e,187,PAYMENT,7728.4,1.0388102236902342e-05,low,2.5970255592255853e-05,False,0
07d5c10c6fb6248f06ef44fa3cbac9178b6e6e3c,212,CASH_OUT,76572.91,5.391489248722792e-05,low,0.0001347872312180698,False,0
d4ac45fbf21915a1122b8044faa0c8c39e92196a,378,CASH_OUT,106714.57,1.683058071648702e-05,low,4.207645179121755e-05,False,0
20c156416233ce019a8eb529ccce6645c067b7bc,308,CASH_OUT,296073.94,0.0002751522464677692,low,0.0006878806161694229,False,0
eca0fa381bec214143071bd6082db67819521b6c,185,PAYMENT,7352.51,3.923471012967639e-06,low,9.808677532419097e-06,False,0
49105c2dd7b8dbb325803d540697a450f224b26c,42,CASH_IN,153784.19,9.000075078802184e-06,low,2.2500187697005458e-05,False,0
d0c80a8d8673c785c70a41ad658321d20f1ca911,186,CASH_OUT,168824.03,3.7824522587470716e-05,low,9.456130646867678e-05,False,0
7d09eb9e16a942944fdccb15600f66170c02295b,157,PAYMENT,7754.19,1.8355851352680476e-06,low,4.588962838170119e-06,False,0
ae0008be9becb1a392687f9aa9436e701f7f09a1,299,CASH_IN,105600.25,1.9832015823340045e-06,low,4.958003955835011e-06,False,0
412c0aae79b2030d33cb52ff571809ebabe2872e,18,CASH_OUT,77487.99,1.7518823733553292e-05,low,4.3797059333883226e-05,False,0
994ce1f9a00b722bb46cc5e1e87f71a840bd2602,181,CASH_OUT,221955.48,3.327323065605015e-06,low,8.318307664012536e-06,False,0
12098079e0c15a15a05590ff13958b2c43752cad,202,CASH_OUT,107610.94,0.00025363131426274775,low,0.0006340782856568694,False,0
c208dd2722230d74aa9d0f1d2b59d9238441299e,6,PAYMENT,12295.28,1.4880429080221803e-05,low,3.7201072700554505e-05,False,0
5759f9f4b363d9a6805aece1d6a71ccb25062429,405,PAYMENT,1238.18,2.194139779021498e-06,low,5.4853494475537445e-06,False,0
7342fb44b04b5875d90ab1fa7a62a0c8a3330920,301,CASH_OUT,403188.22,0.00016149788862094284,low,0.0004037447215523571,False,0
0e3d8ecdbf0c54c0fd6df4914447ed80a434aaf3,399,CASH_IN,161817.62,1.2609311670530588e-05,low,3.152327917632647e-05,False,0
4041e2f42fae16b64eaf6ea1014c08db1a7a2ad1,249,CASH_OUT,159812.83,0.00013149912701919676,low,0.00032874781754799187,False,0
615ecca83dde2c40904bbb367cfcb8847b7d0738,404,CASH_OUT,118045.35,1.589165913173929e-05,low,3.972914782934822e-05,False,0
0ef578ec30b28466dd4222dee2f758b4a433f3d5,250,PAYMENT,8202.75,4.241880014888011e-06,low,1.0604700037220027e-05,False,0
0b798215499fe0bbff2655c7ece08d3cdbc510ef,226,PAYMENT,10496.55,8.233186235884205e-06,low,2.058296558971051e-05,False,0
9435977cb5b368c41554dea8504b9b22786a0570,376,CASH_OUT,20999.66,6.828097975812853e-05,low,0.0001707024493953213,False,0
188936e588c6c7fedf92a29a26fd978292942a5a,187,PAYMENT,3013.47,4.5218457671580837e-07,low,1.130461441789521e-06,False,0
7ee53a4fc52ed7be24fb4f3907dc16835daa2b8f,277,PAYMENT,9667.38,1.0193422349402681e-05,low,2.5483555873506702e-05,False,0
b1085b6ba28f74d11a8cbb7895274e1388ed948e,357,PAYMENT,3524.24,2.5168057618429886e-06,low,6.292014404607471e-06,False,0
57cf0592915d6b85123cb5cd2515b2a9568f08ba,405,PAYMENT,12431.45,1.782123581506312e-05,low,4.45530895376578e-05,False,0
70bcb0c0da26854d901b1370a687206c88280d11,230,CASH_IN,124873.75,3.0812694603810088e-06,low,7.703173650952522e-06,False,0
4bead46f6da4d71bb219a78aea0366ccbc700222,180,CASH_IN,194663.22,1.6208508895942943e-06,low,4.052127223985735e-06,False,0
b166c9dd98ce846c1c179ff7fca7399b960dc35a,691,PAYMENT,8676.16,1.0388102236902342e-05,low,2.5970255592255853e-05,False,0
839433526708b244a3452663fdffcc7944839cd2,380,PAYMENT,15263.89,3.693955659400672e-05,low,9.234889148501679e-05,False,0
e0f4b1ccb05002835b663f7318306edb68d84a33,133,PAYMENT,18470.1,7.5420284701976925e-06,low,1.885507117549423e-05,False,0
0ce62473647cc0a9125c32329e768e2c6e4b50fd,540,CASH_OUT,9404.13,0.00011578903067857028,low,0.0002894725766964257,False,0
6c811991cd06a70643b383b87df5597c3186c50a,331,PAYMENT,28511.02,6.356252124533057e-05,low,0.00015890630311332643,False,0
4bdcc9e3dfa29cab0871044ec47a33d453d921ec,12,TRANSFER,1041335.56,0.09000103212387331,low,2.58030968325329e-06,False,0
8a929f8fd648c65a01a48cf4721f1ac3a05752e9,458,PAYMENT,14770.47,7.564863335574046e-06,low,1.8912158338935114e-05,False,0
1f371bdce8a0fabb0cf94b8b65072375b801c3b9,132,PAYMENT,4435.81,1.2379437976051122e-05,low,3.0948594940127805e-05,False,0
dfda3cb5b9e207ff45c12914c57142edee2eeab9,255,CASH_OUT,251055.05,0.0001944017829373479,low,0.0004860044573433697,False,0
37d86fd576f2a3895dd114a46cf01e007bad2f35,132,CASH_IN,242031.77,7.313887181226164e-06,low,1.828471795306541e-05,False,0
ba7fe1a376c07e4750ab47161c4a6eedee6b5c14,307,CASH_OUT,136781.56,8.687368244864047e-05,low,0.00021718420612160116,False,0
aa8dc04afdef747f0748a1c64cc635817c1df0e7,39,CASH_OUT,420756.22,0.0002668585162609816,low,0.0006671462906524539,False,0
6c305a3fd140a10c5633e667e89b38c6b8daba44,129,CASH_OUT,221671.27,0.0002772183157503605,low,0.0006930457893759012,False,0
7a66cf20c8934309a2e75651c9e33571322fe8c6,130,CASH_IN,238297.27,4.0396302210865546e-06,low,1.0099075552716386e-05,False,0
1340ad6e2719f893610bac79312d69731e0a4904,232,TRANSFER,894608.25,0.09003000436990989,low,7.501092477468774e-05,False,0
fe2bf663569bbe5d52f17fc24bfdd15d39211df1,34,CASH_OUT,53674.11,0.00042837043292820454,low,0.0010709260823205113,False,0
20daa9ca17de87bfb4a719631fa82b38b0225273,235,CASH_OUT,176263.7,0.21527335852384566,low,0.013183396309614182,False,0
e69fa96cb789dccce3eccb2eeebf46a88b6fed38,204,PAYMENT,8570.77,8.886549767339603e-06,low,2.2216374418349005e-05,False,0
4604da045c54d2cb7d2e3be9d7188aae63cd210b,308,TRANSFER,4416554.5,0.0902157460898161,low,0.0005393652245402336,False,0
62192f3f6f27bae422f02ed5dadc909168d63fa3,285,CASH_OUT,94846.54,0.001411841902881861,low,0.003529604757204652,False,0
bc708780943d5d4972a91f957e4ff7d6348dc4bb,348,CASH_OUT,57488.19,3.261817910242826e-05,low,8.154544775607064e-05,False,0
ea10a83738b013044c313ed49c06b111f8c55ebc,305,CASH_IN,111949.45,2.981250690936577e-06,low,7.4531267273414414e-06,False,0
3b8772ad6f65ce8bba578c9dfc0e2770fd37f0be,372,CASH_OUT,381449.4,0.00028335340321064,low,0.0007083835080265999,False,0
52eb59ba32e7955cd9d225013d05fed059ffb68e,311,PAYMENT,35134.46,8.184543694369496e-05,low,0.00020461359235923737,False,0
77d77f425864ff18604450ed214c83874f8848be,525,PAYMENT,5536.09,2.335351164219901e-05,low,5.8383779105497524e-05,False,0
dd15620582741b71008223a98035bb05629e4c45,355,PAYMENT,9323.59,9.840684651862831e-06,low,2.4601711629657075e-05,False,0
b745aed4ef9f212ddc8fd34639ce3c6d1278412a,9,PAYMENT,18290.11,1.0180952813243494e-06,low,2.5452382033108734e-06,False,0
f736a063f1222d9bceec92a9eb1b3b40519cabc6,281,CASH_OUT,5287.31,0.20578005313873293,low,0.5144501328468323,False,0
137b94e018466e8e64aed02df6ca05d4d0c13688,261,PAYMENT,2823.4,8.186334525817074e-07,low,2.0465836314542685e-06,False,0
24711fe2718d361f819c4dffb65ba823cb15a318,403,CASH_OUT,437936.8,1.8394121070741676e-06,low,4.598530267685419e-06,False,0
51fbdd70f5126e1517da40dc5527ddf313bc4dfa,163,CASH_OUT,59552.33,0.0003643222153186798,low,0.0009108055382966995,False,0
11029b4fa2acdb157221d91f838d8a73c1daca6b,45,PAYMENT,3699.82,1.1950380212510938e-06,low,2.987595053127734e-06,False,0
27ab11348591dd9daaea0693050f4920681300d9,252,CASH_OUT,234933.81,1.6884451906662434e-05,low,4.2211129766656086e-05,False,0
4249da7a27bdc6fbd6b0b782854cebf75e76d2f0,228,CASH_IN,141157.45,5.655411769112106e-07,low,1.4138529422780266e-06,False,0
678766ed2bc1288a211a4c367f35d070bb6aded2,260,PAYMENT,3802.91,2.2866552171763033e-05,low,5.716638042940758e-05,False,0
959a4161ce8aaa7f07fd4534ae06d986d486d8fb,11,CASH_IN,323423.5,5.326500831870363e-06,low,1.3316252079675905e-05,False,0
79007f52791939717cf773ab94e1d2e3b8f3ddeb,132,CASH_OUT,289825.1,0.21577882304787635,low,0.014447057619690895,False,0
73c256ab4c29a451b81f29e263cffbf35ce21f78,590,PAYMENT,4956.55,1.6641392721794546e-05,low,4.1603481804486364e-05,False,0
b5edcd958e2581a08412be70452205e41d79053d,299,PAYMENT,8803.78,4.259810157236643e-06,low,1.0649525393091608e-05,False,0
6bde221d72498c08189bf7fb12030a8aa57ebf37,236,PAYMENT,5174.3,2.82543885987252e-05,low,7.0635971496813e-05,False,0
fe723bfab8bb914ba9e52862886e0b59b67853f3,165,PAYMENT,10619.53,1.308946666540578e-05,low,3.272366666351445e-05,False,0
9161681a2ded32053350951589f2cbacf49837e8,303,CASH_OUT,317027.62,0.0003407957032322884,low,0.0008519892580807209,False,0
40a5a35608514368d2847c08d1760d34c8275284,283,CASH_OUT,155474.88,0.00020059826783835888,low,0.0005014956695958972,False,0
85c7ea96315f835ff0aa5c8c7f7910611cd92204,323,PAYMENT,4440.89,1.2148598034400494e-05,low,3.0371495086001232e-05,False,0
7598ac272256f2f9d930ac45c2e59b2fbffbe16b,235,CASH_IN,62131.83,2.175543522753287e-06,low,5.438858806883218e-06,False,0
492d7eee2d1df9914d2ad57864c6c5965144d06d,20,DEBIT,396.18,6.6892513132188474e-06,low,1.6723128283047117e-05,False,0
da158e241f7b7b3b8f0c5c62c0052876797a65ac,204,CASH_OUT,138117.3,0.00014865525299683215,low,0.00037163813249208033,False,0
f363c6f2ccbaf03eacdfbc85920342baf974ba9d,33,TRANSFER,1391634.6,0.09008448909502477,low,0.00021122273756191134,False,0
a89103b73b742b04c24f614825c0ae40d6816592,709,CASH_IN,75224.71,2.843203219526913e-06,low,7.1080080488172825e-06,False,0
fa7a8aaa2fe04e59857e8332ed3c7906cfef976e,153,CASH_IN,38037.47,2.713351022975985e-06,low,6.783377557439962e-06,False,0
7dc1efb6fafc753db1e57d29866ca9751cb1daad,252,CASH_OUT,115950.32,4.050775023642928e-05,low,0.00010126937559107319,False,0
eaebb3c8dd9a159e454717e98139502651a99cfb,250,CASH_OUT,79619.83,0.0002670720918104053,low,0.0006676802295260131,False,0
b479434c3f65e8a84356ab0f9aa1307a7c0bc410,284,CASH_IN,152531.8,1.1411844752728939e-05,low,2.8529611881822348e-05,False,0
1351e8bef4c6c3489074f1632f999267f4d1db11,374,PAYMENT,63022.73,9.873067756416277e-06,low,2.468266939104069e-05,False,0
fb7943f451a983b432336ba8d89b4ab30ccbf77a,384,PAYMENT,15295.0,2.4181474873330445e-05,low,6.045368718332611e-05,False,0
0d0ff5d8c1a80fa888856b1f54ee32136b2c403f,232,PAYMENT,30115.49,5.082387360744178e-06,low,1.2705968401860446e-05,False,0
e297249b0078c7a21ce37b32d0d80d297dd5dcac,129,PAYMENT,2786.86,5.904449062654749e-06,low,1.4761122656636871e-05,False,0
dee682ae105ab8fdde8e31d9a294ab8b20648a72,166,PAYMENT,10639.02,5.892231638426893e-06,low,1.4730579096067231e-05,False,0
230a6d0f9fb4bb79bd813ecb24a62ec6a52ebe82,182,PAYMENT,23440.54,4.975742194801569e-05,low,0.00012439355487003922,False,0
a26a9c420f8425229412ec66fbd3e19bf45e8a60,212,PAYMENT,96.96,3.179346967954189e-05,low,7.948367419885471e-05,False,0
b6aa248412018086a50ea9f16afd44fc14adc5a7,38,PAYMENT,1427.78,1.2141904153395445e-05,low,3.035476038348861e-05,False,0
e07bc658ace05b1f4ed4f827425dd1262c9265d9,154,CASH_OUT,107180.68,7.288458436960355e-06,low,1.8221146092400886e-05,False,0
1b55051ce49eeecb3cc8a54145d1825eb69e8980,352,PAYMENT,6672.81,9.220024367095903e-07,low,2.3050060917739756e-06,False,0
6cd198d315c3369e8cf4bb58c24728b8d330fdb0,376,DEBIT,8781.42,1.624106662347913e-05,low,4.060266655869782e-05,False,0
7de3c03d4245a5b43c51326599957c151b7626e5,154,CASH_IN,284897.4,6.852720980532468e-06,low,1.713180245133117e-05,False,0
dccb42f47403572c34ea4b36d715cc8069cc1ca8,35,PAYMENT,5889.82,2.4218459657276983e-06,low,6.054614914319245e-06,False,0
d4e0a0eb9e957bc38b245d73ceb52df975251a3b,47,PAYMENT,6538.85,1.528125139884651e-05,low,3.820312849711627e-05,False,0
270734ad6ef006934ce606b63908edde8068151d,187,CASH_IN,27882.15,1.6210522153414787e-05,low,4.0526305383536965e-05,False,0
71be0fa8c1300ab585ce087add6b477882ebb88d,38,CASH_IN,24673.08,2.1804746211273597e-06,low,5.451186552818399e-06,False,0
4bb5895ee391444cba94fa03066f89690bbaca81,274,CASH_OUT,244337.83,0.21041345530189573,low,0.0010336382547393441,False,0
ee024c04987c26a9c50ae531999ab0caef2b7f0c,327,TRANSFER,1582483.8,0.0902298177452758,low,0.0005745443631894886,False,0
57f979cbc302e5071e89432f0a082c47da8b0e0c,301,CASH_OUT,110229.88,0.0007416469044983387,low,0.0018541172612458467,False,0
b9db3f8fc4c9aee4299813fd9fe8a23033767545,39,CASH_OUT,292143.28,4.733101013698616e-06,low,1.1832752534246538e-05,False,0
f58fd2e937d4caf57525c5b4e93724cd66d62896,235,CASH_IN,184932.31,5.1128292398061605e-06,low,1.27820730995154e-05,False,0
de457e5a0da515be53ba0877967e1b0ed943a3cd,11,PAYMENT,19532.77,1.791982213035226e-05,low,4.479955532588065e-05,False,0
de3fce167f9c3759f4fee8bb30cd44693c16f0ab,228,CASH_IN,193677.23,4.830923353438266e-06,low,1.2077308383595664e-05,False,0
47b18c214f9e5ae150d9f4bc42d394801072cfbd,348,PAYMENT,8240.11,8.886549767339603e-06,low,2.2216374418349005e-05,False,0
8349a0ebf8b254a3cd13d06aa91c44a553b611ff,229,PAYMENT,1114.23,1.349346130155027e-05,low,3.373365325387567e-05,False,0
5b41208320d9b1f1e797a0fc518bd1c26b8d2d6c,162,CASH_IN,108306.88,5.137673724675551e-06,low,1.2844184311688878e-05,False,0
bd52bc09154f2d417cb8159b94a80f48c3e003e9,310,PAYMENT,7409.68,1.8853379879146816e-05,low,4.7133449697867036e-05,False,0
983041011600d0f9df1f8d3a11a4d81528b098c3,376,CASH_OUT,5240.24,0.0002020752290263772,low,0.000505188072565943,False,0
f33db2d6214f1abf325e0701c2514222a4702c02,228,PAYMENT,1581.79,1.1119434930151328e-05,low,2.779858732537832e-05,False,0
7d7f7a85a9b164fa942e34507b9148b3ae682a8c,354,TRANSFER,1882995.1,0.09000322980959027,low,8.074523975665215e-06,False,0
4d6eddeb39b34e9dcf0824b87f56f056b10b7158,309,PAYMENT,29558.0,1.742230961099267e-05,low,4.3555774027481675e-05,False,0
587d0a0d55a304b00d8505550b63a7e2d77505ce,208,CASH_OUT,300367.1,2.3571325073135086e-06,low,5.892831268283771e-06,False,0
48d3ac4e5ae0640120c8fd45569e609ead6cef09,189,CASH_OUT,130060.0,3.304436686448753e-05,low,8.261091716121882e-05,False,0
616778b064e2544d45ff77dfdc92801cc5ed2bb3,403,CASH_IN,13084.15,2.890708565246314e-05,low,7.226771413115785e-05,False,0
aabe9cd3d38fb4ef9ddfd2fb3ccdbe4e35053d57,379,CASH_OUT,52682.73,3.556658048182726e-05,low,8.891645120456815e-05,False,0
ae8599d48b300861f7ef95a3e9c19a04946acfbc,154,PAYMENT,10402.04,8.860308298608288e-06,low,2.215077074652072e-05,False,0
9d40815b6c3c608ee0b69d5edab0a0851a814101,232,CASH_OUT,186734.48,4.141164754400961e-06,low,1.0352911886002403e-05,False,0
f6cf007ad5701ae3d829f39f64e45cbf8b702be0,350,CASH_OUT,350343.5,0.0007108376827090979,low,0.0017770942067727447,False,0
3436758a7f2122fdbcc5222f1d56330ee173d630,381,CASH_IN,51936.97,2.6505069399718197e-06,low,6.626267349929549e-06,False,0
8c9d21e772d135cd5652fad2afaa50966958d0d0,251,PAYMENT,5011.58,8.287809760076926e-06,low,2.0719524400192313e-05,False,0
2d11979f901a325817ee413334eded6d415206c7,159,CASH_OUT,113401.21,1.3291888171806933e-05,low,3.322972042951733e-05,False,0
60e9790000f1c246ece738545e6ce989c802689c,178,TRANSFER,405727.0,0.09010223623830826,low,0.00025559059577062726,False,0
0f79c2530c6b88b506a5cdae5aeb87a3643f1c75,179,CASH_IN,92372.75,8.211401873268188e-05,low,0.00020528504683170468,False,0
33935d2d07b149e7b97310410e3f10bf3e5eb44f,355,TRANSFER,207163.25,0.09000107079349619,low,2.676983740457217e-06,False,0
7289acf1c8b6472162a05c640ca97c0b17fce25a,206,TRANSFER,89454.93,0.0003161284374073148,low,0.0007903210935182869,False,0
ed56e13c4b59d236d9ec67ff330a41e78b39ae50,370,CASH_OUT,343472.97,0.00017846479313448073,low,0.0004461619828362018,False,0
c3ecb1dd39cf8fa8e22f86f4d26d44993b96f35e,259,CASH_IN,6349.07,1.118215368478559e-05,low,2.7955384211963974e-05,False,0
8567f14b3376adf14035b56a12b34268bfa51a2a,372,CASH_OUT,225615.36,0.00025964644737541676,low,0.0006491161184385419,False,0
10e4a379371271cf59804b4c057de3ef13bc6d03,12,CASH_OUT,212534.62,3.305090285721235e-06,low,8.262725714303087e-06,False,0
08350de463d35681c4f448e3e7e1394874a302d7,261,CASH_OUT,260325.27,0.0004239095374941826,low,0.0010597738437354565,False,0
2cd048b674d5f37eac09403096bce918f19005ac,44,CASH_IN,203175.22,3.1096529710339383e-06,low,7.774132427584846e-06,False,0
33fb454286bd66262fbc16c1db66a9550f529175,692,PAYMENT,18322.66,1.1944231664529072e-05,low,2.9860579161322676e-05,False,0
124f414080c2522711be18b62e6c50884638cbdd,567,PAYMENT,13056.33,1.3011062401346863e-05,low,3.2527656003367156e-05,False,0
a95d39efca77db39e6b38c9538865308e3eaa9ad,186,CASH_OUT,106667.76,0.00043817353434860706,low,0.0010954338358715177,False,0
b45703511bd9c097805774b90df85ba068eba34b,380,CASH_OUT,141812.61,0.2101598242088221,low,0.0003995605220552534,False,0
404430ac2bf728c31708736deb521e51cf23e406,381,PAYMENT,22978.52,3.549099492374808e-05,low,8.872748730937019e-05,False,0
2e824cfdab1559417beda916a20202c58337c69e,16,CASH_IN,295528.53,3.07373170471692e-07,low,7.6843292617923e-07,False,0
d5b20a36ed277c50ee29e249d421a709bb77beca,237,PAYMENT,6513.28,2.9064305635984057e-06,low,7.266076408996014e-06,False,0
abd0a09385f8807257c7b1f3eaaffded4d3e990f,273,CASH_IN,133186.58,1.235623312823009e-06,low,3.089058282057522e-06,False,0
ce1796cbf30299d385736ecad929ffe719c70d83,251,PAYMENT,28761.6,1.3678603863809258e-05,low,3.4196509659523144e-05,False,0
694c7eecc1944583e4373f226e377863867470b3,161,PAYMENT,12804.25,4.2839485104195775e-06,low,1.0709871276048943e-05,False,0
34bb82fec4a840fb4d842232c1f05fb59847cea6,297,CASH_IN,5945.38,5.931779014645144e-07,low,1.482944753661286e-06,False,0
be46f52418ab07a2d1759a1a62daa4f8a9007a87,375,PAYMENT,2304.28,1.0148251749342308e-05,low,2.537062937335577e-05,False,0
5fdbe0baf5ddd088324baeb9dd35b41ee9c4f150,36,CASH_OUT,33177.53,0.003110094927251339,low,0.007775237318128347,False,0
d420b4919d6d7b2ea131cfeadaf832ff26c5cbb2,34,PAYMENT,6577.47,3.664215182652697e-06,low,9.160537956631742e-06,False,0
539bd6bf41f8bd699808c494182294227bcc1e5d,140,CASH_OUT,134151.56,0.00014566428726539015,low,0.0003641607181634754,False,0
a4ffc9d106eddce09291bb6ec7fc5f1b6e5bcc16,284,CASH_IN,86834.73,3.519553865771741e-06,low,8.798884664429352e-06,False,0
aa886e4f2c3040e05789bb024842a0da71f1a73e,490,PAYMENT,9725.18,6.53781262371922e-07,low,1.6344531559298048e-06,False,0
f837506d5bb5843262c7882c16d4c34cf026c7bb,251,PAYMENT,10218.75,1.01393525255844e-05,low,2.5348381313961e-05,False,0
0aba050311b61f6e09f47a693ad3ac150a50c2ba,158,CASH_IN,240261.95,7.1091220888774845e-06,low,1.777280522219371e-05,False,0
5a29a77524b99498246ca968d34b728142392ae8,19,CASH_IN,421285.78,1.1422481475165115e-05,low,2.8556203687912785e-05,False,0
af9f6dda7d79744cf38dfd96a035908f71eaad81,206,CASH_OUT,316340.25,0.5491844034194946,medium,0.8479610085487366,True,0
fdedfcffb26ee65c207d6476a577e2d06cfa8f86,211,CASH_IN,176725.28,7.048823317745701e-06,low,1.762205829436425e-05,False,0
19da090b185118b45973d0afba4f375ec21f609f,17,CASH_IN,172290.27,4.239453483023681e-06,low,1.0598633707559202e-05,False,0
7830ee4ce60eda8534c74d86af487fbc04fdf63f,394,PAYMENT,55871.17,2.7111280360259116e-05,low,6.777820090064779e-05,False,0
d78e139af7d48e9650f37760c75f98cde0c8aec7,349,PAYMENT,32272.48,5.7530622143531225e-06,low,1.4382655535882805e-05,False,0
05080c995a649f31ed73e8fc802a574810126db4,354,PAYMENT,5971.05,1.113432226702571e-05,low,2.7835805667564273e-05,False,0
d26c1112dd4470a1c6c51c89bc5c619e26b977e5,257,CASH_IN,185415.98,3.86635510949418e-06,low,9.665887773735449e-06,False,0
7f50a979ceb2f320fae334e9e8b8b610662b897c,226,PAYMENT,70366.54,7.440129411406816e-06,low,1.8600323528517038e-05,False,0
073cb1a71be250ba1f8b893343b929e8aa4eb313,20,PAYMENT,4643.38,2.2866552171763033e-05,low,5.716638042940758e-05,False,0
4e57724d3caafcdbd02e4a67c90eaed573a5f4cd,327,CASH_IN,53852.33,1.9526934920577334e-06,low,4.881733730144333e-06,False,0
9f6c435917ccade9dfd5964a5344e6bcfe196105,404,CASH_OUT,51383.2,0.00046127350069582464,low,0.0011531837517395616,False,0
61924977912c4c2fec7f5ee4447b9e113068dee8,300,CASH_OUT,244631.98,0.00045406734570860866,low,0.0011351683642715216,False,0
372c4d2a5ddfaec59a46866778b95864add13b91,33,PAYMENT,21005.34,1.5440805873367937e-05,low,3.860201468341984e-05,False,0
2016d1a0344da72e866c4f7f688e7ab24e6d15f5,206,CASH_OUT,113440.44,0.0012609880417585374,low,0.0031524701043963432,False,0
df720af6c69b3c5cd88add73377671f185a868c8,305,CASH_IN,54541.24,1.7537191524752417e-06,low,4.384297881188104e-06,False,0
ec126cd19fd2a66e257530e9b8fa9eb886f4a430,160,CASH_OUT,638563.7,0.0009236578829586507,low,0.0023091447073966265,False,0
860445b9fb261daa32be8811bf2534757b731236,371,PAYMENT,17989.58,1.791982213035226e-05,low,4.479955532588065e-05,False,0
13f253c236735b8e7d239a9f5e7d9ea9397d3590,204,CASH_OUT,361326.75,3.5285607737023384e-06,low,8.821401934255846e-06,False,0
d249975860b41df18efe385dee355a583c341ada,298,CASH_OUT,381337.38,4.7329569497378545e-06,low,1.1832392374344636e-05,False,0
53174068b0e22cc972591d477196bfdb2d20b55b,146,CASH_OUT,41982.91,0.0008991418406367303,low,0.0022478546015918255,False,0
4b3cae76d6f0b9d254fa4be801de30117c48582f,258,TRANSFER,219358.2,0.27415121285617355,low,0.014128032140433788,True,0
e3bf8a883762eb6dface360d071d0121191c1e05,18,CASH_IN,319943.4,5.669571237376659e-07,low,1.4173928093441646e-06,False,0
2c85dceff01ca4adc4ea4d580667093c154885e8,352,PAYMENT,5058.35,1.660737179918215e-05,low,4.151842949795537e-05,False,0
6d80e9ac4d9585639772c21b83c7b5f762348882,15,CASH_IN,114860.85,2.7278780180495233e-06,low,6.819695045123808e-06,False,0
7d55d74ce2be2693da554e6ae207c5ac0f266406,203,TRANSFER,385889.44,0.09011892787879335,low,0.0002973196969833225,False,0
3f65f008a6128b681d9a204e820f714fd2c2cd39,326,CASH_IN,367623.47,7.655077934032307e-06,low,1.9137694835080765e-05,False,0
bf428ef26a168f783f65d746e7d39419dcd978e7,140,PAYMENT,24489.7,3.898946670233272e-06,low,9.74736667558318e-06,False,0
22e65741e1a18ba27955eaadda1cb4b97a624313,396,CASH_OUT,421213.25,0.2103623016644269,low,0.000905754161067307,False,0
1911c0b597655b40e5bcb32c45f9a342c4f1a7f8,36,PAYMENT,51714.24,4.285456088837236e-06,low,1.071364022209309e-05,False,0
d6369f0207bf17d5b00df069643d190a61fc1759,397,PAYMENT,8105.25,1.0193422349402681e-05,low,2.5483555873506702e-05,False,0
b9d3cddc59c832aa145296f7aefd0a1378f10f5a,236,CASH_OUT,175073.23,4.5025757572148e-06,low,1.1256439393036999e-05,False,0
4f366950bdfe50e4c54ae3e7496fc3a06174263a,303,CASH_OUT,147058.45,3.0204260838218033e-05,low,7.551065209554508e-05,False,0
bf3efe2e8809699fd56672a79534986ddaea1e57,43,PAYMENT,13234.13,1.1853436262754259e-06,low,2.9633590656885644e-06,False,0
5138a76ce4c3e13bbbafc24ad8978711fd396944,235,CASH_OUT,77417.77,1.6709743067622185e-05,low,4.177435766905546e-05,False,0
dd2999c67a7e1d6ca42bd86410ac1a4b86130acb,134,CASH_OUT,260840.84,4.793806583620608e-05,low,0.0001198451645905152,False,0
00adaf0c8262fc6b7da0af4fa6bda1101f2ec440,332,PAYMENT,25020.6,0.00010100009385496379,low,0.00025250023463740945,False,0
94761869eeee7d9a89b19f4b00243f19cc8b9f2a,162,CASH_OUT,236490.62,9.613186703063548e-05,low,0.0002403296675765887,False,0
637ec557732b44904d55e6e2d3c1df2312bcc536,185,CASH_IN,128575.23,4.668756446335465e-06,low,1.1671891115838662e-05,False,0
a124b4897d222721ed8340f27a0b0dac2a14de8c,17,CASH_IN,122507.05,3.62400351150427e-06,low,9.060008778760675e-06,False,0
01e4e2e9a2d2feeaa604b5bbbe352fd1053a443a,16,CASH_OUT,518863.22,1.1841127707157285e-05,low,2.960281926789321e-05,False,0
57828cdb1639be1910a3b12a5edd60ddfac92243,136,PAYMENT,4877.69,1.3440434122458102e-05,low,3.360108530614525e-05,False,0
deecaff5e7169a32baa630ee57259156a44d57b3,298,CASH_OUT,485255.5,0.00012274448527023197,low,0.0003068612131755799,False,0
2d959ff0f86a74c183add6ee6d2b6a98b242caf0,379,PAYMENT,697.56,4.354671546025202e-07,low,1.0886678865063004e-06,False,0
15c205851da795cfbadd5617a39b943644821c54,42,PAYMENT,18218.92,1.6834341295179912e-06,low,4.208585323794978e-06,False,0
6dc9ac59d1c272de2088ef0d8c8393f0ae7d0d9f,180,CASH_OUT,92551.16,0.0004849762190133333,low,0.0012124405475333333,False,0
204387fe3645aef4fb6dde108dc44ac759eede20,178,CASH_IN,264285.28,6.513237167382613e-07,low,1.6283092918456532e-06,False,0
70df0fcd73944e9b92420b928fe9b3edc2a1593e,376,CASH_IN,238458.16,6.7325920099392535e-06,low,1.6831480024848133e-05,False,0
bbb80636e6e26a21ddf0b1c7a183c6949641c49f,305,PAYMENT,18609.21,8.350867574336007e-06,low,2.0877168935840018e-05,False,0
67e6b60c3f8762fd77464e5d6b455cc45cf28dd2,691,CASH_IN,51381.09,1.9268013420514763e-05,low,4.8170033551286906e-05,False,0
038878463bca63d7346e5acd5a9e822b5b201ce1,372,PAYMENT,1137.44,1.1160547728650272e-05,low,2.790136932162568e-05,False,0
4f48cb5a92fd5fd7a5597fdf94bd7aa30cb9c993,13,CASH_IN,21215.36,1.1530554729688448e-06,low,2.8826386824221117e-06,False,0
e4d97ed42f1d0db59dff970067f8b05a6f0210cc,376,CASH_IN,164116.44,3.4060780308209363e-06,low,8.51519507705234e-06,False,0
e737355484767a478e2de94a03f1444fadd04279,355,CASH_IN,177068.34,3.963548806495965e-07,low,9.908872016239911e-07,False,0
f7cc9cc8abb57ff5cfef5ff90a1bc03c48064ef5,355,CASH_OUT,369573.84,1.2128722300985829e-05,low,3.032180575246457e-05,False,0
aa5e3d1776cd6ffefab4a8052fde64b85182fb8f,14,CASH_OUT,96500.18,3.442589077167213e-05,low,8.606472692918032e-05,False,0
7791915a1d7ef0fc0b0295df74d60a3d8e374c9c,44,CASH_OUT,345717.78,0.0003675914602354169,low,0.0009189786505885422,False,0
75dff94c3943e8e0a62cbd0f55e4621e3243a155,210,CASH_IN,103677.08,1.4478373486781493e-06,low,3.619593371695373e-06,False,0
4fff33cfbf614cdfca1b355e33ce00be53ebd87d,41,CASH_IN,330372.84,6.881148874526844e-06,low,1.720287218631711e-05,False,0
5c7bd196acc3f9b41fc8131ab05108a3aa750e51,401,PAYMENT,20305.19,2.9071623430354523e-06,low,7.26790585758863e-06,False,0
7e89b48b173d33583fcbf6f8f61a99f5e886ddce,520,PAYMENT,5175.64,5.4227155487751595e-06,low,1.3556788871937897e-05,False,0
b5c2543faa33baeb830a7bcc57f831de6ab44796,307,CASH_IN,261334.98,5.221675382927061e-06,low,1.305418845731765e-05,False,0
956ad111964923bd08446659a5f53cabce67d214,187,PAYMENT,5708.65,6.525815024360782e-07,low,1.6314537560901954e-06,False,0
867fb2ee5ae4d7bfd9664924539f05362e19c10a,156,CASH_OUT,81075.9,0.21351108089089393,low,0.00877770222723484,False,0
438e59a5ecea295d9d40080183855a873097d473,298,PAYMENT,29387.08,5.1740906201303005e-05,low,0.0001293522655032575,False,0
8b4f7077753a67f758a2f1b6a9fcaa0488e5a559,33,PAYMENT,6006.16,8.7047548731789e-06,low,2.1761887182947248e-05,False,0
d619aca7e26f43bbc7061f1fc8d7b2b44617a47b,189,PAYMENT,7477.25,1.162975877377903e-06,low,2.9074396934447577e-06,False,0
28f31cde54d0f5f2edb0e82fdf75b09967569e35,371,PAYMENT,13262.51,1.3002441846765578e-05,low,3.2506104616913944e-05,False,0
a90f6d8e80d14c1e59e23e02592f2d44277a38f6,378,CASH_OUT,202182.62,2.936005148512777e-06,low,7.340012871281942e-06,False,0
ea71d1e617269403671265ad073d81c952fd0dc3,265,CASH_OUT,27672.73,0.0016994729638099672,low,0.004248682409524918,False,0
4b412f5763d4e590bdee283e74683dd563b0b21a,185,CASH_OUT,66694.98,0.00030582563485950234,low,0.0007645640871487558,False,0
fe1d00525bca98aac2f91e9c254120a8a4e4ff28,302,CASH_OUT,49972.39,0.00029127360321581366,low,0.0007281840080395341,False,0
e889752644227bb4c3688e28717fcc97acedf3ed,180,PAYMENT,5937.19,3.839370765490457e-06,low,9.598426913726144e-06,False,0
d2645acce4cbbaf8b55b1cc1a5cee9c46bcf0b11,184,PAYMENT,12329.51,1.2929784134030342e-05,low,3.2324460335075855e-05,False,0
202bae95715166ef23fa4f43590bab3452012ef6,44,PAYMENT,17652.46,3.693955659400672e-05,low,9.234889148501679e-05,False,0
00526670316cf510b2320a3bfae07bb59109ee41,236,CASH_OUT,122285.61,6.778336828574539e-05,low,0.00016945842071436346,False,0
b7c6496dad235b5c1e9f160f15e43d4407dd0639,216,PAYMENT,6366.43,8.144979074131698e-06,low,2.0362447685329244e-05,False,0
8cee85754a9f56c1cf02c036ae6bf11b75c3b764,189,CASH_IN,54673.88,6.785294390283525e-05,low,0.00016963235975708812,False,0
ed8c4a1fabc561fd8899e693816619a84fe6b8bc,139,CASH_IN,50492.97,2.171097730752081e-06,low,5.427744326880202e-06,False,0
7eac2feb23962bc80598981918b73d8d1b10a2d2,324,CASH_IN,4764.24,6.000012945150957e-07,low,1.5000032362877391e-06,False,0
f6e2e82bd8c48db5945bdccd6830ef82e2b8a488,135,CASH_IN,25216.06,1.5915653420961463e-06,low,3.9789133552403655e-06,False,0
be10ce008a5927e6b9ec3fc60cd7010aafd4e8e8,236,CASH_IN,136192.28,3.077342989854515e-06,low,7.693357474636286e-06,False,0
99f489e3f64d0baecbfa0ffccdb4afabbfce6e85,10,CASH_IN,35579.59,1.620336297492031e-06,low,4.0508407437300775e-06,False,0
6c92bf5344b20222a002847e5ae2cdc1a7c7047a,236,CASH_OUT,62746.28,0.0003822071710601449,low,0.0009555179276503623,False,0
3e8c5d044591a4331bd8cda997df1b33852d29df,404,CASH_OUT,97698.01,0.0014889133162796497,low,0.0037222832906991243,False,0
6fa12171584e63bb846dab3c1ed20faf70e7fd8f,373,CASH_OUT,16085.4,0.000215365388430655,low,0.0005384134710766375,False,0
ce863972fb43220e1c4f586e4fa4b367f419b950,227,PAYMENT,17319.01,8.747294486965984e-06,low,2.186823621741496e-05,False,0
4c5f755625a97bdeb3191c84787f98c82d3fd969,159,CASH_OUT,4968.29,0.0002013996709138155,low,0.0005034991772845387,False,0
cc664427dc6094f7ba137d71151d415db5c53840,14,PAYMENT,2181.51,2.909342583734542e-06,low,7.273356459336355e-06,False,0
ba634e2195d0fded791938f06311ea858078cbc3,15,CASH_IN,32514.21,6.900113658048213e-06,low,1.725028414512053e-05,False,0
fada1a63ba4ad8b8333ec9254082a87d809373e6,253,CASH_IN,425706.94,6.421165016945452e-06,low,1.605291254236363e-05,False,0
3e04b0d272a2e30a75f97c33b77fdce47b957fa5,180,PAYMENT,8156.28,2.487531673978083e-06,low,6.218829184945207e-06,False,0
e0dc32e7c124a0d2c25644f60cd14777f86bec8a,284,DEBIT,1193.51,3.705481140059419e-06,low,9.263702850148547e-06,False,0
ff3dde42fe7ba35d14daa50289fd81070fbef8cc,207,PAYMENT,19238.56,4.221061317366548e-06,low,1.055265329341637e-05,False,0
c524183abe9c2115dca4b94a3f0689453d2380bf,181,CASH_IN,194606.56,6.225550896488131e-06,low,1.5563877241220325e-05,False,0
81f62e9d583b59ec07762fce6440e5915241c38f,203,CASH_OUT,205563.4,0.0005159981083124876,low,0.001289995270781219,False,0
984bcc07375d6d8cbd99b964408567639ad95816,256,CASH_OUT,429447.38,2.6504589186515662e-06,low,6.626147296628915e-06,False,0
49d445d77724a206c176a296bfb554a6f0c221c0,644,CASH_IN,65690.57,1.091317244572565e-05,low,2.7282931114314124e-05,False,0
f3930b506f72c0832a0a713e46c7b9e615756dd6,184,TRANSFER,1086760.2,0.09000065594840635,low,1.6398710158682661e-06,False,0
2f9ba6b833c618b1479494f54f03b99bca574512,234,PAYMENT,9588.18,1.0004270734498277e-05,low,2.5010676836245693e-05,False,0
5c2c2a7e27167744bc0d4cabe46778414bd1c464,327,CASH_OUT,86240.48,0.0004387948662042618,low,0.0010969871655106544,False,0
29976525edd8556d52554a706566a0dfcc48bbdc,259,CASH_OUT,123476.32,2.66294606262818e-05,low,6.65736515657045e-05,False,0
cd563d75333d61bf93dce2a2e0a0b47be2345f6d,258,CASH_OUT,334950.25,0.0006399828009307385,low,0.0015999570023268461,False,0
4f10a6a8d058139d1db02f0a3bee513ea19571f8,372,CASH_IN,361524.8,5.947041427134536e-06,low,1.486760356783634e-05,False,0
415a8c89e9fcd6b33343ee6631a9f17bd9b54dc9,137,PAYMENT,10368.28,3.7306312151486057e-06,low,9.326578037871514e-06,False,0
7e91e759366d8204ae196072e596ef02f4948fd2,348,CASH_IN,89693.78,1.4588283193006648e-06,low,3.6470707982516615e-06,False,0
4f3e3488b3f02d99ea35f225cdd31decfa7aa2e9,370,CASH_OUT,70826.02,2.5228713639080524e-05,low,6.307178409770131e-05,False,0
c4427dfb7a8981f4888995a363568f1c87df6651,163,TRANSFER,636425.75,0.09003170122217853,low,7.925305544631556e-05,False,0
f7ffb03d387525095d19bd3c67efbf924bd5a1cc,330,CASH_OUT,199256.56,0.00021709001157432795,low,0.0005427250289358199,False,0
afdc508ec8837bc3358b075e70d483444b4c3f3d,406,PAYMENT,22725.05,7.680209819227457e-06,low,1.9200524548068643e-05,False,0
6e015892833cf22b194302bb1f4f2493fcc2bd98,18,CASH_IN,244253.77,5.00155620102305e-06,low,1.2503890502557624e-05,False,0
52da395bea26c27878f402cb9aa56efa05e7b35b,308,CASH_OUT,62587.79,0.000153019221033901,low,0.00038254805258475244,False,0
1b508024d5a77c8e79e1a059bcb3d798e0fd1cbf,299,PAYMENT,47265.18,5.079855909571052e-05,low,0.0001269963977392763,False,0
6042e235b82dcddcc15b73e57e8d2bb2d024c1a5,278,CASH_IN,257782.02,5.518109537661076e-06,low,1.3795273844152689e-05,False,0
81f9bf8ef34bf534bd7173150cd6f98c95a5160b,212,PAYMENT,4011.74,1.4519222895614803e-05,low,3.629805723903701e-05,False,0
1e533cb9f4c5b69a554d95affceb76461e89e5e2,189,CASH_IN,141365.84,2.495181397534907e-05,low,6.237953493837267e-05,False,0
2a23b381f9ca6234863504a1d57ee4c731ce2729,309,CASH_OUT,105027.67,0.00011204304173588753,low,0.0002801076043397188,False,0
6ef2d636688f9b2398b3dba67d73eb26cd5ab91f,190,PAYMENT,7197.62,2.1059063146822155e-05,low,5.2647657867055386e-05,False,0
2f0776705f5be8473187a633a32fc1109329d143,165,PAYMENT,44695.54,1.0984412801917644e-05,low,2.7461032004794106e-05,False,0
f27a985bac80611a2221884ac1cf0abb12a5d416,42,PAYMENT,6030.64,4.797747169504874e-06,low,1.1994367923762184e-05,False,0
0e3e2875835d4c4ed5ca73951a9157e723414fcd,370,CASH_IN,226688.5,1.147377770394087e-06,low,2.868444425985217e-06,False,0
ec3e0e787a3d5959f5a40d53fd5799ab8b38fcd5,395,CASH_IN,273661.1,5.362966021493776e-07,low,1.340741505373444e-06,False,0
b10c806d9dd4a282ac960af181106fa64da782a9,235,PAYMENT,3012.22,1.1830562289105729e-05,low,2.957640572276432e-05,False,0
8cdc047ca5ab7cb3597560c641d80f044e1c251d,205,CASH_OUT,57172.39,9.238036000169814e-05,low,0.00023095090000424534,False,0
b9d886969524e30efa0d9f98d67d385a181bbede,302,CASH_IN,137799.2,3.712937905220315e-06,low,9.282344763050787e-06,False,0
4e3f39db53229679f26e6ecbef488a79766d2b7f,403,CASH_OUT,148009.06,5.132105434313417e-06,low,1.2830263585783541e-05,False,0
e99a462da89b8aa578e319beba83b69659ff9952,324,CASH_OUT,455408.62,0.00033038998953998093,low,0.0008259749738499522,False,0
64b4bd9725273e017b43b730cbaeb19fa7268d35,261,PAYMENT,5922.73,6.071962343412452e-06,low,1.5179905858531129e-05,False,0
63e15236c9304d41415bf93398e047a2e6d28ac0,36,CASH_OUT,44378.92,0.0009786526672542096,low,0.002446631668135524,False,0
60f13941d4c6b75f085b0ddc1f76493bf22e6b0c,164,PAYMENT,2902.7,1.7493365157861265e-05,low,4.3733412894653156e-05,False,0
1010f0de4c2d3a2d87a0fd36f61b0601a5d7f6b5,162,CASH_OUT,158640.31,9.491287346463651e-06,low,2.3728218366159126e-05,False,0
0c41a238b1ea8ac14eb3985848c5920e3e8b34e4,17,CASH_OUT,208840.4,0.21005263689672574,low,0.00013159224181436002,False,0
5cccd3964a3e8b78130354b8c688deed542582fb,252,CASH_OUT,388191.94,2.170880361518357e-06,low,5.427200903795892e-06,False,0
b1dd4085cea0c9107490eb5626a1e3e2ead17908,161,CASH_IN,36924.34,1.8523294784245082e-06,low,4.63082369606127e-06,False,0
877de0bde35ef6dea815f450e8250af55d1802f6,354,PAYMENT,6726.96,1.2461806181818248e-05,low,3.115451545454562e-05,False,0
e2456645315fe1c11a0a3e71a99f622387b24d2b,139,CASH_IN,175449.22,1.5584447828587146e-05,low,3.896111957146786e-05,False,0
f13c5ce92612be8456beaeae10f43760b7c9cd20,11,PAYMENT,24737.95,6.25536049483344e-06,low,1.56384012370836e-05,False,0
ddfeca00d7c6b132461740693da71337c5f6ee5c,370,PAYMENT,19149.89,1.5659323253203183e-05,low,3.914830813300796e-05,False,0
f9f309c11ab04c2341556835cdcd994dfde3f718,36,CASH_OUT,131779.98,0.0004208070691674948,low,0.001052017672918737,False,0
210e0cb588f3abb9b7304f10b5a7de12b3878a21,281,PAYMENT,6471.47,2.321746615052689e-06,low,5.804366537631722e-06,False,0
eda6f54dc75bdd5cebff975bede4fb3625df2d0e,306,CASH_OUT,81701.47,0.23443349212408066,low,0.061083730310201645,False,0
1d6a51b4413e4f5f5da0b26dfb5c262091ee5e4f,305,PAYMENT,33386.23,5.8286869898438456e-05,low,0.00014571717474609613,False,0
5bef8c5493b2cf3f7cc5a3f6764c7729986541ae,181,CASH_OUT,138286.4,0.0002497651381418109,low,0.0006244128453545272,False,0
e561cdfdf3a65c70e9b92cbf6028a79f33211316,153,PAYMENT,22701.38,1.8825638107955456e-06,low,4.706409526988864e-06,False,0
091f0b6a912b976a598f06d118ee8a2f94c92540,14,CASH_OUT,49144.38,0.00022368228528648617,low,0.0005592057132162154,False,0
add71f44059252cee8853ad240d7fff0903a4e72,322,PAYMENT,25020.93,9.157875319942832e-06,low,2.289468829985708e-05,False,0
ca6a102ad4af83496dad71edf816aa9d79307db5,324,PAYMENT,19487.45,1.8260318029206246e-05,low,4.5650795073015615e-05,False,0
5c603b43865f238970cf258ae10fe1334dfacde6,186,PAYMENT,28225.73,5.62270543014165e-06,low,1.4056763575354125e-05,False,0
02ccce0e21b3f66d5fc4e9529c09ece3779999f2,163,CASH_OUT,123327.2,0.0006294045597314835,low,0.0015735113993287086,False,0
5d0ceca7d9a633d0a684a79782f5ab41a8073c2e,382,CASH_OUT,144453.7,0.2131532786786556,low,0.007883196696639061,False,0
4853c4310f7c47b73d9b5c7aade407d4351238f5,596,TRANSFER,216190.95,0.09000284012185149,low,7.100304628693266e-06,False,0
6db921458e73887f94f2a1ad6c84ad933e0a1bd2,329,PAYMENT,59013.91,3.288304651505314e-06,low,8.220761628763285e-06,False,0
266b6206b8b64fb2b7d6768a8d3f953e9f2b4f7b,254,PAYMENT,4332.8,3.898459908668883e-06,low,9.746149771672208e-06,False,0
dd5ddfc2f22b8d37a0f55a5807364b623bc499c3,325,PAYMENT,16727.1,1.986593269975856e-05,low,4.96648317493964e-05,False,0
c0f2fa3b49007b348a502dd5ebed2b5720a1bec7,235,PAYMENT,6874.09,3.9858492527855565e-06,low,9.96462313196389e-06,False,0
827422509c4658f0d48b325aba62057e016b8b0a,179,CASH_IN,72550.97,1.409058677381836e-06,low,3.5226466934545897e-06,False,0
b2bd6b0dff3cc2a1812ca2821f8ec6faec806d92,235,CASH_IN,15315.6,1.0008258868765551e-06,low,2.502064717191388e-06,False,0
12d2d55026336db46aa099bbaca3589bb2fc86d0,129,CASH_IN,68994.26,1.4735168406332379e-06,low,3.6837921015830943e-06,False,0
052a229648ad2fddb5d94489452d1ff7cb77531f,297,PAYMENT,47426.51,1.5860350686125457e-05,low,3.965087671531364e-05,False,0
5d258bbcce7b7bc882a5c653b38fc2dffbc40803,397,DEBIT,276.72,4.8671022523194554e-05,low,0.00012167755630798638,False,0
5d561528c5692957d0ebb1fbb8b93ab958caa7d7,235,CASH_OUT,58023.21,0.00024054835084825755,low,0.0006013708771206439,False,0
24d8f3b23173992b93f7b6343f16dbdb9fb499e5,162,CASH_OUT,231365.14,0.00019463179633021356,low,0.00048657949082553387,False,0
41ad9933d8cbe7678f700b6455ff14518602470d,327,PAYMENT,18835.96,1.793170376913622e-05,low,4.482925942284055e-05,False,0
5e0ac243caebd84129347a92283747e4f4143d83,164,PAYMENT,17485.76,3.568346437532455e-06,low,8.920866093831137e-06,False,0
0ff13be8745870264397e24f8f231b5943741f59,179,CASH_IN,7211.75,5.330159638106124e-07,low,1.3325399095265311e-06,False,0
515585a1da55608835f9100bd6428bad8de07bbb,394,PAYMENT,10215.74,1.020109084493015e-06,low,2.5502727112325374e-06,False,0
c5be56d63b668fd63eb4e1fe5e53af0242f3828a,285,PAYMENT,14646.65,2.9835518216714266e-05,low,7.458879554178566e-05,False,0
20839468b3621152d160dc1812e92739a7ace4e1,210,PAYMENT,6687.23,4.168687519268133e-06,low,1.0421718798170332e-05,False,0
057520366ce42c87d5186dc44b0b2a8fc34bda04,687,CASH_OUT,142874.14,5.284430153551512e-06,low,1.3211075383878779e-05,False,0
cc9b62afc3b8ab69d8de2c8e3180c789175cad75,17,CASH_OUT,228185.28,2.3687965949648063e-06,low,5.921991487412015e-06,False,0
2d689f1d568e3e03568a16a14e1536dd1aa7e94b,36,CASH_OUT,83248.47,0.22567381173372267,low,0.03918452933430672,False,0
12f2602703ec7693994de1d4f3187140cd1353fb,347,TRANSFER,950215.5,0.09000857565610206,low,2.14391402550973e-05,False,0
07024cb64deec832876c4c70b33ad6a10686d227,404,CASH_OUT,325691.56,0.00031415484845638276,low,0.0007853871211409569,False,0
cac9961b92da857b4fa0193b029982675f7daeb6,304,PAYMENT,21882.78,3.468672002782114e-06,low,8.671680006955285e-06,False,0
944aa24acd15d56709ee130fbee7dc1fdde7c3be,253,PAYMENT,36340.44,4.474610614124686e-06,low,1.1186526535311714e-05,False,0
5d7d8d7f675cf4b399de59f5f45b404c3eb3659d,144,PAYMENT,2566.2,3.0087775667198005e-05,low,7.5219439167995e-05,False,0
bbae3d4f6a01cff48e9ce0cf7f6ebd8c4af2b4b5,133,CASH_IN,209269.77,3.3394888305338102e-06,low,8.348722076334525e-06,False,0
4d610975b64cb5fae1018f0767853a97dff36e26,253,CASH_IN,66711.24,2.6058734874823132e-06,low,6.514683718705783e-06,False,0
d26d0a0362e1ad457e8bea27d0010d2244f2cee1,203,CASH_IN,37753.3,1.1746295058401302e-06,low,2.9365737646003254e-06,False,0
8c2fb9c584674bd4afdaef0277a447ac5f91f593,377,CASH_OUT,218537.8,0.21146762104704975,low,0.003669052617624402,False,0
5710c186ada2062e55f44c472f939cd85602189a,157,PAYMENT,12576.28,1.367699878755957e-05,low,3.419249696889892e-05,False,0
f4dd18e6ef98e8b1fe851b4421982cfabb1c160d,20,PAYMENT,30887.57,9.635678143240512e-05,low,0.00024089195358101279,False,0
df8ffb88c871bd2e8edc0c8e23d4b310c8203eff,286,PAYMENT,405.41,6.323357956716791e-06,low,1.5808394891791977e-05,False,0
820aa6d7fb6f1f3dbb8cd81c4e7b327d5e178fb0,257,CASH_OUT,272724.53,5.5159158364404e-06,low,1.3789789591100998e-05,False,0
a7575935855e7c4379b7dd1840a20850f65856c0,401,CASH_OUT,258039.27,3.499862941680476e-06,low,8.74965735420119e-06,False,0
4f95e38b69f2b56bb409230121ac76df353f4ef9,138,TRANSFER,249671.1,0.2706964991465211,low,0.005491247866302729,True,0
b45cdefb7f8269fc7b6e3e679094b33c98ea84e2,8,PAYMENT,10985.41,9.411232895217836e-06,low,2.352808223804459e-05,False,0
9613cd0582dcacc1294510e7e4f3686087372c18,9,PAYMENT,17386.2,1.6090882127173245e-05,low,4.022720531793311e-05,False,0
cbfb0f4050bbf48b81fbd01617074cb59cbdfc6f,208,PAYMENT,4489.41,1.3440434122458102e-05,low,3.360108530614525e-05,False,0
16b30aba1a2b0f3a53e41bb221fa1d51958cbcec,13,CASH_OUT,56042.01,3.422667505219579e-05,low,8.556668763048947e-05,False,0
df64cfab650aa7913cede9ad03751d71643c992a,225,PAYMENT,82884.24,0.0002259676577523351,low,0.0005649191443808377,False,0
950bc43c19cdb4ef74fb4cff9ae68297a160d6f4,307,CASH_OUT,156641.16,8.276128210127355e-06,low,2.0690320525318384e-05,False,0
f36304dedcf45758c51efbd09f931a900824c846,345,TRANSFER,3103311.5,0.09023887413553895,low,0.0005971853388473392,False,0
29021624d0a81e498bb1a2c26a50cd297bd4a93a,19,CASH_OUT,334050.9,0.0003559594042599201,low,0.0008898985106498003,False,0
f84ca1c5d76ae5701afa48d083e0ae3964ce7be8,131,CASH_IN,36273.63,2.64092959696427e-05,low,6.602323992410675e-05,False,0
622597d6447d87a04d148d72f0b211ae303a5be0,33,TRANSFER,686876.7,0.09008095583762044,low,0.0002023895940510556,False,0
6c2315b34e6938af34a0027fb434ea343a9f8b70,251,TRANSFER,173630.55,0.09000047109660955,low,1.1777415238611866e-06,False,0
68770c8fd5998fb18d2033850f73ef1619b3661c,16,CASH_OUT,105391.98,0.0004901422187685967,low,0.0012253555469214916,False,0
1104c9faadefd4f8e00f08cb70a61664982b4f71,36,CASH_OUT,379977.6,4.379674282972701e-06,low,1.0949185707431752e-05,False,0
e7c1298d426a9267063c3f07554c8bcc78cf72ea,41,CASH_IN,337917.84,6.068469701858703e-07,low,1.5171174254646758e-06,False,0
3c71b916488e560e56ae269ead36f190df052acf,42,PAYMENT,8860.36,1.0560786904534325e-05,low,2.6401967261335813e-05,False,0
b0b5ff1a7d278e45961798f425971293df8c0b36,225,PAYMENT,9009.14,1.4284853023127654e-06,low,3.571213255781913e-06,False,0
fe40dfa7e0d8821c526a0419cf41e9fdd1ce41fd,204,CASH_OUT,214664.6,0.0003040517447516322,low,0.0007601293618790805,False,0
78472235c3070fe80d9909569015f0341eab5f0e,154,CASH_OUT,136078.23,0.000146229041274637,low,0.00036557260318659246,False,0
f093cdeaf5a8980a1976567b49fb0dd83ca5c32e,301,CASH_OUT,507722.56,4.962028469890356e-06,low,1.240507117472589e-05,False,0
4fdab91f0b389dee2ba510ea54150cc0701317a6,44,PAYMENT,2032.88,1.7951495465240442e-06,low,4.48787386631011e-06,False,0
bf14dbc6856c6df6d3fba4c8f1d05a58ef22c0d7,380,CASH_OUT,169744.34,0.000684940442442894,low,0.001712351106107235,False,0
0fae3c198cd4e7126cf0b91eb982a755add1a1f4,18,PAYMENT,9951.03,1.1536713827808854e-06,low,2.8841784569522133e-06,False,0
b4fc279f8a38927410fdb36628dc8df13636e22b,225,PAYMENT,25669.04,7.1269001637119805e-06,low,1.781725040927995e-05,False,0
b0faa313a3fa7d7d08b7ca02266caf9575096b26,281,CASH_IN,393450.94,9.531415707897395e-06,low,2.3828539269743487e-05,False,0
498e2ce8272efb7066b3413ad04c26afcd47f847,178,TRANSFER,1144172.1,0.09000044833077482,low,1.1208269370399648e-06,False,0
c2518352cea5bff8c92ff96f6dfbef4a2ce4b629,201,PAYMENT,2645.93,4.562451522360789e-07,low,1.1406128805901972e-06,False,0
dccb71eb4fe0a92deb9a464e9be78c753f5908fd,154,PAYMENT,620.06,6.058471626602113e-07,low,1.5146179066505283e-06,False,0
4aa6c27d3ee2b5d0d007f3b261f4b8d8620ffd8b,38,PAYMENT,6505.09,4.0866631024982785e-06,low,1.0216657756245695e-05,False,0
8e1640438ecb8abf10f7f4ea9d8326345bdb6b99,298,CASH_OUT,69982.33,2.8196247876621785e-05,low,7.049061969155446e-05,False,0
1dc18a2526a6094072f263a8a62bb50247f4574d,275,DEBIT,11285.61,3.98814954678528e-06,low,9.9703738669632e-06,False,0
643c5ca50afd6800d56e409d1a437547a9d1a75a,203,CASH_OUT,215263.28,5.052887718193234e-06,low,1.2632219295483083e-05,False,0
d1875c54ddf9b0de9e413ad69a364eb9a21ee00e,132,CASH_OUT,152930.44,4.298865678720176e-06,low,1.074716419680044e-05,False,0
d9709f557c21308df7ecafb44728b10faa8b6dbc,190,CASH_OUT,107135.01,0.0017575494945049287,low,0.0043938737362623215,False,0
e10161739ef702d794067268b7a27e68bdf14210,17,PAYMENT,213.18,6.901954293425661e-07,low,1.7254885733564151e-06,False,0
5dee156228b2570aa70f88a9d001471f58b41a74,351,PAYMENT,6575.59,8.770691783865913e-06,low,2.1926729459664784e-05,False,0
90e2d7ca09c35bd40c25d6ed47b62730f16f7852,369,CASH_OUT,39595.3,0.23685929775238038,low,0.5921482443809509,True,0
a5bbc269f216cc54b40e59b82a73986292e4f73c,153,CASH_IN,216478.38,4.664052539737895e-06,low,1.1660131349344738e-05,False,0
56b322e5c89ca0639df461e5afdb20131b85eabe,210,TRANSFER,110771.99,3.6599795566871766e-05,low,9.14994889171794e-05,False,0
2c09fceda3be77512f28cef236fd57223c5d08da,239,CASH_OUT,150284.45,0.0009565376676619053,low,0.0023913441691547632,False,0
230f6991047a5d7d84c095fc4ea68752f0073c24,323,PAYMENT,53719.68,1.6914652951527388e-05,low,4.228663237881847e-05,False,0
e15079cde95b58491588bc9608f91844d48c83ed,351,TRANSFER,274961.88,0.09002764744276648,low,6.911860691616312e-05,False,0
37cb1bc596008393d1a91828e1afa359b6cf37e7,164,PAYMENT,613.43,2.628778456710279e-05,low,6.571946141775697e-05,False,0
2ff26d7c3227305df5c51d39f8d37512ba45130e,326,PAYMENT,4754.65,2.9997423553140835e-06,low,7.4993558882852085e-06,False,0
255b5ec78c955f273f2626f07eff08bfea54e594,212,CASH_IN,111042.05,3.7116100429557267e-06,low,9.279025107389316e-06,False,0
19c7288261fc9c8578a424051d9305894608f0ea,139,CASH_OUT,40023.28,0.08552265763282776,low,0.2138066440820694,False,0
0133845a1f98d9aaabf5727bb20ffbb2ee412536,240,PAYMENT,3881.87,1.6760795551817866e-05,low,4.190198887954466e-05,False,0
6b2073f26cfbe0c452693ac76a23d4ac5ba88c56,43,CASH_OUT,26109.62,0.0007512704003602267,low,0.0018781760009005666,False,0
03e48a9fa50fb08c81c40ac4a2b27a19444a3d6a,307,CASH_IN,194464.6,4.728111525764689e-06,low,1.1820278814411722e-05,False,0
578b3880b5ff4d87550ba3b9bb2c5238cbe51368,345,PAYMENT,15428.92,1.6090882127173245e-05,low,4.022720531793311e-05,False,0
8a19354b8919c2db4ecbe0d7a53bff891b1a1206,138,CASH_IN,354032.03,9.139388566836715e-06,low,2.2848471417091787e-05,False,0
739e72ce818a00a41a772cd5b10976d32106ff47,232,CASH_IN,140285.45,2.7817068257718347e-06,low,6.954267064429587e-06,False,0
67e509997c13e04ac4d228167adc67ae7d1daf4d,38,CASH_OUT,369834.84,0.21004405539948492,low,0.00011013849871233106,False,0
80c2e43a7a0b24a4f5e6c61252e911cdc2bd73e8,393,CASH_OUT,399023.72,2.730899905145634e-06,low,6.827249762864085e-06,False,0
b17c3317262e1d7b71cdd837673344601a1f1f81,139,CASH_IN,94111.74,2.7740348741644994e-06,low,6.935087185411248e-06,False,0
f584ad5da808eb9d182002502557c0edecc91511,264,PAYMENT,9108.2,1.0069270501844585e-05,low,2.5173176254611462e-05,False,0
548059fe766f6e8518fc7c3c46b06fc8b613d84f,206,CASH_OUT,89083.64,3.1017133733257654e-05,low,7.754283433314413e-05,False,0
d77bc9977bfc6e8f774bb203f3fb4283f550dffd,596,CASH_IN,232699.33,1.0083502274937928e-05,low,2.520875568734482e-05,False,0
f376a1dd675301afecb12a8801ebac3dcda4aa20,382,CASH_OUT,226910.52,0.0014885419979691506,low,0.0037213549949228764,False,0
13585df0a7d81842872b950b9bfa121a2cd25685,400,PAYMENT,10849.07,5.192758908378892e-06,low,1.2981897270947229e-05,False,0
78395bb84c0053a3d44631423d972349ed24a5dc,236,PAYMENT,247.44,3.179346967954189e-05,low,7.948367419885471e-05,False,0
8bd26fe3c31434abf40c30e25553ba3330188588,402,CASH_OUT,58337.56,0.0004641711711883545,low,0.0011604279279708862,False,0
697ce369641d06275426696ef4339b03757956ac,251,CASH_OUT,15829.37,0.00999242290854454,low,0.02498105727136135,False,0
cfd5cdaebff669760e7e4de763fe9b9c05f1c7b2,380,PAYMENT,10329.48,1.7816426407080144e-05,low,4.454106601770036e-05,False,0
c8aea97e9430509dbb9ef410e436e9a6761f8ffc,204,CASH_IN,91907.83,1.4573948283214123e-05,low,3.6434870708035305e-05,False,0
327ebc0dc8bb3b2f6c97164d3ce79495c6606d92,688,DEBIT,3319.1,1.1067068408010528e-05,low,2.766767102002632e-05,False,0
229d6852783942f1760add54df9e4e32397ae719,166,CASH_IN,254326.52,1.9563735986594113e-05,low,4.890933996648528e-05,False,0
804852d930d27be7b047f63732ea287ba18fbb8e,377,CASH_OUT,160420.3,1.9613426411524417e-05,low,4.903356602881104e-05,False,0
15127e922b4672668471ad157edae9204c464fa1,231,DEBIT,11336.32,0.014830803871154786,low,0.03707700967788696,False,0
751985ffbad2d3df54e971dd57939d184ee73e65,251,PAYMENT,9503.98,4.042281580041163e-06,low,1.0105703950102907e-05,False,0
9b7c07f5849af470ddd367205d19b6ec8fa9f72c,226,CASH_OUT,3937.1,0.00016219395911321044,low,0.0004054848977830261,False,0
56aab23e9bb3d3b09437c9076e5d33860b31f7e4,184,CASH_OUT,35787.6,6.920933956280351e-05,low,0.00017302334890700877,False,0
08759b7133940a705b3e90241727d7e04bf401d1,252,CASH_OUT,49273.13,5.1320687634870414e-05,low,0.00012830171908717602,False,0
60431cb3d3d67f71ea1e69b1127a8dbfe99e133f,358,CASH_OUT,172806.94,0.001391345076262951,low,0.0034783626906573772,False,0
164ccb60b34c1bf14a236dc7dcd3b776f5d47051,308,PAYMENT,3873.62,1.2137493467889727e-05,low,3.0343733669724315e-05,False,0
f0d4824644cecb9bf4f6d63b3f9685fb1fd2214d,164,PAYMENT,3742.08,7.842747436370701e-07,low,1.960686859092675e-06,False,0
233d7f56fd1fc0ab0bff27dea54ea77022d548b4,688,CASH_IN,152656.73,1.0304865281796084e-05,low,2.5762163204490207e-05,False,0
861863efb9fbe6316d99463da9ba7dabef299d4d,238,CASH_OUT,6128.12,7.866972737247124e-06,low,1.966743184311781e-05,False,0
a81052ce2bbaf49355f5bd45fe76074ad071efe4,283,CASH_OUT,28373.1,3.5174889490008354e-05,low,8.793722372502089e-05,False,0
e18ac32ba6aad88262e89b25334de4b179ee62e8,299,CASH_OUT,394053.47,4.270076169632376e-06,low,1.0675190424080938e-05,False,0
452c8e1d56f3a1af71f5293fc9b8c132e3e0258f,304,CASH_OUT,270226.84,0.00023739715106785297,low,0.0005934928776696324,False,0
3c75f5eb62fa11554751ff79d272edff44c006a5,335,PAYMENT,1989.07,4.602756962412969e-06,low,1.150689240603242e-05,False,0
a893a464c8f7fbbaa8f836381fcff343eda7d2a6,381,PAYMENT,6801.71,6.459483847720549e-06,low,1.614870961930137e-05,False,0
fd6087a85a8361dceb26cdb1486fae36775f1ed2,226,TRANSFER,1679273.9,0.26874058620911095,low,0.0006014655227772892,True,0
731866a9c6b42580ef4009e38dd123e96b2fc369,397,PAYMENT,10055.22,3.4281729313079268e-06,low,8.570432328269817e-06,False,0
8086c264b526da3c3e4f1e4d4fb947737e5ceac9,39,PAYMENT,22932.1,2.3049316951073706e-05,low,5.7623292377684265e-05,False,0
67d30bdf6dbe4795041f784959391f6820da7f6a,500,CASH_IN,203295.12,5.247569424682297e-06,low,1.3118923561705742e-05,False,0
324606b2053c8abc78871d58fe85b4b25254803b,186,CASH_IN,462499.75,7.08820516592823e-07,low,1.7720512914820574e-06,False,0
bd24865ddf7fa20b0fdc5a49b2e8963729c9b814,181,DEBIT,4325.7,9.85371952992864e-06,low,2.46342988248216e-05,False,0
b6bb87188a4548d08a09a13252ef10655d5f4c78,259,PAYMENT,1318.35,3.70289626516751e-07,low,9.257240662918775e-07,False,0
d5b3a078313682b4c13ab80892a10d0cbca77dae,352,CASH_IN,135754.33,6.076242425478995e-06,low,1.5190606063697487e-05,False,0
9516d3f8146f26d417baf4fd30d464f16960e475,349,CASH_OUT,177317.83,0.00030693479347974065,low,0.0007673369836993515,False,0
6589eb4d1add631ba08b4bea10899c8eb42e4f7d,134,CASH_OUT,132842.4,5.989061901345849e-06,low,1.4972654753364623e-05,False,0
1a0aca19e5a5e57dea418f45dda02217bfe5cbe5,140,CASH_OUT,174318.4,0.00031760605052113535,low,0.0007940151263028383,False,0
23cf2c66122e24176dd84a60b578eea039daff61,347,CASH_OUT,105780.74,0.0005044073332101107,low,0.0012610183330252767,False,0
10c6476c4ae87459b5b7300fae4f61781e4bf0b0,229,CASH_IN,143745.1,1.2365074326226023e-06,low,3.0912685815565055e-06,False,0
2c1cbcc7845fc59e354124d8b4138c1163cce64f,41,CASH_OUT,223361.73,0.0004277509637176991,low,0.0010693774092942476,False,0
d860321c48604fe0ce66f6f46ca679028100be2b,298,TRANSFER,382086.97,0.09000085879955806,low,2.1469988951139385e-06,False,0
e96bb14298e3ec4e64a9462fe0117748d67ecae4,136,CASH_OUT,180185.77,0.00016706241294741633,low,0.00041765603236854076,False,0
9d1fe4d2866a7f6a0a8ad10a1d2cb6c10abfd476,44,CASH_OUT,63127.16,5.805229884572327e-05,low,0.00014513074711430818,False,0
6efa83f05b4005c72c44da79c4473121f2b55cd1,137,CASH_OUT,20117.43,0.00016306182369589807,low,0.00040765455923974514,False,0
25534f6b19af8f9ea806a73475e8d8688c793ea1,231,CASH_OUT,10246.31,0.0012251488864421845,low,0.003062872216105461,False,0
3166c6b560a26d5acd2f3e795db8f631dcd3b468,249,CASH_IN,23878.82,5.3011077397968625e-06,low,1.3252769349492155e-05,False,0
2f87e5c85602a9995a051e935471e28ca3f7896a,372,PAYMENT,8717.38,3.650609141914174e-06,low,9.126522854785435e-06,False,0
a0388615386134e04e2f1508bfda337c9cc78375,283,PAYMENT,9555.25,9.840684651862831e-06,low,2.4601711629657075e-05,False,0
8848722143cd13786c296dd33bf973ee7cb5d601,167,PAYMENT,4666.08,3.629606726462953e-06,low,9.074016816157382e-06,False,0
c67aac67adfb0c458d6912a570beb429b8744f79,283,CASH_OUT,123533.23,0.00013482404174283146,low,0.00033706010435707867,False,0
6040be7507804b939f4c1f657df2fb181a6e14f9,258,PAYMENT,3256.75,6.8400608142837885e-06,low,1.710015203570947e-05,False,0
97f11ff208552487eccc38e7d845b720771ffd21,469,PAYMENT,71052.05,0.00028246289584785703,low,0.0007061572396196425,False,0
ae242b6040da8340849fb38123d8233f87c8e0b2,6,CASH_IN,253489.92,8.61565858940594e-06,low,2.1539146473514847e-05,False,0
482812249414736244b81491111b397bf92df4b2,379,CASH_OUT,128315.63,1.6237211821135133e-05,low,4.0593029552837834e-05,False,0
10b5f0d5f5d456e90102eb64a60b6917aed5ab65,327,PAYMENT,434.02,1.706762304820586e-06,low,4.266905762051465e-06,False,0
a610f7c2fca629d0016a72d5335d44f4a8b3222c,684,CASH_IN,114465.79,1.2463102757465095e-05,low,3.1157756893662736e-05,False,0
2dd9a78bd88cac61f871c1f862c05f0bd6a95f71,402,CASH_OUT,143338.11,9.621205390430988e-06,low,2.4053013476077467e-05,False,0
75a0dbcec9d66f361be5d02277ea7c676b3b24b9,161,CASH_OUT,27342.49,0.0045543756335973745,low,0.011385939083993435,False,0
13679302ee14dc9d5d0ee6ec7f50255f5f18e58f,273,PAYMENT,9303.1,1.1686684047162998e-06,low,2.9216710117907496e-06,False,0
26474bc069395e3e4ee7c13a53759521c5381505,165,PAYMENT,8015.37,1.3683638826478273e-05,low,3.420909706619568e-05,False,0
ead3128f194e10c213d606c8040cc99f567ef2ca,379,CASH_IN,22506.07,2.3826873075449843e-06,low,5.95671826886246e-06,False,0
3141f58233f8b88cad2b0df686a59f4902fa1197,154,PAYMENT,886.84,1.0636197112035007e-05,low,2.6590492780087516e-05,False,0
ead2901ca013a0dc313ab50083cf5587aaa6da38,698,CASH_OUT,2184556.8,0.6099671459197998,medium,0.9999178647994995,True,1
29aca378587c0e0837c57f9da4e70542940b94a2,400,CASH_OUT,67861.6,0.0003056153189390898,low,0.0007640382973477244,False,0
35428263dc4c0be0cefdb6c724b6ccceedae3552,322,CASH_OUT,83824.57,0.0002836745232343674,low,0.0007091863080859184,False,0
24e5d505107fb7cc58b4cffeaeb16ca64981e60b,36,CASH_IN,172651.19,8.892916230252013e-06,low,2.223229057563003e-05,False,0
d9d5faab722c66d1f1529b22b2293b071ddfca2e,490,CASH_OUT,53558.95,0.0003958660177886486,low,0.0009896650444716215,False,0
88ccdef56aa33fc07612cc103223c33b32f4b6e5,235,CASH_OUT,8779.93,8.666139910928905e-05,low,0.00021665349777322263,False,0
35be54662ba75dd843a9a3e1c351aaec3672add3,225,CASH_OUT,10279.03,8.302283240482212e-05,low,0.00020755708101205528,False,0
65c0fe72edc18c85800a38c7ec132d800cb11531,397,TRANSFER,9984.08,3.5441279760561886e-05,low,8.860319940140471e-05,False,0
1cfc025484d9e9e1adae14b45430c0f6fb33d2af,18,CASH_IN,135141.1,6.333844339678763e-07,low,1.5834610849196906e-06,False,0
3ad196df52cb41cd70320f49996bf2bb36d38f01,284,CASH_IN,85215.52,2.0146129827480762e-06,low,5.036532456870191e-06,False,0
d88b20f5ea5152a239fbb68e4bd890d6a0b16c4a,327,CASH_OUT,163251.64,0.00015668865526095033,low,0.0003917216381523758,False,0
8d63a991b70e331f250b1fab9d62ec592d8f8878,490,TRANSFER,153052.84,0.09011263684136794,low,0.00028159210341982543,False,0
da37fed7d0351ac997c2dce6602aa418f4e09dc6,369,PAYMENT,9345.55,0.00023720264434814455,low,0.0005930066108703613,False,0
922982cb697ddbb63f635980a42e6d2ac8dc1824,307,CASH_IN,334191.38,3.222017039661296e-06,low,8.05504259915324e-06,False,0
8b27615551db9e9cba8f1926da90d494b1b09cf3,130,CASH_IN,529514.06,7.741375884506852e-06,low,1.935343971126713e-05,False,0
37bd75d6f1a837d1462c98873e9336fca902f311,205,PAYMENT,7525.77,1.0193422349402681e-05,low,2.5483555873506702e-05,False,0
dc4b1b441f8047fc10fa0e2b7a29e856bc8861e2,139,CASH_OUT,184742.62,9.824928129091859e-05,low,0.00024562320322729647,False,0
1c34ae594b4ae51e170a12632f5e737c22e40ecd,305,CASH_OUT,155598.22,4.285002432879992e-06,low,1.071250608219998e-05,False,0
f3083d936139f458a49403e616aa9f8d9078c6b8,190,CASH_IN,238241.94,1.5619650366716086e-05,low,3.904912591679022e-05,False,0
60d26cde0a59cd1066db65d4201832c137675e07,183,CASH_OUT,302351.38,3.823225051746704e-06,low,9.55806262936676e-06,False,0
5099c141c4d42d725de27ab22a378f15cbc192ed,374,PAYMENT,379.13,8.47292449179804e-07,low,2.11823112294951e-06,False,0
6cda9284ddb2c61b61440569142d42ffedd8ddfe,261,CASH_OUT,45206.97,0.0009982019662857055,low,0.002495504915714264,False,0
322ea7c7965b3d8039e4013d28102a24e3947c81,35,PAYMENT,10628.59,2.9517521397792737e-06,low,7.3793803494481836e-06,False,0
45846e55d8c6d2fa0ff5a467febefad8001f2147,299,CASH_OUT,394366.38,0.0005885346326977015,low,0.0014713365817442536,False,0
7addb89b9c0877583b8219ce2ae3968b107b094e,141,CASH_OUT,118023.71,0.0002938935533165932,low,0.0007347338832914829,False,0
98b4759a66ca9b5c32157e5668f3840afede2a6c,225,PAYMENT,1520.45,4.734337926493027e-06,low,1.1835844816232566e-05,False,0
5c4f693220990227abba1e01a45664f6e2419dc9,228,CASH_OUT,16356.73,0.00027783403638750317,low,0.0006945850909687579,False,0
b4f83fe6a8fb581513b7c5540e82f9cee6ea87ba,253,CASH_OUT,175688.52,0.5400039529800416,medium,0.8250098824501038,True,0
000489aff303642a166c6be0a0e56053a3a3cf39,332,CASH_OUT,54792.0,6.346882437355817e-05,low,0.0001586720609338954,False,0
c6869ab8cdf73649567f76b372145ec426821682,331,PAYMENT,51049.85,5.704537034034729e-05,low,0.00014261342585086823,False,0
4f35c0547a5dad1a0f1b90f3bdc2092661505b5b,160,PAYMENT,6141.26,1.0725025640567765e-05,low,2.681256410141941e-05,False,0
abb550dd8218bd25a3f254121dd8e93d477cdbfc,307,CASH_IN,39006.58,2.254410537716467e-06,low,5.636026344291167e-06,False,0
5906310d42a23680d6165f098f950e43cf4ba1f6,234,CASH_IN,150780.1,8.390838047489524e-06,low,2.097709511872381e-05,False,0
3590912b0ef57230c6fd7573d4eb76b9729847fe,301,CASH_OUT,146196.19,0.00034309013281017545,low,0.0008577253320254385,False,0
f77c83ff74fe35d8c8cf5e47ef3a9f795bc195b6,216,PAYMENT,1504.71,1.4795090828556568e-05,low,3.698772707139142e-05,False,0
43e01741e4cf698d08342488d1ffd5437d4679f0,19,CASH_OUT,208420.69,2.3980177502380687e-06,low,5.995044375595171e-06,False,0
f73d34d0f904af4f3f30db582a8b378a1d7600c5,209,PAYMENT,2288.16,6.883595233375673e-07,low,1.720898808343918e-06,False,0
1be606ad0c3b5518756e44fb698ad4f529111ccb,231,PAYMENT,46934.0,4.662898427341134e-05,low,0.00011657246068352833,False,0
72d04b6d9b4b7e4113dd90adfcb762565a62bf70,234,PAYMENT,7651.66,1.0560786904534325e-05,low,2.6401967261335813e-05,False,0
09c7acb152c12ec03d23a30920fab18ee8d5c305,16,CASH_IN,20642.48,7.031019322312204e-07,low,1.757754830578051e-06,False,0
93641dd2e65e9a60b96efc493514fb79cab98076,621,CASH_IN,53774.56,1.5456302207894623e-05,low,3.864075551973656e-05,False,0
806c4878bbf6b366b955539af5a6ec4f4cec1ee6,275,CASH_IN,43028.51,1.781533137545921e-06,low,4.453832843864802e-06,False,0
f211ae3763d21ac772fcbd284e16389fbeda48b8,260,CASH_IN,46559.79,2.8909867978654802e-05,low,7.2274669946637e-05,False,0
3947fce7a72e42de7244f487c414be2d718c2260,39,CASH_OUT,269708.4,0.26597190856933595,low,0.13992977142333984,True,0
d1adbed5fa3cac3ba0c3d3749c0e87f623608120,355,TRANSFER,72204.08,1.1914789502043278e-05,low,2.9786973755108193e-05,False,0
b3c4df1df35c403b3913357c556463a10ecca450,327,PAYMENT,20780.31,1.7207259952556344e-05,low,4.3018149881390855e-05,False,0
879f56e24b4e0ef9c7b3a192b0a97337f53447cb,134,CASH_IN,60679.27,1.30607795654214e-06,low,3.2651948913553497e-06,False,0
cd115d4585b057807ef78f84d25a1b7340f2b20b,308,PAYMENT,33168.91,9.057996794581413e-05,low,0.00022644991986453533,False,0
13a9badf1c127b25a7ab1a29b0811bf36020360b,232,CASH_IN,47680.81,2.0612002117559315e-06,low,5.1530005293898284e-06,False,0
f2b8cc6a39bd3fb531fca3532c0bd801cce73b89,404,PAYMENT,8958.85,2.816179767251015e-06,low,7.040449418127537e-06,False,0
29992a1930ae65833135b33a5bf6dd523839bea2,135,TRANSFER,166337.25,0.09007816823199392,low,0.00019542057998478413,False,0
6c3b4d6279b7817aeef7e1d269ecee457f60ce71,34,CASH_OUT,110759.44,3.061069874092937e-05,low,7.652674685232341e-05,False,0
60ffac437a2364be84ef5d19ebf2597a9509fb4e,227,CASH_OUT,468648.06,0.000513943936675787,low,0.0012848598416894674,False,0
d92e0c3884c224439d05ed5c1caceba5cc0ec705,351,CASH_OUT,127092.78,0.00044644610024988655,low,0.0011161152506247163,False,0
b856c6b7c1cbc9e4c888aefcee5d85671cb40471,13,PAYMENT,27671.2,6.563874776475132e-05,low,0.0001640968694118783,False,0
8871df29bcf0e8c3ddfa5729c2bd4a56537c144b,326,PAYMENT,56546.01,1.1177152919117363e-05,low,2.7942882297793403e-05,False,0
90ebbaf32912cbe64c4f8c6cf707ed7d1a23f2b1,402,CASH_OUT,287748.28,5.7754186855163425e-06,low,1.4438546713790856e-05,False,0
b998836c0e58281b1fb2d23e913e49d7c8a80911,350,PAYMENT,7007.78,3.896902126143687e-06,low,9.742255315359216e-06,False,0
feaf16e4b6fa29b5e23b1d3acddbaab6e8136a60,158,CASH_OUT,226070.66,0.00010619868990033866,low,0.0002654967247508466,False,0
ee9af0c6d5706fffb4326a6576b735f69b7b03cc,236,PAYMENT,13626.77,1.0923614900093527e-05,low,2.7309037250233814e-05,False,0
19caaaf259f21ff3cd5f821fcc655ec48ba2aa84,9,PAYMENT,2776.32,3.4357526601525024e-06,low,8.589381650381256e-06,False,0
36eef1b44a9c8f833c756d36c93dace502308285,44,CASH_OUT,187880.25,0.0007832017727196217,low,0.001958004431799054,False,0
70bd19c2d30091477e9b494faebc502a02c2fea3,164,PAYMENT,33719.7,7.254682714119554e-05,low,0.00018136706785298884,False,0
6245848eadd75f1fc4519d1fff2d8064bda6ab4a,43,CASH_IN,354257.03,1.2197285104775802e-05,low,3.0493212761939503e-05,False,0
46aa8606697be8dfd076704b3c6deaf51952d092,408,PAYMENT,4568.2,1.6273654182441534e-06,low,4.068413545610383e-06,False,0
96536c14b8e6bdde89a7651dbcf8cd9f64833cd9,282,CASH_OUT,79734.65,0.0003882365068420768,low,0.000970591267105192,False,0
09a36812ec8580059bf4ddcc9d2722e1b03a6fb4,326,PAYMENT,4784.91,3.5636774555314335e-06,low,8.909193638828583e-06,False,0
3e846c1845bdf5c56057c42a0dd22f004f75d25f,21,PAYMENT,6472.53,6.459483847720549e-06,low,1.614870961930137e-05,False,0
22977867725624973adbeb921cfa2d9580c7eb4e,138,PAYMENT,34191.53,1.2264972610864788e-05,low,3.066243152716197e-05,False,0
860b69ebaf5b0b9e9b950e670bb3a84aaf18b904,322,CASH_OUT,316956.28,4.109095243620686e-06,low,1.0272738109051716e-05,False,0
9a42a2f74a90917742a18de39c1d593e197e2f86,14,CASH_OUT,386772.38,1.8369964891462587e-06,low,4.592491222865647e-06,False,0
8c253467b5905788f720075dd80b06756ca49769,129,CASH_IN,330587.62,5.616365524474532e-06,low,1.4040913811186329e-05,False,0
955d2c2dd95aa8bfbedb2233eb8ebefaa2c94ac0,132,CASH_OUT,69212.18,0.00039755869656801226,low,0.0009938967414200306,False,0
1125c6cf01c780bbcff97802d64cf529bc3adcdc,439,PAYMENT,1821.07,6.917725113453344e-06,low,1.729431278363336e-05,False,0
2f3fb10e4e506edef15bb0dc34ada4df0fad18d5,285,CASH_IN,126918.35,2.9251614250824787e-06,low,7.312903562706197e-06,False,0
218f2b8505c259365101c0cd0144d34b67687de9,376,PAYMENT,3207.67,1.1879051453433932e-05,low,2.9697628633584827e-05,False,0
01e081f355acf44cc6dc5d57b8cd570c5f5e80f4,349,PAYMENT,31164.44,8.97455174708739e-06,low,2.2436379367718473e-05,False,0
7b1f461fa0181b68ebff14e1fef836cab43d612a,15,CASH_IN,114073.73,3.0760023946641016e-06,low,7.690005986660253e-06,False,0
9e997badcdba8c04e5a706ad94c85e66086f36d4,9,PAYMENT,5280.33,1.3314254465512933e-05,low,3.328563616378233e-05,False,0
1f0613935d6079acfe8eff3535476d21e3223ca1,355,PAYMENT,2928.94,6.718540589645273e-07,low,1.679635147411318e-06,False,0
848778d36a48641a6d570edc9396d89272659a0b,326,PAYMENT,19384.53,1.986593269975856e-05,low,4.96648317493964e-05,False,0
897980580c85517bdf4d284bba4d9a7fe2f0f8dc,323,CASH_OUT,145825.64,0.00022657562512904406,low,0.0005664390628226101,False,0
901a863306a58b4fe54230f5d7c9b0495e1b491a,47,TRANSFER,219792.8,0.09003593952860685,low,8.984882151708007e-05,False,0
1ee03f669e3c2a4aa7155fb0ce65f4e1b9901b24,333,CASH_OUT,115588.08,0.0017149949446320534,low,0.0042874873615801334,False,0
3e2bc2fcca03e5d46e2ded4fdbdc05dcb7ddb7f9,279,CASH_OUT,32777.25,8.590560755692423e-05,low,0.00021476401889231056,False,0
0e1cd5f8bf706dda93ee3a54be5cf2f314811c46,35,CASH_IN,438666.0,5.425658673630097e-06,low,1.356414668407524e-05,False,0
dcb3fbaf4063c7b4abd8c29feabe01881dc117de,288,PAYMENT,17518.8,2.4181474873330445e-05,low,6.045368718332611e-05,False,0
89ec40928ccea7ecc320ececd097d9c9337d6532,227,PAYMENT,13698.01,9.665642573963851e-06,low,2.4164106434909627e-05,False,0
2a0bcbbee1ffb8ed76f6a8a1f7f2a4960611f139,399,CASH_IN,59316.11,1.2927824172948022e-06,low,3.2319560432370054e-06,False,0
89386fb848a0508ab8024a6e409a2f17a1596d75,576,PAYMENT,158.67,1.2887732009403409e-05,low,3.221933002350852e-05,False,0
ed489f5ad8243e66b1772e01d66ae15dd949cc3b,9,TRANSFER,460971.1,0.09006949872476981,low,0.00017374681192450225,False,0
14765859c624dcb29ebe5a1e5175e638c818080c,394,CASH_OUT,79049.2,3.4265569411218166e-05,low,8.566392352804542e-05,False,0
c55f6a017af5d8638b161605d19f6cea15570bbd,235,PAYMENT,3976.5,5.913095719733974e-07,low,1.4782739299334935e-06,False,0
a0a4a1a12c88f4b2e9198d1603a5379ab9b1d5f2,250,CASH_OUT,127900.61,0.2181775367259979,low,0.020443841814994812,False,0
d4eb53ea6672fc29bd11dde64fb8a557588c5315,300,TRANSFER,2566547.2,0.2694920821525157,low,0.0024802053812891245,True,0
e0c5c1c9bc139bfcc50c66854401903d3eb3a6fb,163,CASH_IN,114226.34,1.0190429020440207e-05,low,2.5476072551100515e-05,False,0
2f87fbe76c34e4a22fa0da261d5801b60a4ff0f8,590,CASH_OUT,6907.13,0.00012744416017085314,low,0.00031861040042713284,False,0
770e696ee13c55242b39842e0284440bb681764f,330,PAYMENT,14622.13,2.1998777810949832e-05,low,5.499694452737458e-05,False,0
9df09cd730e24e240271a7eb1a28796fb8c3ee26,306,CASH_IN,99642.0,4.200236799078994e-06,low,1.0500591997697484e-05,False,0
73e7b8486fe94fb11b779359d1621e5b7e56be6e,236,PAYMENT,16926.43,3.0369175874511713e-06,low,7.592293968627928e-06,False,0
7a225c9966acaa88b37b06f57535b3d77bd85a14,254,TRANSFER,256388.28,0.09019924039952458,low,0.0004981009988114238,False,0
05be69c842b07890aac7113a16536f6db0f4b9d5,369,PAYMENT,16882.43,0.0002449078019708395,low,0.0006122695049270988,False,0
d41f2e1e422d08e53e1821c6fd6d4fbbe924c58f,306,CASH_OUT,330891.12,0.0004717039875686169,low,0.0011792599689215422,False,0
6c8377eddcf6b12b13252ebff34b3ca617d02187,374,CASH_IN,94655.13,9.128891542786733e-06,low,2.282222885696683e-05,False,0
e6ffa465dc645dae9a74650c60f344414d919280,229,CASH_OUT,448831.56,1.9211314793210476e-06,low,4.802828698302619e-06,False,0
b2122c72980f52094f16b7b013cfbc090436f686,369,PAYMENT,11538.08,6.754034984624013e-07,low,1.6885087461560033e-06,False,0
6125dabffd73d2015f98e2ddee89a410a44ff9c8,329,CASH_IN,3327.59,4.421101766638458e-06,low,1.1052754416596144e-05,False,0
614f30a81236dbdd4923807d02348d6c94ee7a38,3,CASH_OUT,13326.35,0.007181192189455033,low,0.01795298047363758,False,0
22d54119edfa96ca8111438b2670d06f5c5150e0,256,CASH_OUT,215316.88,0.00013537658378481865,low,0.0003384414594620466,False,0
e41e712a6d540125581a20fad9df47d6ced99273,398,PAYMENT,21246.38,3.7750134652014823e-06,low,9.437533663003705e-06,False,0
38fbb12269f52fe8d3a3d62383adbc5138484702,347,PAYMENT,39599.41,0.0001811303198337555,low,0.00045282579958438873,False,0
a1a8aa01ecd27458cb073df239cf5595bc568bbb,234,CASH_OUT,195659.31,0.2100375320581952,low,9.383014548802748e-05,False,0
017c33edd8d5eb9e4cd0d650637342b04c1ec0e9,402,CASH_OUT,37783.9,0.00044493125751614575,low,0.0011123281437903643,False,0
c34b8834858fee436e8836e51274334df2f3011b,254,CASH_OUT,33563.59,0.00044686542823910716,low,0.0011171635705977678,False,0
16e56d5ff77a3b54e088f91077bcbe34d51cd8fa,42,CASH_IN,19875.75,1.1565476597752423e-06,low,2.8913691494381055e-06,False,0
62c674c46b67bcee8007a21f2e4bb49b9f075f65,15,PAYMENT,24362.69,6.205540266819298e-05,low,0.00015513850667048246,False,0
60fda22aa9dffb6c5af36afa1da473cddc0adc8b,254,PAYMENT,1501.83,4.357664147391916e-06,low,1.0894160368479788e-05,False,0
dd8c831c58a3bc7f338f549b533a169e8d6fcbee,286,CASH_OUT,24846.9,0.0015637360513210297,low,0.003909340128302574,False,0
18ec66b9dab526d9874805821bd6221ee14c6d11,405,PAYMENT,21236.86,3.478339349385351e-05,low,8.695848373463377e-05,False,0
5e55474eb522a4b44ea5b0824ce726532f73e4a0,177,CASH_OUT,40549.69,0.0018261628225445749,low,0.004565407056361437,False,0
9c0f3ff16fb1b9d701129a114c911fd26dbe8f3e,160,CASH_IN,469967.34,1.0958861821563914e-05,low,2.7397154553909786e-05,False,0
3a14db84dac3d4efc8b4e3b77207fa4df03331e1,233,CASH_IN,460135.94,1.1051648471038789e-05,low,2.762912117759697e-05,False,0
d01dd267c4f31ce2d8fbcb731885605b217d086f,251,CASH_OUT,106739.97,0.2335056847333908,low,0.05876421183347702,False,0
439ebc122ba71331ebd03a96db2286dbeafe5fec,255,PAYMENT,1758.19,6.206179023138248e-07,low,1.5515447557845619e-06,False,0
b9c288899fe43ee70cdf1d0214be99a9052d8a99,238,CASH_OUT,349641.88,0.0007999567314982414,low,0.0019998918287456036,False,0
9c712694783069deb0c602820402280786ba7fa9,323,PAYMENT,41724.24,6.09610287938267e-05,low,0.00015240257198456675,False,0
02f4efce046554d803f7a58a8821c1b87e55b275,44,PAYMENT,11050.01,1.5900830476311967e-06,low,3.975207619077992e-06,False,0
3808336ed39b978d6c64e1ed2423aa7444338b7c,154,CASH_OUT,146350.92,8.23316295281984e-06,low,2.0582907382049598e-05,False,0
ddc750f50876522b194ee632081095b1994ddbb0,9,CASH_OUT,15865.7,0.00037924810312688355,low,0.0009481202578172088,False,0
4891409eff9010a015bf82ba42f12bedbe534870,11,CASH_OUT,25205.71,0.0006117545999586582,low,0.0015293864998966455,False,0
ecd636e7af524fc080e713bf9fce8b46d239892c,202,CASH_OUT,123851.23,2.6509922463446856e-05,low,6.627480615861714e-05,False,0
7ad2ee2f28ead5a22dc4a23f64daafec378cbfa4,177,PAYMENT,24334.05,6.540912727359683e-06,low,1.6352281818399206e-05,False,0
93a6786ea61b84fc644b0dc30406246cc6cdf8bf,43,CASH_IN,310857.22,1.2225711543578655e-05,low,3.0564278858946636e-05,False,0
2339658f6577995d9ce67fa46ce8afc72803788d,44,PAYMENT,3749.34,5.967943434370682e-06,low,1.4919858585926704e-05,False,0
541532650e2e4818980430cd106715ae01f321bf,394,CASH_OUT,78893.85,0.00033306307159364223,low,0.0008326576789841056,False,0
c10d0154ad179e0a45d5aa8a4886c16cf43d2fc5,207,PAYMENT,3749.53,1.28328989376314e-05,low,3.2082247344078496e-05,False,0
4fb6e83444d3a424847620cdc02cbd654acabd68,275,CASH_IN,122091.66,1.8070666556013748e-06,low,4.517666639003437e-06,False,0
69f5df78f8dd345733854fe14d5ed57f33fc4558,347,PAYMENT,10010.33,4.870409975410439e-06,low,1.2176024938526098e-05,False,0
0cb10b660ef5e84e4846513935fac78e8c411554,180,CASH_OUT,293141.94,0.00010255117667838931,low,0.0002563779416959733,False,0
02bf4243a269d02ad60fd09de843009feb666a98,407,CASH_OUT,70355.99,0.0006876261904835701,low,0.0017190654762089252,False,0
6881f8e001f886be0ff8bb59a2e5b7d359fc0fa8,264,CASH_IN,183081.77,5.215573764871806e-06,low,1.3038934412179515e-05,False,0
dfac41547259a846e6ce286bafe76f6d4b6fcdf0,285,PAYMENT,4543.08,2.0332787244115025e-05,low,5.083196811028756e-05,False,0
7b36a19662c76a8a80c2a66dab3e75987f8ae562,182,PAYMENT,13811.81,1.2525573765742594e-06,low,3.131393441435648e-06,False,0
ea924afb4bbbeb0cfb3a2e1c382fff90259ab80d,184,PAYMENT,18883.16,2.9040476874797607e-06,low,7.260119218699401e-06,False,0
f8453737eb3727eb50187d61b24fb48da3c102cb,372,PAYMENT,35852.69,5.214223638176918e-05,low,0.00013035559095442295,False,0
52fa46f4d578e68c2aea819f28328a14f44d6871,262,PAYMENT,5625.94,9.791071352083237e-06,low,2.447767838020809e-05,False,0
03f41a753aa07ff907047b23072e08049c1272c5,141,CASH_OUT,62833.67,0.0008481583558022977,low,0.002120395889505744,False,0
890775b645be4a6a1e4732635e4b7e0b958d3890,41,CASH_IN,74603.53,1.85224835149711e-06,low,4.630620878742775e-06,False,0
ff8a7053ae5a210631fab74b5175cfce9ce15776,373,CASH_OUT,40142.33,0.0034191820770502093,low,0.008547955192625523,False,0
b4246e40832475ed6eba28aa6301d02f8d29b8c5,399,CASH_OUT,82053.26,0.0005224630702286959,low,0.0013061576755717397,False,0
a60b2ed2fa4ea93603e4b10354d39509a769f38a,355,CASH_OUT,222116.78,1.9285347661934792e-06,low,4.821336915483698e-06,False,0
7f0fc589c1ea1bb987f4788ee1d9349c12754ea0,595,CASH_IN,182417.8,1.0501693759579212e-05,low,2.625423439894803e-05,False,0
a3452df92cf1bc7fcb0038b9b722100f5e6501a0,301,CASH_OUT,386720.03,0.2100569672556594,low,0.00014241813914850354,False,0
d5d7e2d918911912cf0b378b86989e1385e83ce4,15,CASH_IN,201045.1,1.9785789845627733e-06,low,4.946447461406933e-06,False,0
10b81df07a2b32ea714a647e31d0389f7fdeab94,178,PAYMENT,2055.3,8.675557910464705e-06,low,2.168889477616176e-05,False,0
4c0df472eef49745fa608970f6e844c384081d15,258,PAYMENT,17951.9,4.63814867543988e-06,low,1.1595371688599698e-05,False,0
3babdf40dd7f1e95cb0257f60dbbb231d4ced2e2,357,CASH_OUT,152673.7,0.000476726982742548,low,0.00119181745685637,False,0
689516e5b78157f1a8fc45154a018a953eef1091,323,CASH_IN,322333.25,4.154836915404303e-07,low,1.0387092288510757e-06,False,0
88a42967aa24642383e2e4474d7c833c79ad2a31,154,PAYMENT,18519.66,2.3232903913594785e-06,low,5.808225978398696e-06,False,0
73d36d97e98b6322b9206d8fff6a7410df808d86,329,CASH_OUT,29278.26,0.0003844595281407237,low,0.0009611488203518093,False,0
989640ecae7b36505d501fb6ec60dd2ed0c6250e,250,CASH_OUT,3565.94,4.799959133379162e-05,low,0.00011999897833447903,False,0
755f2e236e512a9e412de0cea52ba0ea9fd608dd,284,CASH_OUT,87575.35,9.730567107908429e-05,low,0.0002432641776977107,False,0
f1f35552b0d20e2293f92d815e170a6d7fecb437,19,PAYMENT,58421.8,7.479541236534716e-05,low,0.00018698853091336787,False,0
9504c06cd283ec1e8a7a66785732d597e4d7052e,18,CASH_IN,217700.2,7.2297269070986665e-06,low,1.8074317267746665e-05,False,0
a3f6dd35e5874cfd94d117bb7cc6696045814944,44,PAYMENT,8290.87,1.7335399752482773e-05,low,4.333849938120693e-05,False,0
51930945826cd3b6dde31883d2b81a464d9bdc2d,164,CASH_IN,230313.73,4.150586391915567e-06,low,1.0376465979788918e-05,False,0
7915dbb9721cbe9d588fb1d85053e674295fcf12,282,PAYMENT,19805.17,1.9497319590300323e-05,low,4.8743298975750804e-05,False,0
f8670c6b411a6b5f833bfa13c139dbeaac1be4ad,298,PAYMENT,40452.81,1.547584543004632e-05,low,3.86896135751158e-05,False,0
fe4fe504180e06ca2ad5383b71b85ea658b9ff66,164,PAYMENT,11934.01,1.231235819432186e-06,low,3.078089548580465e-06,False,0
dc4485b2a9338e4648ba5b2dead72bccd2ebeb78,202,CASH_OUT,174641.45,0.00033505794126540426,low,0.0008376448531635106,False,0
c60902f09c432d818be7ae2e923eff06d39f8ef5,161,CASH_OUT,276904.22,1.3897689314035234e-06,low,3.4744223285088083e-06,False,0
89e1645436e04cca8dddbc8cf472a584d08a5f60,322,CASH_IN,188152.31,5.375571709009819e-06,low,1.3438929272524547e-05,False,0
afcb3084e8aa01378bc30e69321b927fc884da36,327,CASH_OUT,96356.98,9.217359474860132e-05,low,0.0002304339868715033,False,0
37724ae80421dd28766782a0b45e883048fd7954,614,CASH_OUT,233704.05,3.127333548036404e-06,low,7.81833387009101e-06,False,0
3ed6cf4ad99071a32ec153bcda4abb7305d4093a,379,PAYMENT,20409.47,4.799385715159588e-06,low,1.1998464287898969e-05,False,0
8576a082d848e3c74afd6b4e1962597c7c21d2f7,356,PAYMENT,1085.26,2.768315653156606e-07,low,6.920789132891514e-07,False,0
b80fe4153f7b49cb3e8bfbcc40303014529e94dd,227,PAYMENT,10776.2,1.0293097147950903e-06,low,2.5732742869877256e-06,False,0
1a9631862d57d94cdd8a007ee56a91bdc8a4f882,230,CASH_OUT,99613.45,2.4394909269176426e-05,low,6.098727317294106e-05,False,0
7309ea86e64d4354257798ad18a26c209625d552,520,CASH_IN,156319.44,7.389534584945068e-06,low,1.847383646236267e-05,False,0
1645f48e4f1885daf15838580b28cd424b1e6e10,96,PAYMENT,6395.66,1.2701613013632597e-05,low,3.175403253408149e-05,False,0
00983cb141a59c2e6bc24f75ef4620ccb8616b09,380,PAYMENT,6178.19,1.836318988353014e-05,low,4.590797470882535e-05,False,0
b62dcb1af0583b04c39011f6cbe75216d8205c67,34,PAYMENT,18535.6,2.150316686311271e-06,low,5.375791715778178e-06,False,0
6318f712f19710c9eedeeef53dfacbb721063276,311,PAYMENT,1795.33,2.301252243341878e-06,low,5.753130608354695e-06,False,0
6a4532dee25b38d0a068ba02087d370492c80912,394,CASH_OUT,20261.81,0.00027091978117823603,low,0.00067729945294559,False,0
4acc883ce17638e86ff2fcfddf8d36edb1832517,179,PAYMENT,1239.85,8.476722541672643e-07,low,2.119180635418161e-06,False,0
b96daa33491ba27f26689fa118e0f83eaf320b2a,160,CASH_OUT,107482.81,0.21214953999966382,low,0.0053738499991595745,False,0
8918790af8c7d33ea3a03260d98d08c87521fb3a,36,CASH_OUT,158431.81,8.38147316244431e-06,low,2.095368290611077e-05,False,0
b1acc8f009e5a50d79bc924d936bf8be063b195d,182,CASH_IN,283817.53,2.3793401851435194e-06,low,5.948350462858798e-06,False,0
2348907a2f57a2a2ad00fa119394fd62bec37e0b,471,PAYMENT,487.1,1.5022770094219596e-05,low,3.755692523554899e-05,False,0
3b3302dab70bf47d4de9b298ae92abdd257a655f,164,CASH_OUT,277722.2,1.7971728811971844e-05,low,4.492932202992961e-05,False,0
e511cc62160a11acbcc5f0e063e792c003bd60fe,187,CASH_IN,656851.3,1.6131320444401356e-05,low,4.0328301111003384e-05,False,0
bf8e7f33a96e2fb1aa02ab67b961a6b5a6db1971,321,CASH_OUT,36151.9,8.89781687874347e-05,low,0.00022244542196858674,False,0
e86fe07f3b140ebf1428b4c0e720abd486af00de,252,CASH_OUT,292663.03,0.00026167395990341904,low,0.0006541848997585475,False,0
6284f64f8d4d876e1cae5e1ef3b4b87922318e5d,19,PAYMENT,8225.4,9.87462863122346e-07,low,2.4686571578058647e-06,False,0
2cf1073d9a2a735d327509ba3bb74acb48bd86ae,396,CASH_OUT,237910.73,0.0004976201336830855,low,0.0012440503342077136,False,0
1cbe76816c5272413ecbe2114edce5439d47943a,397,PAYMENT,10984.12,1.6954614693531767e-06,low,4.238653673382942e-06,False,0
c63feef7003485fe417fa0945ce07bcfbffbb526,274,CASH_IN,155765.7,1.444955123588443e-05,low,3.612387808971107e-05,False,0
5800bdf49661cf5ae8c491dc2632f30c6cf9724d,132,PAYMENT,2046.84,3.938153895433061e-07,low,9.845384738582652e-07,False,0
ae8ed330d827705f5899560f71380a5817294168,401,CASH_IN,243437.0,1.3087786101095844e-06,low,3.271946525273961e-06,False,0
132288c7dd8aa389581e3ed336c414e3a30c838f,158,CASH_IN,240807.1,6.237846537260339e-06,low,1.5594616343150847e-05,False,0
303b7fe600c3f13ebd57157a45a2feaab62f971a,43,CASH_OUT,57633.57,2.4887366453185678e-05,low,6.22184161329642e-05,False,0
4505147c789c5bf0ec503e11990ae3568b176618,10,TRANSFER,334322.5,0.09008466570288876,low,0.00021166425722185522,False,0
c09097c754bf2cf5a51ee1e078d8621cd7e131e4,327,PAYMENT,2478.91,1.4449283298745286e-06,low,3.6123208246863214e-06,False,0
ca97dcafaaee5bb24ee06e85e60cf85228485ef0,256,PAYMENT,4612.2,3.455168916843832e-06,low,8.637922292109579e-06,False,0
ab200f0b5c853528b84858710012c977ba38f354,302,CASH_OUT,145869.34,7.763429312035442e-06,low,1.9408573280088603e-05,False,0
f379d600c6f9ea4a18d62d00f60a5d4611511d2f,355,CASH_OUT,60271.41,0.00037071018014103176,low,0.0009267754503525794,False,0
cb9ac54a5cc4d45f41bf86dc43ba86ff714c1320,43,CASH_IN,141325.84,7.0575137215200815e-06,low,1.7643784303800203e-05,False,0
3b15e0cdbb475d7b54dfd1af89d2a364a1e46e53,157,PAYMENT,7950.73,4.170369356870652e-06,low,1.0425923392176628e-05,False,0
f0836e09ba1bb2bd985f9e969614645e2f6daf66,352,PAYMENT,15212.61,1.8780613027047368e-05,low,4.6951532567618415e-05,False,0
9f422299582359aeb72b125e459cb12f9b32ccc1,203,PAYMENT,12050.09,2.335397221031599e-06,low,5.838493052578997e-06,False,0
e82d4c859e2bd2b2103df864b090ac84812ff35d,331,CASH_IN,66015.98,1.9716191673069263e-06,low,4.929047918267315e-06,False,0
877799c50e56cd6452030570397f55acca468358,375,CASH_OUT,20201.37,0.00020292894914746286,low,0.0005073223728686571,False,0
969693b9922fd840e4dc1182280eb96d16175d5b,133,TRANSFER,2084074.5,0.0900020364755983,low,5.091188995720586e-06,False,0
c2b644841808ac2ef7526966bfd8c7d3421e2dc5,331,CASH_IN,123472.64,0.0001308539533056319,low,0.0003271348832640797,False,0
bc519863d1421ec3b433e07d644b84734ca9b360,350,CASH_OUT,302795.25,8.642642933409661e-06,low,2.1606607333524153e-05,False,0
a38b660b7c91b68a15dad38c4b572aa0cde4d5bd,371,PAYMENT,508.11,1.4220859156921506e-05,low,3.5552147892303765e-05,False,0
a81c87ff80fd36df940cdd4af97d9ce9df307e26,325,CASH_OUT,146438.3,0.00021657971665263177,low,0.0005414492916315794,False,0
77899fd09d2c531b939b6beba62c41f8f9e0ef21,277,TRANSFER,1324598.6,0.0903458922263235,low,0.0008647305658087134,False,0
8ec4a1473fcad356ea4e69aeceecd597c29b3552,19,TRANSFER,151993.95,0.09026281950995327,low,0.0006570487748831511,False,0
b2b3daf49e4a1de79b96c80ec0fa7bdd8be8344f,326,PAYMENT,30617.61,5.245782813290134e-06,low,1.3114457033225335e-05,False,0
b867684174ff7f1ac10fa0e94d83cfc19ec9b78b,184,PAYMENT,4599.79,1.3440434122458102e-05,low,3.360108530614525e-05,False,0
7b99b92100517b2e9de0a2d0bccff9e65227e188,131,PAYMENT,20948.47,4.090796574018896e-06,low,1.0226991435047239e-05,False,0
110831696a9ee59053ab7dc644292fecbfd794c9,299,CASH_IN,80517.44,1.7315149307250977e-06,low,4.328787326812744e-06,False,0
96858f2b0c9900206b04eb424d4b68d545793e99,238,PAYMENT,2800.73,2.0023700199089947e-05,low,5.005925049772486e-05,False,0
ec74f74ab136377f1c7ae80e53d827c64b470244,375,PAYMENT,10124.35,2.1059586288174614e-06,low,5.264896572043654e-06,False,0
9907c39d14429af9dc719b06df56db08272e6dbc,330,PAYMENT,26841.08,4.345372144598514e-06,low,1.0863430361496285e-05,False,0
d0b15b5e8036478a27f1feea1a397695615f3bbe,395,PAYMENT,2532.21,9.705822594696657e-06,low,2.426455648674164e-05,False,0
1340ca471bfeb8fdc15432c578535e3a7c0e2777,280,CASH_OUT,94887.65,0.000861345510929823,low,0.0021533637773245573,False,0
a1cacb48d8a4d9ce9ad531dced90c7050d2abd70,192,TRANSFER,84767.0,4.505119868554175e-05,low,0.00011262799671385437,False,0
0f3bd4405fe60181078dfcbf901765605441049d,326,PAYMENT,21945.27,3.6691355489892887e-06,low,9.172838872473221e-06,False,0
4f51d3deb26a1309daca915c140779a723a550da,19,TRANSFER,493258.34,0.09003802712017206,low,9.506780043011531e-05,False,0
2996716801cc31468ebe11d578d8b3fbf3495127,403,CASH_IN,23742.03,1.107581047108397e-05,low,2.7689526177709922e-05,False,0
8bf11e50e1c27207020c2c7e733862d28d5e7fcd,280,CASH_IN,99291.08,5.605947080766782e-06,low,1.4014867701916955e-05,False,0
0060fd73f10fea0f030af9dec1f9ff291968e4f7,325,CASH_OUT,228331.89,0.00027531501837074757,low,0.0006882875459268689,False,0
9a8a5b0a283cbb0a3cd33128c95bf1d5ce322bb5,351,PAYMENT,2987.81,5.71691589357215e-07,low,1.4292289733930374e-06,False,0
0f6ff36b57e76508ce6dc0b09020ad893a474a7a,403,CASH_IN,204127.6,1.2806615268345923e-05,low,3.2016538170864806e-05,False,0
30ba8687c2a71fe91adab9d4b7d337cef5671b0d,178,PAYMENT,20917.32,1.5026680193841459e-05,low,3.7566700484603643e-05,False,0
602fa85fdac94dd3d5d673db50fa55d4032bb714,159,CASH_OUT,87398.51,1.9528227858245374e-05,low,4.882056964561343e-05,False,0
1f6d7123ff39bcba538855be1430afb1068d545c,44,CASH_IN,200077.98,1.1457010987214745e-05,low,2.864252746803686e-05,False,0
5e51da709669c4f9a440d014103e7bcc106eaed2,203,CASH_OUT,155431.81,0.0004481188952922821,low,0.0011202972382307053,False,0
6fe28257ecac877b3ed4c694d6db6ed1ba0135ab,160,CASH_IN,268518.9,2.9700597679038767e-07,low,7.425149419759691e-07,False,0
994426390859452a37a1808bde250a8bb78818a2,177,CASH_OUT,130831.71,0.21267094578593967,low,0.006677364464849234,False,0
38e73e96c9d16177b8d8f1001b1e7acd0f8db4a0,232,PAYMENT,75.42,1.921899529406801e-05,low,4.804748823517002e-05,False,0
f47dc620412461f9810755e612e5b36007988b4a,307,TRANSFER,874367.56,0.2687638414502144,low,0.000659603625535965,True,0
c6f69a22117a48aa0a09c4160d1985b820d88152,154,CASH_OUT,417241.53,0.2100691472669132,low,0.00017286816728301346,False,0
375cd5a04f80ccaa63caa92e38cdfc5793e03ecf,544,CASH_IN,69148.54,1.7095235307351686e-06,low,4.2738088268379215e-06,False,0
cc9e4328361405f1c5c355903350b1e12415e6fb,253,CASH_OUT,58756.65,2.4184658832382412e-05,low,6.046164708095603e-05,False,0
290debb2ac3c1ab9107e2e1dbb73d441920f9cdc,164,PAYMENT,1326.1,3.2719195587560535e-06,low,8.179798896890134e-06,False,0
091313a1e5dc81934962eeec489c2c360a6e2a74,403,CASH_OUT,232226.84,0.0001780002028681338,low,0.00044500050717033446,False,0
54dcdfdd588343cb126707a9e1e6a70d99969312,280,PAYMENT,2378.46,1.0017522072303108e-06,low,2.5043805180757772e-06,False,0
551963bf95f9f50ece6763f6f9e253e16e27d8df,301,PAYMENT,18432.63,1.986593269975856e-05,low,4.96648317493964e-05,False,0
4e315029e5719405611d0a0f0c3fc40f581509d5,133,TRANSFER,784695.06,0.09008015779312702,low,0.00020039448281750083,False,0
cb1bf1208045f9730213c5819bc5726bf06fb34f,393,CASH_OUT,168224.89,0.00031909600365906957,low,0.0007977400091476738,False,0
2375715f8a6a2e035777f5e55ab32dc36627f658,323,PAYMENT,29106.88,5.920924595557154e-05,low,0.00014802311488892883,False,0
51bc1700f749f3f2add6627e07482d653d3f946f,255,CASH_OUT,160017.52,0.006600747257471085,low,0.01650186814367771,False,0
2c9504879f88ab1340483d1cef3f41396922bebc,298,CASH_OUT,198987.17,2.1355273202061656e-05,low,5.338818300515413e-05,False,0
10e7819c71ac3ca99075e70c6d8198075468dee4,188,CASH_IN,131644.94,9.604868682799862e-06,low,2.4012171706999652e-05,False,0
967bb509051e2d55e83df545d7c91c1a8176d734,254,CASH_OUT,198438.03,1.0282189759891481e-05,low,2.57054743997287e-05,False,0
5f720821acce9a184dc35c30350675a7356421a7,159,PAYMENT,7142.45,1.0240238771075384e-05,low,2.5600596927688457e-05,False,0
cefacdcb9962775a0534a44d42ffc4685d22dda7,203,CASH_IN,275749.88,4.4633934521698397e-07,low,1.1158483630424598e-06,False,0
3e2d6e323f7a2a0fd8415c7a7f36959e419b5443,38,CASH_OUT,40108.76,0.0020491931587457656,low,0.005122982896864414,False,0
49d196375a83fc5e55d5b4983c81ad7458e6415b,138,CASH_IN,87562.84,2.0092769773327745e-06,low,5.023192443331936e-06,False,0
45cb6717c43f5a4ed1260d140d7bd349625faffb,154,PAYMENT,19569.54,1.5659323253203183e-05,low,3.914830813300796e-05,False,0
f5c63bc712a2f781a5ae02771fa521f638e5d11f,186,CASH_OUT,368804.7,3.7601777876261623e-06,low,9.400444469065405e-06,False,0
54737ade41280d647bcd286b3b3a0e10ee09d544,160,CASH_OUT,144245.95,0.00045320889912545684,low,0.001133022247813642,False,0
fe368e14930ca1ad3f0d5f0715dad1656db22c68,210,CASH_IN,112991.06,3.216767072444782e-06,low,8.041917681111954e-06,False,0
d5aae31de32523893672cbeb38781196553e3e20,306,PAYMENT,16047.59,3.941942122764886e-06,low,9.854855306912214e-06,False,0
14372f58104ed399783b7ce87a9fcfe603a015e0,143,PAYMENT,6077.73,1.3621820835396648e-05,low,3.405455208849162e-05,False,0
a5052e55d865e1149f0d0e4ddf96866d129a7364,16,CASH_IN,69355.23,1.7449821825721303e-06,low,4.362455456430325e-06,False,0
8174093dfbecf606c64ded67e861310e3d585101,25,PAYMENT,16369.85,1.841530902311206e-05,low,4.6038272557780147e-05,False,0
4d22a2b7509f2dc26a95c7b98bf5b514a7b449df,283,CASH_IN,43530.65,0.0001333849970251322,low,0.00033346249256283045,False,0
f2105f2f6a167b6154eac288de36ed4ca838e77d,285,CASH_OUT,279616.62,0.0006711704190820456,low,0.0016779260477051139,False,0
2ac70553be26c5aa0b91bb19b75f6457b6d725da,471,CASH_OUT,325965.9,0.00025444338098168373,low,0.0006361084524542093,False,0
0acb47c2cc93fcbae0aa568373c7523325560af2,278,PAYMENT,14026.11,1.4414537872653455e-05,low,3.6036344681633636e-05,False,0
4c6883fd15b0281175e3bdbfab218d6a8f2c372d,301,CASH_OUT,293158.47,1.1792481927841437e-06,low,2.948120481960359e-06,False,0
6d107c419f220a702e1b0e363289bf99173306ee,525,CASH_IN,226490.3,8.865549170877785e-06,low,2.216387292719446e-05,False,0
94208d4db11be6dbaff8f0648b2e65bec6f361a0,20,CASH_OUT,100906.16,0.001809399761259556,low,0.0045234994031488895,False,0
9590295860001cd7e6b38586324813e574586232,405,CASH_IN,118373.48,5.407934804679826e-06,low,1.3519837011699565e-05,False,0
e6c95e782d31b0347ba4b46c3c6b09fc204d4410,177,TRANSFER,554303.56,0.09028382027521731,low,0.0007095506880432367,False,0
95c4de64e9e7769ebdf103353dc33478a2abc4cc,303,CASH_OUT,387426.2,0.36088876485824584,medium,0.3772219121456146,True,0
f9e572fdf5ace8f28b45cc2b58c01e3a10e473e9,154,CASH_IN,34943.79,1.913112646434456e-06,low,4.78278161608614e-06,False,0
21dd888ec1252307237dd48b1e1f80f0a354d6e7,300,CASH_OUT,435340.53,3.4195883927168326e-06,low,8.548970981792081e-06,False,0
96740288201bab80815131ea72a4e32ba754bf2f,263,PAYMENT,5832.55,4.094543110113591e-05,low,0.00010236357775283977,False,0
3a7a5b32f408838da16955ef02503fa8d4d2b857,331,PAYMENT,548.1,5.398748271545628e-07,low,1.349687067886407e-06,False,0
e27ac6d6c8f1b0d83976c2d074bd7be05bdc1b49,401,PAYMENT,24400.82,6.499278242699802e-05,low,0.00016248195606749505,False,0
16e7ef27188107bc6a6ee29fc0366c0c488a4d5b,346,PAYMENT,15975.24,1.5659323253203183e-05,low,3.914830813300796e-05,False,0
591c1193b17dea6cccb693747cb2475f94cfdec5,380,CASH_OUT,72490.7,0.23593589723110198,low,0.06483974307775497,False,0
021bbfe2b759ad673b7bf693b099038a6bb976fa,277,CASH_IN,379904.9,9.384176519233734e-06,low,2.3460441298084334e-05,False,0
a7344e3af503c0676cd2dd6e018047f3d284a356,37,CASH_OUT,234916.02,0.0002242201939225197,low,0.0005605504848062992,False,0
f67d1f75f76175830102233b31141cd850ba1968,17,CASH_IN,872.73,4.045752575621009e-07,low,1.0114381439052522e-06,False,0
884a1134e5c4b77eb215e6d1bcb09e5cb4392789,37,CASH_OUT,249465.62,0.00043494668789207936,low,0.0010873667197301984,False,0
884aa07b28ec80ed69effab22ac042b03ad4946e,192,PAYMENT,1743.61,1.1201664165128022e-05,low,2.8004160412820056e-05,False,0
7d85ae0f1477ac29621e86bca2bb6988d781cb92,156,CASH_OUT,67035.62,0.00038163734134286645,low,0.000954093353357166,False,0
bc062c84663134a8ede047d4a9350d8b5b92435b,407,CASH_OUT,141000.27,0.00015854005469009282,low,0.000396350136725232,False,0
e77da6bd341b79d0d83e9da3d3409f949570415b,134,CASH_IN,6217.11,6.333892542897957e-07,low,1.5834731357244891e-06,False,0
8558ff3117ffa4cc6676deb564b37c29d9a94484,35,PAYMENT,7440.77,9.194830636261032e-06,low,2.2987076590652578e-05,False,0
1b3de7742cc73cfadf6606f9a2ef51f39c33c392,205,CASH_OUT,218539.64,6.933490658411757e-06,low,1.733372664602939e-05,False,0
cdd792a10b1ecc67b1420339d7f103ed62f45514,550,PAYMENT,12511.78,8.63797904457897e-06,low,2.1594947611447424e-05,False,0
bd0998f2ce775a63c59b6c1971d11c47126271de,302,CASH_OUT,324718.62,0.00020010515581816437,low,0.0005002628895454109,False,0
d208f0464af5acc4d387d30f525f399a84bfb6d4,376,PAYMENT,9878.67,3.3652697311481463e-06,low,8.413174327870365e-06,False,0
eaf8acc3d3990562f0ff81421067c8137765b2a9,259,CASH_IN,146865.05,1.1742957212845795e-06,low,2.9357393032114487e-06,False,0
0f70ccb33dac5a4ce99e31b070066e5e1fa5c3a2,42,PAYMENT,10815.33,7.996965905476828e-07,low,1.999241476369207e-06,False,0
ca94034c1bdae8ea2696ae8d74c469d4eea26ed9,332,PAYMENT,14162.81,2.3755528673063964e-05,low,5.938882168265991e-05,False,0
038950dc5717e820234e233bae97b9653c126d54,202,PAYMENT,2287.93,4.393122253532056e-07,low,1.098280563383014e-06,False,0
0b6a8596449536812ea3da7b46f47b7df1f58ff5,420,TRANSFER,1865732.2,0.09009898738935591,low,0.00024746847338974476,False,0
0342b845919c6ab470705d18591ee0ee9d53de4c,202,CASH_IN,222608.19,3.0431536288233476e-06,low,7.6078840720583685e-06,False,0
f924b3647cda0a0a8f1b8a0230c607cfb814424f,213,PAYMENT,53790.17,5.358476846595295e-06,low,1.3396192116488237e-05,False,0
ff1923e9e2930f0abf043217c70a8f1152992be9,381,PAYMENT,7486.19,1.3683638826478273e-05,low,3.420909706619568e-05,False,0
e2d529c72d3450fe45a73c98076af4ab0076d954,186,PAYMENT,2465.31,5.003045771445614e-07,low,1.2507614428614033e-06,False,0
12abe4e54a809bacdc0e32ce6ca45f2481f2fcb3,352,PAYMENT,8555.02,3.923471012967639e-06,low,9.808677532419097e-06,False,0
47b681aa73e9512e95c7a64ebe96e64395f06127,442,PAYMENT,10985.25,5.8179961342830214e-06,low,1.4544990335707553e-05,False,0
0c351d6ad0ca7c3b6cff20029e928d6d5442848c,300,PAYMENT,9074.3,1.974733459064737e-06,low,4.936833647661842e-06,False,0
cbdedec0aa36b75aa200162f5b582ce3d025daf1,239,PAYMENT,9656.7,3.0294573662104086e-06,low,7.573643415526021e-06,False,0
d41a213a89d34ff0d01f9639d0348c3c6f75a406,34,CASH_OUT,106881.01,0.0009497826918959618,low,0.0023744567297399044,False,0
8bf49f0b897228403ead9ccab4c27f455e0d17d8,203,CASH_IN,157298.38,1.0154128540307284e-05,low,2.538532135076821e-05,False,0
60fd0ce30624e74d199f1ecd3e684a7af6bbeae6,180,CASH_OUT,270043.38,0.21025746405590326,low,0.0006436601397581398,False,0
ce77b53cd42015a1bde07f44c4035ba4628807d4,37,CASH_IN,423423.25,3.421718429308385e-06,low,8.554296073270962e-06,False,0
6ebb8be0abd77f1f5b39f5dd23a9e3aea8f3a186,307,CASH_IN,15524.45,1.019241608446464e-06,low,2.54810402111616e-06,False,0
a7e69307d101fcc8f0b8f943276ca4378aa29c3d,396,TRANSFER,1913737.0,0.0903986907657236,low,0.0009967269143089652,False,0
7fe9cdccd57a67567427d0a0efcf8f856dfe31b8,187,CASH_IN,120368.52,4.167653969489038e-06,low,1.0419134923722595e-05,False,0
a06fca8f5e447064077a92db9232747a26f38811,396,TRANSFER,834384.1,0.2770792347788811,low,0.021448086947202682,True,0
baa040ab15f16552673aa5a8fd1de37560791bd3,15,TRANSFER,151986.05,0.09012352609774099,low,0.000308815244352445,False,0
6c644a5f503d73b31b216108ddab71b68302f2b0,353,PAYMENT,32021.34,6.184693775139749e-05,low,0.00015461734437849373,False,0
e59055f040a5c6bca937ff6675e5697cd05692ea,154,PAYMENT,30734.25,3.3737080229911955e-06,low,8.434270057477988e-06,False,0
6ef2d0191a6f84dcc08204cbae258d1e566f8594,305,PAYMENT,33941.0,4.540328227449209e-05,low,0.00011350820568623021,False,0
f70144069247134907b2c7853a04a7e29b40014c,284,CASH_OUT,69340.32,0.000828887801617384,low,0.00207221950404346,False,0
eb06eca899e84ce1f89352788b9a9389a6c95017,10,CASH_IN,21753.87,1.0053776350105183e-06,low,2.5134440875262953e-06,False,0
a48945001b6612e791271ffb006ec45755273946,278,CASH_IN,81826.01,2.9061257009743713e-06,low,7.265314252435928e-06,False,0
b6912ae4a15c8ea897c59c471babef5141459d87,140,CASH_IN,7515.92,1.4013203326612711e-05,low,3.503300831653178e-05,False,0
166cf126453eb486332cd8645153acbb12a0133a,10,CASH_OUT,373140.84,8.870555757312105e-06,low,2.217638939328026e-05,False,0
a210491aa0b40f28ac9cabcf9eecdcf06e2d3982,378,CASH_OUT,238525.23,0.00011972000356763601,low,0.00029930000891909003,False,0
0ca773d3b03d36c571275abd56c61b5d320bea82,328,CASH_OUT,403805.56,9.848915397014934e-07,low,2.4622288492537336e-06,False,0
a77125984dca97e54c59cdacdb78c17970f030df,181,PAYMENT,6258.78,3.5170476621715354e-06,low,8.792619155428838e-06,False,0
96c059c4ad605ea5570659b8da762b1489c45540,153,CASH_IN,88726.19,2.162346754630562e-06,low,5.405866886576405e-06,False,0
6d23978b26619b3ca3ed47d40a72c3a3f00553ab,235,CASH_OUT,230701.94,0.00019333275267854335,low,0.0004833318816963583,False,0
808e8677f103fca61ea01eaca037b9de9d19851f,209,PAYMENT,6612.91,1.0725025640567765e-05,low,2.681256410141941e-05,False,0
6a773c7ee468e155edb1f099f5f5e7142fd8b6e6,209,CASH_OUT,130378.78,8.57197737786919e-06,low,2.1429943444672972e-05,False,0
0a98c3a8d03868b665e2b222e33f4e4e62bd5a2d,211,CASH_IN,397225.53,4.516725766734453e-07,low,1.1291814416836132e-06,False,0
989533b08ad77945990dee47b2cfa17d3fdc5f70,227,CASH_OUT,386615.5,0.21002799450594464,low,6.998626486165449e-05,False,0
e037371e13f46b583481371c91b7d54b4d565cd5,130,PAYMENT,17551.05,2.6520316168898717e-06,low,6.630079042224679e-06,False,0
cb46e3f324cd29db2c6d76021b7ab0f9bdcfb53c,397,CASH_IN,80334.11,1.8713886674959213e-06,low,4.678471668739803e-06,False,0
cf7cca7702228f743a8f073cfbbc9ac18fd3f007,251,CASH_IN,112702.32,4.297095074434765e-06,low,1.0742737686086912e-05,False,0
8988f7650602caf909aac1f609f610b6c397676b,380,PAYMENT,7914.6,9.579877769283484e-07,low,2.394969442320871e-06,False,0
2fcb8339c304ef0cc28caaa1981f789a72a2c308,283,CASH_IN,132435.72,1.4923027265467683e-06,low,3.7307568163669202e-06,False,0
9c145e53fabee2e47bf6d5b007e03a73de13e981,380,PAYMENT,1137.53,3.217208723071963e-06,low,8.043021807679906e-06,False,0
60e51b98d2dbfa74ebf90596128582cc2f362a07,304,PAYMENT,22363.39,2.414048794889823e-05,low,6.0351219872245565e-05,False,0
6a17376fe5891a2eeaee8571b0d223b7fae17e1b,133,PAYMENT,5758.57,1.4071482291910798e-05,low,3.5178705729776993e-05,False,0
d4a44393cce603c0d24285ff1daa2f154122f695,371,CASH_OUT,450153.53,0.0002737760310992599,low,0.0006844400777481496,False,0
6898bc492d777deec0eeac7994adc3dd521ce739,186,CASH_OUT,36550.93,0.006900330632925034,low,0.017250826582312584,False,0
b2cedc21f645f71c33124e0d48e3f7036102ce39,44,CASH_OUT,138394.48,0.0006246961187571288,low,0.0015617402968928218,False,0
0cedaca4c6cd5ec364c7602e06f9c774d6db74e3,351,CASH_OUT,231378.92,0.0002025007735937834,low,0.0005062519339844584,False,0
e353511b6887efcd40ec7e2074caffbb7ccda50b,235,PAYMENT,2487.45,2.3394169693347068e-05,low,5.8485424233367667e-05,False,0
2b48ddce9a9e4bfab4e420cec8cda7bd54cc61f4,380,PAYMENT,8170.79,5.615541012957693e-05,low,0.0001403885253239423,False,0
2eda0e209bc7091193e9a1160eba090574023e0a,209,CASH_OUT,171451.16,0.0001376396045088768,low,0.000344099011272192,False,0
fcf913f85cb176379bf681cecb5752ad830252dc,383,CASH_IN,6665.31,6.6779379267245534e-06,low,1.6694844816811383e-05,False,0
2ad2d1424d66b5746d3d0f1661f273003c741900,236,PAYMENT,555.9,2.628778456710279e-05,low,6.571946141775697e-05,False,0
e156b82d5ae500809a319df678b60a50d2a1024c,403,CASH_OUT,182566.27,4.045771856908687e-06,low,1.0114429642271716e-05,False,0
7baaaf90c38aa92bfb0f152bf6c6854d3712f439,402,CASH_OUT,40479.5,0.00020440923981368542,low,0.0005110230995342135,False,0
476ae87f1910257e5aaa6f21d04af76cd897d220,356,PAYMENT,8224.03,1.7306940571870657e-05,low,4.326735142967664e-05,False,0
6c666af23ece316e03a40438505101eb640381f5,277,CASH_OUT,115511.07,9.093163680518047e-06,low,2.2732909201295115e-05,False,0
5ef531325b6badf1095f177a7f641b521c267795,503,CASH_OUT,66602.32,0.0007622332777827978,low,0.0019055831944569945,False,0
820627b421faa1d6adda77ffb2009c0711c83929,153,CASH_OUT,139434.17,4.4038597843609756e-05,low,0.00011009649460902438,False,0
fd799968e6be84216b8bc0f7286a3f53a5f45308,329,CASH_OUT,142050.7,6.092884359532036e-06,low,1.523221089883009e-05,False,0
919afadd7b2dd6d350c8c9f02f14503347dad022,297,CASH_IN,326296.72,3.5427699913270774e-06,low,8.856924978317693e-06,False,0
bfecea4564e3accae59361555a5c1a3ca6c0f6f5,286,PAYMENT,903.62,5.745736416429281e-05,low,0.00014364341041073203,False,0
8cd0093c2d43ce31b0b52dea3f76a527c55f06a8,164,CASH_OUT,128562.94,0.0007197658065706492,low,0.0017994145164266229,False,0
968816551958c607498eeca9d5bf2746818693d6,178,CASH_IN,87286.49,1.4245889360609e-06,low,3.5614723401522497e-06,False,0
e8f3c74b052c53d05b14cda8fd50f33a768ecc71,358,PAYMENT,32637.35,9.299889206886292e-05,low,0.0002324972301721573,False,0
40f3ff8779765a2a224d2c9eda587b7a1071a825,400,CASH_OUT,100764.49,0.0006054038647562266,low,0.0015135096618905663,False,0
a2b78efe2cf4d800b1a65898d959e4abbab467d1,135,CASH_OUT,343093.9,0.0008036326617002487,low,0.002009081654250622,False,0
dd307472bb59bca113346f7fd89fa7375b02d553,298,CASH_OUT,217996.7,0.0001264581340365112,low,0.00031614533509127796,False,0
7329cec1d1c26cdb8b2887d00cebb79958654c78,402,PAYMENT,13476.34,1.4293163258116693e-05,low,3.573290814529173e-05,False,0
35f49597b758aeffb1122b54da203620f8419bf8,13,PAYMENT,15072.27,2.241467882413417e-05,low,5.603669706033543e-05,False,0
16a512a722ddfd2f98263ee9d22f0bd7a6f1102d,33,CASH_OUT,455464.06,0.00039575025439262393,low,0.0009893756359815598,False,0
4d4c4bfeaf9b8c2815740ac2a462f542e24e8e09,180,CASH_OUT,57541.37,0.00035993764176964763,low,0.000899844104424119,False,0
59de92ec8cdd0fa62f77e06baf6ee2b1cfc9c379,238,PAYMENT,3578.15,2.560880675446242e-05,low,6.402201688615605e-05,False,0
9b0507430c9f2ac26b6b406e2842817e4f213b37,378,TRANSFER,179892.44,0.0900776976288762,low,0.0001942440721904859,False,0
d9fd5e8e7642384fe42820f37cfd9804deccb009,350,PAYMENT,16784.2,1.986593269975856e-05,low,4.96648317493964e-05,False,0
1b924f8208fad0facf97af6c38fd3f61fd84a7ef,323,TRANSFER,1981576.4,0.09023441137745977,low,0.0005860284436494112,False,0
fc58e901570672d5792ee738fab385612de35885,302,CASH_OUT,146058.8,0.0005815542303025722,low,0.0014538855757564306,False,0
847a232184dbc288ce8af32edb6ca5eeb3c4c295,355,PAYMENT,4561.38,4.525775511865504e-06,low,1.131443877966376e-05,False,0
9b735ea990127563cdbdd3822aea52a04e625945,374,PAYMENT,5401.72,1.6641392721794546e-05,low,4.1603481804486364e-05,False,0
eef8796bd874c2c55a68143478f59fd7973f3966,44,CASH_OUT,42018.75,8.576965774409473e-05,low,0.00021442414436023682,False,0
8854ad234038c434043551ef58a4476b465cf05b,329,PAYMENT,11551.59,1.4149661183182617e-06,low,3.537415295795654e-06,False,0
422698cc9694debc30c3289e85d94f7303ef7d69,715,CASH_OUT,210666.44,0.21007432485581376,low,0.00018581213953439146,False,0
3d82e3b92479419c77bc101848d071101f4b4b9e,163,CASH_OUT,233041.06,0.2100318909093039,low,7.972727325977758e-05,False,0
bf9973afa1a40e783d3c1c84f3dbea4285d00e52,179,CASH_IN,140751.39,5.786180190625601e-06,low,1.4465450476564001e-05,False,0
01d680cde4bdeb19fadbb51ee6b9a695076e8e9e,306,PAYMENT,9016.83,1.0560786904534325e-05,low,2.6401967261335813e-05,False,0
e7a78045794652c09d9dbf251d6986437066816a,141,PAYMENT,2567.11,1.6272848006337882e-05,low,4.06821200158447e-05,False,0
a4e486d9d2546523f5cbce346704d9400d082095,530,PAYMENT,2567.98,1.2590373808052391e-05,low,3.147593452013098e-05,False,0
39aa4795b5d7176f95ab3053cff55a596175d556,347,CASH_OUT,290825.9,1.3390807907853742e-06,low,3.3477019769634353e-06,False,0
561b97caff91a976287247174d291d0cb2fc0457,322,CASH_IN,391618.56,6.866910553071648e-06,low,1.716727638267912e-05,False,0
b7a94256dda9ca6ac02a9c8b6d415d6bed026b27,164,CASH_IN,345078.4,7.818156154826283e-06,low,1.954539038706571e-05,False,0
45f5d90fa5fec4346dc651507d5e1ccac7adb5df,404,PAYMENT,10887.73,1.6555443289689722e-05,low,4.13886082242243e-05,False,0
8c78100cb006a7d759ae6c3ad0ec32bf839a3c84,306,PAYMENT,19702.22,1.9497319590300323e-05,low,4.8743298975750804e-05,False,0
754e0ca86bdb4d2ac59a9597ff9dd17628925106,688,CASH_IN,153972.14,1.219654077431187e-05,low,3.0491351935779676e-05,False,0
20f7daa7873b24cee8019dedfacf118e774e5ac4,302,PAYMENT,52016.99,7.631806074641645e-05,low,0.00019079515186604112,False,0
a15647e6e80db1116631466ac553f38c05681bb1,394,CASH_OUT,180611.97,0.00014685558853670956,low,0.00036713897134177387,False,0
5c9b7af028ba1707fbdca2cc2bbea62659416912,704,TRANSFER,158788.31,0.6672732410430908,high,0.996933102607727,True,1
37b9d83912c6e3d8d5dab7a9547257ac190cd82c,40,CASH_OUT,93410.84,9.662259981269018e-06,low,2.4155649953172542e-05,False,0
6578c3851eb17e691a26484169075838b81e06a4,139,PAYMENT,16246.15,1.9178517686668786e-05,low,4.794629421667196e-05,False,0
68da340ef59852bf36101fb33cb5606ce212538c,304,CASH_OUT,238075.02,2.5222192562068816e-06,low,6.305548140517203e-06,False,0
5f53aede9f9771be03937e9d1a69713f00f44986,183,PAYMENT,4004.02,1.28328989376314e-05,low,3.2082247344078496e-05,False,0
aafe33ddaa9b71cda7a66be1b28981eb2155c08f,258,PAYMENT,11881.21,3.8109974411781877e-06,low,9.52749360294547e-06,False,0
55f1291ffafa6e89ab57dcd18cf6c0fabe526b0e,203,TRANSFER,413334.44,0.09010509253479541,low,0.0002627313369885087,False,0
6d838a21df52b7546a7c8b5e4340dcf241de7fc1,202,CASH_IN,75465.89,1.3868112546333578e-06,low,3.4670281365833944e-06,False,0
374239d31e1fea01096bcf178fdc4ca1af6c26c6,298,CASH_IN,15967.98,8.265236101578922e-06,low,2.0663090253947303e-05,False,0
fbb54531c8c6cc5391a55af4b78df45dac817b93,278,PAYMENT,3557.25,1.3467967801261694e-05,low,3.366991950315423e-05,False,0
c8406bea1e559be011034f025ca8a29c82ca8045,348,PAYMENT,27645.44,6.033416138961911e-05,low,0.00015083540347404778,False,0
46f26c66f0cceea8d2b1317d8b06345bffa2c866,403,CASH_OUT,403151.4,2.087843131448608e-06,low,5.21960782862152e-06,False,0
c827c2a0364986cb547c72cc08c7b543d8316089,15,CASH_IN,17399.2,9.867530934570823e-07,low,2.4668827336427057e-06,False,0
d2b8fd8f5e3fd9dd40ab853dd2692a616471db48,252,TRANSFER,449542.47,0.09029493221081794,low,0.0007373305270448327,False,0
2c46e5969a1949a5b2b272f4ee59852517e40ac7,207,CASH_OUT,290006.25,4.450722553883679e-06,low,1.1126806384709198e-05,False,0
75956614fcc1a5ab9c37ed7b7e345d0314e0caf5,231,CASH_OUT,181606.62,1.6814316040836275e-06,low,4.203579010209069e-06,False,0
0040248ec0217c5dc1fdc57dd0880b6467a40991,44,CASH_OUT,203582.58,0.00015053634997457267,low,0.00037634087493643165,False,0
761a1240fffa1869763a4d1d92afb175200fdecc,46,CASH_IN,117703.77,8.645767229609191e-06,low,2.161441807402298e-05,False,0
ab77a050ff8f890f30a3e0c3410dc312df3a9a67,158,TRANSFER,561588.3,0.09002715972077568,low,6.789930193917826e-05,False,0
184226065690ad62328ef7b0e61d07c0aafe8922,403,PAYMENT,16440.68,1.9178517686668786e-05,low,4.794629421667196e-05,False,0
15edd34758b6caf25271b9dcf1fcfc9e9c9d53c2,373,CASH_OUT,103645.87,0.0011416225694119932,low,0.0028540564235299826,False,0
856b340e0e8feb717d9e2b3d3647aad1f012a5db,355,CASH_IN,16279.14,3.86809952033218e-06,low,9.67024880083045e-06,False,0
105ef1cffe69e9572c5e1356deab72148c837086,47,CASH_IN,324406.7,7.705777534283698e-06,low,1.9264443835709244e-05,False,0
30b5aa9bde863be1075a018f9b538824c2034132,17,CASH_IN,134794.95,4.121351230423898e-06,low,1.0303378076059744e-05,False,0
22185f173bf617a1f8f6b3e2dc156112953d06e1,394,CASH_OUT,122184.08,7.25271602277644e-06,low,1.81317900569411e-05,False,0
9b7941f9e60dfdbf2f5269ce93792840f6328a09,276,CASH_OUT,26538.14,0.0010755229741334915,low,0.002688807435333729,False,0
044df561432844e2edaadf89aad8a29052f787a4,42,PAYMENT,1310.29,1.1957565584452823e-05,low,2.9893913961132057e-05,False,0
535a51795b2e974c361b3cc6598aa10d2a2554e2,550,PAYMENT,3182.0,8.14599625300616e-06,low,2.03649906325154e-05,False,0
3e86deba96415b6814b9f6d4a1b4958b4216932d,203,TRANSFER,227264.31,0.09000129138988996,low,3.228474724892294e-06,False,0
8bd8edc030585920ea1dc8b4c70e62d68c61355f,137,CASH_IN,122651.22,6.199914059834555e-06,low,1.5499785149586387e-05,False,0
a9f2507cd1473f2c75d72dbcf9dc10de48a188c3,185,CASH_OUT,217403.31,0.21015367991290987,low,0.00038419978227466345,False,0
0e2c8655ab4e19aabae1d191e9e35991466173e2,188,CASH_IN,68435.32,5.920479088672437e-06,low,1.4801197721681092e-05,False,0
3e2b0a9ef1c8e19b62e656e3811f9199a80c733f,211,PAYMENT,3794.94,1.908959966385737e-05,low,4.7723999159643427e-05,False,0
5c66d02802f24f34847193579daf6178e8910897,280,CASH_OUT,157315.11,6.39597128611058e-05,low,0.0001598992821527645,False,0
4a2b296bf32cdf243b090fc398a5ca54c9bb0cd8,300,CASH_OUT,246734.12,0.2100434572022641,low,0.00010864300566026941,False,0
7398e4cc33f3f98346eb5bac9c21a0efe559d04d,302,TRANSFER,294131.4,0.09013034123694526,low,0.0003258530923631042,False,0
95e15ff02741c42045ce16ac3cde6e5e41efa5f1,303,TRANSFER,11260036.0,0.09016629806486891,low,0.000415745162172243,False,0
7fa2156c22a4bd61febf76549dab7babb38021a9,186,TRANSFER,538397.4,0.09000061950149758,low,1.5487537439184962e-06,False,0
6e291f50bc5652c5ab63f32e79a3ca130b64d259,45,PAYMENT,13779.5,6.359565304592252e-06,low,1.589891326148063e-05,False,0
2e2c4006630182ed6771b5832ac0861451a61c2a,49,PAYMENT,877.29,4.467609978746623e-05,low,0.00011169024946866557,False,0
e2c8cb80d39b62a420907a52ad9c98bdea2e2307,11,CASH_OUT,20507.98,0.00030757179483771325,low,0.0007689294870942831,False,0
c57aa72cf865eed6ea9c64704af59668781e57b2,528,TRANSFER,19412.75,1.8526631174609067e-05,low,4.631657793652266e-05,False,0
697536ee97af2b427e1c5d25266343eb8206c21c,376,CASH_OUT,10585.72,0.00014987795148044825,low,0.0003746948787011206,False,0
8c5db60ef4d3de3c512224e72b0fd4f89fd785d5,156,TRANSFER,480083.38,0.09012911201920361,low,0.00032278004800900817,False,0
6751d7e49fdc30d2b396ed612efa013b5b476771,211,CASH_OUT,107921.36,0.00038799301255494357,low,0.0009699825313873589,False,0
de37d30e40289b3f0529421059a95002110838e9,299,PAYMENT,8941.14,9.194830636261032e-06,low,2.2987076590652578e-05,False,0
f295c07e2bf196bc15345d4c108502fc20209b55,229,CASH_OUT,120300.03,0.24542852997779846,low,0.08857132494449615,True,0
dbd885ba44b699985ccc9ecf782493a0acfdab40,209,CASH_OUT,64993.97,0.00011771701974794269,low,0.0002942925493698567,False,0
966c1f38a27f2e1692150ada2efd58c8b9988a71,36,PAYMENT,31843.32,5.3991123422747485e-06,low,1.349778085568687e-05,False,0
101e8f3ad76182fa1a13cf96fab80f85ff87a436,249,CASH_IN,42648.26,2.1842102796654218e-06,low,5.460525699163554e-06,False,0
15d9706bfca0181f4f01d5fd8f1d0842dc359da3,234,TRANSFER,516094.75,0.0900007157559594,low,1.7893898984766565e-06,False,0
52c083275276dad8e38c30bef9756b9606df1fe8,160,CASH_OUT,111111.71,0.000606054486706853,low,0.0015151362167671323,False,0
c3936f99ef0f9fe76d7a710603560b3613c56868,34,PAYMENT,6449.28,8.471296314382926e-06,low,2.1178240785957314e-05,False,0
e72dbc157af0a7733234c31f0993aff5aead7a89,377,CASH_OUT,528828.7,1.7116719391196968e-06,low,4.2791798477992415e-06,False,0
5e1d3da5749eeac18e9488f3c5127fd471ad795e,352,PAYMENT,3903.17,1.3139649126969745e-06,low,3.284912281742436e-06,False,0
71155a95614fc2532cbc9d566059747081538df3,93,CASH_OUT,32654.49,0.0002450893400236964,low,0.0006127233500592411,False,0
3822bee59a5ac476dd0fcbaa2b31d2e595ae5075,188,CASH_IN,188114.4,1.101516972994432e-05,low,2.7537924324860796e-05,False,0
f501d8d3c54ec5f9ca05515cd86ec18a8c8586d6,328,PAYMENT,18354.78,1.8780613027047368e-05,low,4.6951532567618415e-05,False,0
135a92138b5b6181a06d5c4cfc5781f6e7bd7411,285,CASH_OUT,314292.53,0.00043388642370700836,low,0.001084716059267521,False,0
762fce7a384490aad2934545f1bff3dd15b7485e,43,CASH_IN,78988.73,3.169092451571487e-06,low,7.922731128928717e-06,False,0
fc07d2ea55a4c2e73e2debb28839908e10a0dea7,356,PAYMENT,2186.7,9.243522981705611e-07,low,2.3108807454264024e-06,False,0
0a5ebb79d44a7060c19e2d84fa598c53f1a78b9b,228,TRANSFER,963273.44,0.27935294634103774,low,0.027132365852594376,True,0
a73078164b9d73da9edd4ee2d43b0baf6a1a2406,307,CASH_OUT,107203.65,2.075753436656669e-05,low,5.189383591641672e-05,False,0
e2b10b559137085763d19b14af5f73251660344d,282,CASH_OUT,89970.81,0.00042648697271943095,low,0.0010662174317985773,False,0
f930ff4166f27791b682dc11adb76645c0bebb7c,257,PAYMENT,10786.82,9.874282113742083e-06,low,2.4685705284355208e-05,False,0
55e66aac5f514e3049b01edc6a7c81e4d1e285d9,333,CASH_IN,264286.03,7.794691191520542e-06,low,1.9486727978801355e-05,False,0
0925a81c4d73abfceb4e4a1e79e32015e7817687,138,TRANSFER,388199.3,0.0900027570868042,low,6.892717010487104e-06,False,0
f1ef81f9e925da5c5d10486b0b1d9091c1f0cb4e,252,PAYMENT,14802.49,6.336360820569098e-06,low,1.5840902051422745e-05,False,0
43c24467f1e56ea97c2297980c55a5d17d06d538,188,CASH_OUT,360249.7,0.21004984057159162,low,0.00012460142897907645,False,0
d42bec5803f257f50ca245bb52bf7531b9d0041d,396,TRANSFER,1640491.2,0.26915624532289806,low,0.0016406133072450757,True,0
4ca56d5ddc37d6e0046560c4378f6edb2bf0091f,356,CASH_OUT,81222.69,2.5130886933766307e-05,low,6.282721733441576e-05,False,0
2a6fec91d3829e9800972aa13fa39997628ca4b1,17,CASH_IN,173545.12,4.1376948502147575e-06,low,1.0344237125536893e-05,False,0
4b1b0c13decac184b8891853b075af13f6628ec9,395,CASH_IN,435154.47,2.0011483866255733e-05,low,5.0028709665639326e-05,False,0
05ea853457e9781406b100a65fda22e9239a52a0,275,CASH_OUT,172644.42,0.0001721921260468662,low,0.00043048031511716545,False,0
e69d038c6b3548488727e4928f39c43b3012d10f,351,CASH_OUT,99590.31,0.00046583842486143113,low,0.0011645960621535778,False,0
f2f922aba309a425f77c9858950d86a286f82317,19,CASH_OUT,114475.32,0.0004585201386362314,low,0.0011463003465905786,False,0
36e7863e57cf36c07b927fa73da3864c0371a658,217,PAYMENT,2390.34,4.509868449531495e-06,low,1.1274671123828739e-05,False,0
9635c9c2a28bbe83a6aa037ca854644298aa7ffe,210,PAYMENT,17644.17,1.9497319590300323e-05,low,4.8743298975750804e-05,False,0
59134732831cebc11052b08acc230480b7bbbdc0,213,CASH_OUT,26537.48,0.0004734677262604237,low,0.0011836693156510592,False,0
f1772ccfe2a34ada29727b94b3d9e8d330eeda81,186,CASH_OUT,99207.59,0.20298595428466798,low,0.5074648857116699,False,0
db468ea5349584fb0f33633891e7f95e4811999e,403,CASH_IN,66035.59,2.335621866222937e-06,low,5.839054665557342e-06,False,0
1061c0bed07cb63bfc382f3988be451d8fa9df16,17,PAYMENT,6857.62,3.256205527577549e-05,low,8.140513818943873e-05,False,0
ba7ee29fdc21cb011cd5378071a26e23dcda6147,404,CASH_IN,352117.25,1.3227222370915116e-05,low,3.306805592728779e-05,False,0
47ffd47ce36fc66a3e3648ddcb17849981e114b8,232,PAYMENT,1254.38,4.222849020152353e-06,low,1.0557122550380882e-05,False,0
710336e298fd9c174beae49640625f2cf1618397,162,CASH_OUT,59134.5,4.975140327587724e-05,low,0.0001243785081896931,False,0
25be0310243d8226510cbb09d944448618faf792,43,CASH_OUT,60074.51,0.00015860339626669884,low,0.0003965084906667471,False,0
536bf32374e0a5582b1da77cb5fd63092401878a,405,PAYMENT,29461.12,8.157991687767208e-05,low,0.0002039497921941802,False,0
12d8ce09d57c93132f744eaaf71c9b104637d41a,351,CASH_IN,165543.81,1.0876537271542476e-05,low,2.7191343178856187e-05,False,0
f3d26a5538c19eae2a9af84a329647601fba633b,380,CASH_OUT,163664.6,0.0005560460034757852,low,0.0013901150086894631,False,0
0e935315c1b9ac6f4d45440c7b53dc757443af3f,285,PAYMENT,1764.55,6.510523235192523e-07,low,1.6276308087981306e-06,False,0
43106a12509666ef3e2eb83e717b54a87f26cdb6,308,PAYMENT,22358.27,4.6553202992072336e-06,low,1.1638300748018082e-05,False,0
f7d9016abd302177a4c62023e953058ad39d458a,395,CASH_IN,33550.44,1.92751413123915e-06,low,4.818785328097874e-06,False,0
2a8e4375668cf8e3e8fa4ee6d3bb61af55c2661d,36,CASH_OUT,365979.3,3.3146643545478582e-06,low,8.286660886369646e-06,False,0
297b8f2675ad498da25990eef4f3a73d6072e0ac,159,CASH_IN,148485.62,7.482887303922326e-06,low,1.8707218259805813e-05,False,0
a2a4d7449f855f628821c0cd182cad665a6dd044,17,DEBIT,5194.55,9.801815758692101e-06,low,2.450453939673025e-05,False,0
7d18fb57fd5ff68b8d80bb8bd773cc874f411d9d,692,TRANSFER,13085.87,8.20011948235333e-05,low,0.00020500298705883324,False,0
e87453b1d23a32f10e719c4e9068de7be33b88e4,139,PAYMENT,16018.33,5.266766311251559e-06,low,1.3166915778128896e-05,False,0
0645e965b7f392926c755e25be691a2024754771,323,CASH_IN,309639.97,5.686466465704143e-06,low,1.4216166164260358e-05,False,0
eae779a2ef84788853fcc03c047254ef2dc60020,181,CASH_OUT,89201.85,9.301839745603503e-05,low,0.00023254599364008754,False,0
e6c980f1bdc4dec34c46f89e82cb90735d8c9016,249,CASH_OUT,248700.4,0.00028633859474211934,low,0.0007158464868552983,False,0
7659103dadc46c9e299dde7c1df5b3b8eb86fbce,204,PAYMENT,11135.98,1.978663931367919e-06,low,4.946659828419797e-06,False,0
b3b7924df52244497f7061b0c326ab287d841a0e,17,CASH_OUT,89908.16,0.00045532886870205405,low,0.001138322171755135,False,0
71117e5e4d2a79eca0b3d1bd78a4faca6b70f399,303,CASH_IN,91403.81,3.949603706132621e-06,low,9.874009265331551e-06,False,0
346ed15b72a919d6bc17ba148783a51194077fde,155,CASH_IN,5813.39,4.866574272455182e-07,low,1.2166435681137955e-06,False,0
ceb61a9d22dffa85d70b5f9d39ce4d869dabe2a4,355,TRANSFER,755531.7,0.09004209645267111,low,0.00010524113167775795,False,0
8c61de33fe6bf2f6fc073a369281723b7fca2577,15,CASH_OUT,237864.88,4.767876089317724e-06,low,1.191969022329431e-05,False,0
ac983b0b1c19f2076e9ad0b5bf53cbcb6af0fa2d,330,CASH_OUT,141737.53,0.0003136074868962169,low,0.0007840187172405422,False,0
ffbe5ddc9827c191b792c85e93dbfc73cbaed5b9,370,CASH_OUT,97467.56,0.0011009899899363518,low,0.0027524749748408794,False,0
d3875ae98f05cab7b13f52a6e14c7f809e287ff5,214,PAYMENT,12680.05,5.658395821228623e-06,low,1.4145989553071558e-05,False,0
0938c35c1c9265b70f59f354cd033636828888d1,373,CASH_IN,7243.56,1.257756957784295e-05,low,3.144392394460738e-05,False,0
97bc59896e23837657ddeb12ded1b452159de733,564,CASH_IN,104462.06,1.794995478121564e-06,low,4.4874886953039095e-06,False,0
3a15722c4f0f057a2c8fdff2cfec6792dfe7c13b,140,TRANSFER,165360.7,0.09013184044510127,low,0.00032960111275315285,False,0
7aa0f0546b69f38808f4f4a2be42ad6611a363c4,355,CASH_OUT,8591.91,0.0028505736961960794,low,0.007126434240490198,False,0
7aae097d277d5b1192168e2763e0d4b662203533,156,CASH_IN,99418.83,0.0005734251346439124,low,0.0014335628366097808,False,0
fb718b6b3f30cbeaf17f7c43d1474677bee6c5b0,517,CASH_IN,116665.04,2.6014737159130164e-06,low,6.503684289782541e-06,False,0
6633cf7671ff0f67f32ba265758f6616e69645cc,136,CASH_OUT,668223.75,0.21008955564699136,low,0.00022388911747839302,False,0
307b89a6dacb983c5d24c9b0676b7153880c64cf,21,TRANSFER,161225.19,0.09010619513923303,low,0.0002654878480825573,False,0
0a8e736be866feb9405edb4ec5e1ce1e002a6e21,188,CASH_IN,41525.68,2.366847729717847e-06,low,5.917119324294617e-06,False,0
06aae51de2468c3e65fda3b956d3761724233264,206,PAYMENT,2796.24,4.827795692108339e-07,low,1.2069489230270847e-06,False,0
551fe2f3cc49d82f156c31000e0f3588f9e07e03,348,PAYMENT,1486.21,1.1119434930151328e-05,low,2.779858732537832e-05,False,0
caa1bbd6c2f6f52ee7675cb75a2980a5cbfd4e82,400,PAYMENT,292.6,1.3508228585124016e-05,low,3.377057146281004e-05,False,0
4007e54c2371234646a8d1421f1a08408657c89c,169,PAYMENT,7686.2,1.2347132724244148e-05,low,3.086783181061037e-05,False,0
5ce7843ee109a042324b50ad0176ccf5b2d81196,326,CASH_OUT,360586.6,0.0006363274063915015,low,0.0015908185159787536,False,0
22e1641816d85320ba2f6e6923885ad40302ffd5,255,CASH_OUT,245659.56,0.00038438735064119103,low,0.0009609683766029775,False,0
4974a75492f21c438bde986082199fde710baeae,228,CASH_OUT,529999.9,0.00040022502653300765,low,0.001000562566332519,False,0
ad881cec799dfc9398933506fc35e233c4e0ef26,209,CASH_OUT,421407.7,0.0006235049571841956,low,0.0015587623929604888,False,0
b5d19235e07049e9ae24dca60f81130968dfaf39,185,CASH_OUT,382733.34,0.0006038896273821593,low,0.001509724068455398,False,0
7c80d7dc2baa529724c1585d6caa5edc83dbc2de,21,CASH_OUT,92818.71,0.00040286006405949594,low,0.0010071501601487398,False,0
ffe9c4b759af5453d26e80dbf2eb4f7877808115,227,PAYMENT,26085.28,2.3116609372664244e-05,low,5.779152343166061e-05,False,0
c3606d4d4a0b8eac005a8c01105ce87ae9f7fff5,353,CASH_OUT,85800.84,3.352330531924963e-05,low,8.380826329812407e-05,False,0
9018f57d84e1a1099e094061860a7d3ae040fd06,210,PAYMENT,29823.77,6.2796454585623e-06,low,1.569911364640575e-05,False,0
b409cc501f85566e6d08cde9fd18381d6c86a338,329,CASH_IN,278148.78,3.7357011024141687e-06,low,9.339252756035421e-06,False,0
3bbaa2faaf9ec64c517d9b9543f5c041e252dc6e,354,CASH_OUT,382836.72,0.21070279818028212,low,0.0017569954507052898,False,0
d1cb785745aeb85c4e7b5daafb276f3de1fe0bc9,301,PAYMENT,25471.06,8.59130741446279e-06,low,2.1478268536156975e-05,False,0
b42f8549700bb22c70c1c16b0a4836fc78f9d5c0,201,PAYMENT,7022.21,1.2908999633509667e-05,low,3.2272499083774164e-05,False,0
b25847e7ae491aedad3a98e2513f7e16dcad679a,332,PAYMENT,9916.46,1.7816426407080144e-05,low,4.454106601770036e-05,False,0
b87c258bc8c639be30d06f089fd3ea7a15c96e3e,372,CASH_IN,103749.78,3.6009063478559256e-05,low,9.002265869639814e-05,False,0
e6d03f673d0ac4f9e2d44d03c02314055789b5f9,42,CASH_OUT,338846.12,1.1626210834947416e-06,low,2.9065527087368537e-06,False,0
0f684ceeb4b6868b0b269d038c5e67ca57a52139,395,CASH_IN,12465.62,5.086326382297557e-07,low,1.2715815955743892e-06,False,0
e403a61f4ca162a2ad63b41681cb8970ffe21c7b,211,CASH_IN,95038.3,3.012244269484654e-06,low,7.530610673711635e-06,False,0
fd03cc7a0fa2c2f96b8071af4b7045cd9acacd92,15,CASH_OUT,13846.76,6.1343671404756606e-06,low,1.533591785118915e-05,False,0
adb32dc02f33b12215f54648295f3ca2f6c5625c,353,CASH_OUT,212026.31,1.674065279075876e-05,low,4.18516319768969e-05,False,0
8d15e37650b86e6a9614e1814043dd99b315319e,18,TRANSFER,242971.95,0.09000171309275175,low,4.282731879357016e-06,False,0
6ff690394ef66a4c8a5d955940a3e9bedaabcc30,644,CASH_OUT,216509.12,1.1205467308172957e-05,low,2.801366827043239e-05,False,0
00fec25a6b1494c95e0b9551078e2a7883a71e22,153,CASH_IN,24072.06,1.3486904208548367e-06,low,3.3717260521370918e-06,False,0
e427736fc8d95d8e5ee5beff8564cd1d282cbe3a,154,PAYMENT,5007.64,1.3117570779286326e-05,low,3.279392694821581e-05,False,0
e1e87adc406fda0aade36be321147f094f34c3b4,19,CASH_OUT,137532.0,0.210997406989336,low,0.0024935174733400345,False,0
5b338bab964f8e7da1c70bd8bf7d8dfe3633c6aa,526,PAYMENT,10499.1,8.425887062912808e-06,low,2.1064717657282017e-05,False,0
11e2711806b0d18021a7080b6f85546ccc736c75,179,PAYMENT,8336.6,9.194830636261032e-06,low,2.2987076590652578e-05,False,0
0efbdc4f1fc8ff36420c8c1840b1e6758cf6543b,250,CASH_OUT,61437.91,6.154919974505901e-05,low,0.00015387299936264753,False,0
8d27db6b2ccd617ce74612b53a25a906de184994,11,CASH_OUT,546595.7,0.21002786456025205,low,6.966140063013881e-05,False,0
ae1e23d84c39980aabf8d94b3ed50dc4d0e87eae,44,CASH_OUT,10544.07,0.00015227022813633085,low,0.0003806755703408271,False,0
2ece50c8126ad29280a27cad2e4221443df8f26a,405,TRANSFER,81817.91,1.529860164737329e-05,low,3.824650411843322e-05,False,0
2b520723bf63afccbf59ed699d5c4dc9fc15a707,379,CASH_IN,322789.38,1.166482616099529e-05,low,2.9162065402488224e-05,False,0
01206466a68c156ae521235b1b1e557ed37ae3c0,155,PAYMENT,40352.62,4.258258559275418e-06,low,1.0645646398188546e-05,False,0
5ebb0c7c395b64be18e5ee853a740c8c17a41e85,253,PAYMENT,25900.0,3.6706755054183308e-06,low,9.176688763545826e-06,False,0
1390ff91d80cd88daa53bc2ad5d766256b1aaba0,13,CASH_OUT,191812.06,9.144261275650933e-06,low,2.2860653189127333e-05,False,0
8a983ab674d60f89195aa2d329c81bc774da8e88,594,TRANSFER,654710.3,0.0900013717645743,low,3.429411435718066e-06,False,0
a31f179c4e80fc5ade635be2fd4314e4c1be6509,12,PAYMENT,17709.79,2.1108407963765785e-06,low,5.277101990941446e-06,False,0
ef3e131d18edb11b48b6cb7856d1f450ac8f18f7,131,CASH_OUT,283149.16,0.0001983980182558298,low,0.0004959950456395745,False,0
5584623f83e6e16203e73ae70e89997a86542364,254,TRANSFER,720942.25,0.2685041896273615,low,1.047406840370968e-05,True,0
8bd86462ac0abbf5a6475326b21a1785c3411690,355,PAYMENT,915.94,1.6829397281981074e-06,low,4.207349320495268e-06,False,0
28cb706a754e2c787668f70bd887a51d8f4682bf,709,CASH_OUT,297496.62,2.8463638955145145e-06,low,7.115909738786286e-06,False,0
2986641d064d47f1190c864574bb91c1517d90e6,95,CASH_OUT,45180.1,7.945969118736685e-05,low,0.0001986492279684171,False,0
7b2f5910b812c1f0716bedd9aa58deeb755bf3cf,186,CASH_IN,324848.25,7.120148075046018e-06,low,1.7800370187615044e-05,False,0
8ca1bd6a204684bcc1d25a20fb7c324e59e52e16,305,CASH_IN,168748.62,6.81699202687014e-07,low,1.7042480067175347e-06,False,0
11ae008177979b4257b98c6a4954667ca0f0831c,15,PAYMENT,8008.85,4.12647168559488e-06,low,1.0316179213987198e-05,False,0
ed09a57531d8d1ee77bd10932d8e224a45424541,321,TRANSFER,115038.39,0.00045961644500494005,low,0.00114904111251235,False,0
bed029e5fbfe025296a634ffad5a3fe9cb4701b0,33,CASH_IN,51502.86,1.9985101971542464e-06,low,4.996275492885616e-06,False,0
9e14a4e010170c5db33d0ef47ec378787f886ea9,352,CASH_OUT,125625.61,0.0004086273722350598,low,0.0010215684305876493,False,0
aea445724442fe2f41dfba69515284941371b360,36,CASH_OUT,140285.4,0.007406055927276611,low,0.01851513981819153,False,0
f1d37784487c857fc29a031a96f1d3086406c57d,380,CASH_OUT,235806.94,2.9426233595586383e-06,low,7.3565583988965955e-06,False,0
49fe46e54f03bd7384b1531b6c1522b996400009,204,CASH_IN,222780.86,7.897717296145857e-07,low,1.974429324036464e-06,False,0
5df8bda050ce5931449c58280c940c0526ab83c5,159,CASH_OUT,189541.6,3.0647290259366857e-06,low,7.661822564841714e-06,False,0
3d015691ae7381bd8e69c9ef1d20d86e965e914b,347,CASH_IN,19532.08,7.959068170748651e-07,low,1.9897670426871628e-06,False,0
703d7d2007551ea65a4dacbdd9fa6bf9055403e1,203,CASH_IN,99893.2,3.154913792968728e-06,low,7.887284482421819e-06,False,0
7580300329189a20bdbf1a78fd65bfc895936443,186,CASH_OUT,280094.34,2.767829937511124e-06,low,6.919574843777809e-06,False,0
1d9ddd369a70bbf26863330815fb7486691c6057,619,CASH_OUT,36438.65,0.0002972065703943372,low,0.0007430164259858429,False,0
37d957bc280c9d92bc07c49f4cec9b5b7054a16d,225,CASH_OUT,318888.44,9.811766212806106e-05,low,0.00024529415532015264,False,0
ce7a796ff1217560394c479ef995e04df27e987f,287,CASH_IN,176981.33,2.4594084243290128e-05,low,6.148521060822532e-05,False,0
613d210ba0458888eee3bb439b3b2fc546a55693,330,PAYMENT,13579.14,1.414707221556455e-05,low,3.536768053891137e-05,False,0
efa89131a717c51e5431f3286872d3402253e044,354,CASH_OUT,125745.13,2.4320324882864952e-05,low,6.080081220716238e-05,False,0
58d2e8286bb3a24ada1a3371672322773138ddff,324,CASH_OUT,148738.16,1.4770096458960325e-05,low,3.692524114740081e-05,False,0
eab898bda650e1856ad78085c12bc59472c6d6cb,275,PAYMENT,3339.37,1.1363347766746302e-06,low,2.8408369416865753e-06,False,0
02c6604ca16e33001791e1c4d4dd35e2b6b66e5a,206,CASH_OUT,49634.67,0.0003453032812103629,low,0.0008632582030259073,False,0
1dc7ab1b585a62e37468b52736195e1cea5587bb,139,CASH_OUT,83843.44,4.996309871785343e-05,low,0.00012490774679463357,False,0
dbe93d134bedf573bd2bd545423cd0ff0a9e8f2d,33,CASH_IN,14811.92,1.785295899026096e-05,low,4.46323974756524e-05,False,0
237c7befbb9f4c3b34a40a0562511b35c125b1b2,10,CASH_OUT,438546.28,0.21003066679637414,low,7.66669909353368e-05,False,0
9f1b8436b3051687af776af2cd4bd48fb09bd744,393,PAYMENT,8711.26,8.25636598165147e-06,low,2.0640914954128675e-05,False,0
2591e0fbef70416ed73488ca2d718fa241bdedb1,400,CASH_OUT,65476.67,0.0001734163844957948,low,0.00043354096123948693,False,0
9eb28abd22a684d9041d8b38562413822a27aac6,8,CASH_IN,47916.23,2.5040499167516828e-06,low,6.260124791879207e-06,False,0
130a1a7d20d8976e3ff38ba8c2deb97705777883,226,CASH_OUT,683665.0,7.881382771302015e-06,low,1.9703456928255036e-05,False,0
42e40eca95ab2da2096026862d24381b5cc70608,279,CASH_OUT,58594.95,2.746842510532588e-05,low,6.86710627633147e-05,False,0
90efc5e0a9c0739bf97e40e3503eb98f6506b88d,134,PAYMENT,16737.32,1.986593269975856e-05,low,4.96648317493964e-05,False,0
e0850721142f3145a7bf317002a0aadcffd34cef,205,CASH_OUT,238046.81,0.00020427901763468982,low,0.0005106975440867245,False,0
e53da91a3452790a5c37672c2002cfe74d1dce3b,372,CASH_IN,137753.16,7.687867764616385e-06,low,1.9219669411540963e-05,False,0
64bd3eed2a978991f83fe6f493fdc79fbb23388d,209,CASH_IN,159579.19,8.746251842239871e-06,low,2.186562960559968e-05,False,0
fc295ae8df1f1bd10660eb9fa294b4d28a4fc73d,528,PAYMENT,5092.33,0.00011426849523559213,low,0.0002856712380889803,False,0
22aebb68f633400936c064c76233d0c9d529ae8d,39,CASH_IN,118392.45,8.087354217423126e-06,low,2.0218385543557815e-05,False,0
c00bdfe45548cbaf686ed793f47c844c36bbad6c,279,CASH_IN,59217.42,1.2180038538645023e-06,low,3.0450096346612554e-06,False,0
fc8c47fb9985e7398ec3db94c9b5d9aee11bb107,10,CASH_OUT,280935.16,0.00021341631654649975,low,0.0005335407913662493,False,0
d789ff7b954f0ba0b5373b2ff4965cf734167944,236,PAYMENT,16386.31,8.43694360810332e-06,low,2.10923590202583e-05,False,0
cd0b2d4546474bb57cd64c71da5c43d864a9b2ef,567,CASH_IN,29767.75,1.3830668649461587e-06,low,3.4576671623653965e-06,False,0
a48ce5bca0e5818119dc57726bd632e2fcf8658e,301,CASH_OUT,96692.61,0.00019093403825536372,low,0.00047733509563840926,False,0
72172190f30cad732aea874bdf3311ac348680dc,308,CASH_IN,139614.98,5.191981472307816e-06,low,1.297995368076954e-05,False,0
08217b3de1e26aafff74cbb4677ce1084d5f0b55,139,PAYMENT,13857.75,6.314048368949444e-06,low,1.5785120922373608e-05,False,0
f1d88ddded2f329c2d8609cd044dc33b5d212afe,564,CASH_OUT,195948.34,5.2077011787332594e-06,low,1.3019252946833149e-05,False,0
876f478e2f80154a4a3608e9a6eb071bf39300bd,137,CASH_OUT,290441.44,0.0001507582375779748,low,0.000376895593944937,False,0
9197b90a9b1c7b33d59e2ad2ff5840241719c2db,155,CASH_IN,546601.3,1.0622208355925979e-05,low,2.6555520889814943e-05,False,0
ecbc84f29d28f957a897b1eee79f93fa722e31b9,393,TRANSFER,538148.0,0.2685041780564061,low,1.044514101522509e-05,True,0
de9c628f15cbc35b59e9432f4a1316b47378e28e,18,CASH_OUT,151278.83,0.00017588703194633127,low,0.00043971757986582816,False,0
403ebc5132f6e7eb32e38057c2ee770cd45f56e8,379,CASH_IN,455882.88,1.6251510533038527e-05,low,4.062877633259632e-05,False,0
818a5cd642ad50cccebfb68ce827412f5f30a0b3,394,CASH_OUT,269981.0,0.00023737668525427582,low,0.0005934417131356895,False,0
4b715a5f61c31d2425ac0ede28fea236c551ff8e,228,CASH_OUT,67495.51,7.646892336197198e-05,low,0.00019117230840492994,False,0
27cbc367d7caf97dbac933dcdebc98d7fa368a24,37,CASH_OUT,100207.08,0.0009093713015317917,low,0.0022734282538294792,False,0
733da857a5f5b238c599ada1ada04bdb5844fe3a,378,TRANSFER,948203.25,0.09007159691303969,low,0.00017899228259921074,False,0
8541e8d7d5afa7dafd59c5f9bc6b7d030bcb69d1,16,CASH_OUT,255207.14,0.00032671517692506313,low,0.0008167879423126578,False,0
3012ccf8d146e02efdcf715ed5acd3df0e4b715d,249,CASH_OUT,41121.61,0.0004909000825136901,low,0.001227250206284225,False,0
3c31816180d1a415d010a1c5b2ff47b2a4a1823d,143,CASH_IN,84470.77,3.0593764677178115e-06,low,7.648441169294529e-06,False,0
4fc41fa0b9b2afae98bbc83013bfef18e3ace1d6,163,CASH_IN,40961.63,4.964158142684028e-06,low,1.2410395356710069e-05,False,0
af61edabb7b277219e19d885a06d6808982c5adc,205,PAYMENT,5027.19,5.494222568813712e-06,low,1.3735556422034279e-05,False,0
7a9b0ae7d26517ded250aaaf542a9d47d20d2d43,131,PAYMENT,16918.64,1.0413395102659707e-06,low,2.6033487756649265e-06,False,0
d2561ba9ab24d0009deb7149cb41c26a9b60f3e9,252,CASH_OUT,380541.4,0.2131673576682806,low,0.007918394170701504,False,0
a6da1dd114b97e4d74ac71fdb75ba83c753c1a1b,205,CASH_OUT,43815.2,3.333897620905191e-05,low,8.334744052262977e-05,False,0
1a6a67c2cb9263d1c475f9af9775fe454655a941,358,PAYMENT,5750.84,1.2250652071088553e-05,low,3.062663017772138e-05,False,0
34c3c59b8bab7b7a91364b2748d900480e7e8999,130,PAYMENT,22955.56,1.0144314001081512e-05,low,2.536078500270378e-05,False,0
b0215046549127056c0cb2f8f44f3c269f957670,393,CASH_OUT,48811.1,0.0003311013337224722,low,0.0008277533343061805,False,0
0ab40325d24631e8fb3d4d1a9a6158013a190aae,329,CASH_IN,138557.12,4.060579231008888e-05,low,0.00010151448077522218,False,0
2d8d013110a8e3197c0cdcdd5bf05ac4b039727e,374,PAYMENT,51091.35,6.132342969067395e-06,low,1.5330857422668487e-05,False,0
bc0e15cd1d0d2ccf0595dafe4718ab7a057565c8,11,CASH_OUT,136715.45,0.2101003981102258,low,0.00025099527556449175,False,0
fbfb484bd2e92751ea1487324ad8187cf9b25548,93,TRANSFER,372811.6,0.0901473634154536,low,0.0003684085386339575,False,0
39b7c55176c015f4a4483c69c05f06a1c83d9e25,393,CASH_IN,208038.2,1.1150505451951176e-05,low,2.787626362987794e-05,False,0
e2e5f0c930f28f94863601971dcf5eb0da3f7ee1,21,CASH_IN,112660.66,8.111754868878052e-06,low,2.027938717219513e-05,False,0
794fadceb6ffd21f04d662da4f5c7024e9f7bdeb,44,PAYMENT,3873.1,2.2866552171763033e-05,low,5.716638042940758e-05,False,0
20fbed0351234b03df6df6f867a864daf85612f1,186,CASH_OUT,2156.11,0.000159520551096648,low,0.00039880137774161994,False,0
70582b67dd1c37a0996a939eefcf705157799b48,13,CASH_OUT,447826.16,0.42779918670654293,medium,0.5444979667663574,True,0
465b5b7018f1686b21eb51e49cd2ff4a30463e72,308,PAYMENT,3872.01,6.580078479601071e-06,low,1.6450196199002676e-05,False,0
9582478b2dd1236aa6c5764493966d8f01975f3a,357,PAYMENT,3954.82,6.107363878982142e-06,low,1.5268409697455354e-05,False,0
83ade951d280a298b109e7cd70f2be7f86fee482,252,CASH_OUT,370213.2,0.00017996259266510607,low,0.00044990648166276515,False,0
aa26c6471880142d5ee989b2db21695fa1b06b4e,333,TRANSFER,2143077.0,0.09029700582381339,low,0.000742514559533447,False,0
8d1d55ccd9f4f8d6ff08ed6bb1d6068e66923b61,373,PAYMENT,11927.1,4.134712798986584e-06,low,1.033678199746646e-05,False,0
460d7532bd0a89ed19091082fd90e1ad54a0074d,398,CASH_OUT,108291.72,3.9825343992561106e-05,low,9.956335998140275e-05,False,0
05c95fe31bc92b7aacf5a93513ec14abd85f2074,136,CASH_OUT,207430.88,5.9124111430719495e-05,low,0.00014781027857679874,False,0
c8c390efad86d37a77736c349430571b02cb7f49,179,CASH_OUT,149130.25,0.00022657562512904406,low,0.0005664390628226101,False,0
f87f5ac91f3b538da1c109bfd26155d4ed348ffa,330,TRANSFER,1426996.6,0.09000062200206231,low,1.5550051557511324e-06,False,0
19c3212e69ad0b8f76d6424ab7444e164856c018,202,PAYMENT,413.42,2.9220784654171443e-07,low,7.30519616354286e-07,False,0
be8c6d934e16b1c03f439b1a2aec644263a44d0f,297,PAYMENT,40460.71,0.00016265079611912372,low,0.00040662699029780924,False,0
c66c50e253e1b91bdc79346d200407dc4506855b,357,PAYMENT,3197.48,1.9929544578189962e-06,low,4.98238614454749e-06,False,0
5fccba151fd60ff8aa71d776a56ce09d86835d55,404,PAYMENT,12756.06,2.3755528673063964e-05,low,5.938882168265991e-05,False,0
09fc132dfa28e0d3d462476a86472f723a295b97,228,CASH_IN,197867.16,5.117375258123503e-06,low,1.2793438145308755e-05,False,0
8e83a8b50038dc9aea8ff06aa068092f6d48cf25,208,TRANSFER,12825.12,3.1070038676261906e-05,low,7.767509669065475e-05,False,0
6fdafbaccafe51e79eda8b3ffc411022087b3bd3,135,CASH_IN,210975.1,4.3057284528913445e-07,low,1.076432113222836e-06,False,0
4462d6d85b5b128b4325240dd487fa0cc5bc3f82,331,PAYMENT,13024.73,1.3915749150328338e-05,low,3.4789372875820845e-05,False,0
8b0c4c9d7e6fe25c260eaf57725caf5e8f303566,656,PAYMENT,2745.49,4.6026352720218714e-07,low,1.1506588180054678e-06,False,0
b40ada44e3253c37947aac719bb55a7e85549206,43,PAYMENT,483.9,6.357130132528256e-07,low,1.5892825331320637e-06,False,0
cc11a44d40187780c273889c2f1ef66e111bc42a,185,PAYMENT,6034.26,1.0725025640567765e-05,low,2.681256410141941e-05,False,0
3e2d40ef14ae7588137fb333022a6544b783116d,9,PAYMENT,18578.22,1.163691467809258e-06,low,2.909228669523145e-06,False,0
7881c7419f405ed04ece5e1ac0c6ef3babe251a2,236,CASH_OUT,49395.52,0.0007506731897592545,low,0.0018766829743981361,False,0
d13463b0f79ec968b12e05e82253225059aa9fb5,211,CASH_OUT,124944.64,3.8166949525475506e-05,low,9.541737381368876e-05,False,0
56ef051f5a5ab5a3b9bef43dbcaf075c82d6e867,131,TRANSFER,335779.53,0.09014842683449388,low,0.00037106708623468876,False,0
f18eb24f3c0b3bc41d35f10d264f7ca7415739ec,352,CASH_OUT,415968.06,2.363604107813444e-06,low,5.90901026953361e-06,False,0
9f8e5eee2637318724ddcfc88ac3cf1a79b388c1,94,CASH_OUT,232750.19,0.0007424715906381607,low,0.0018561789765954018,False,0
2ef80fb51ce81502a6d850c9c217c29073ed1b3b,41,PAYMENT,1339.63,6.153268714115257e-07,low,1.5383171785288141e-06,False,0
eb3e63f62be00ccee4fd5af13fc106679e9606e6,13,CASH_IN,32027.95,3.2529005693504587e-06,low,8.132251423376147e-06,False,0
4377eeebcdcda0520e8c310928aa94ec8575fdd7,277,CASH_OUT,112364.67,0.0007667985279113054,low,0.0019169963197782636,False,0
4345ed92fef40b281662d2710ea865597ffb36bb,252,CASH_OUT,21743.12,0.00010242376010864973,low,0.0002560594002716243,False,0
3d552bace271c7dd4b1d6c644d56eec0cf08491f,406,PAYMENT,25113.57,1.7108023166656496e-05,low,4.2770057916641235e-05,False,0
78ad1a417ff0f07890a67727664c5814848e268f,130,CASH_OUT,78601.33,0.0005423478782176971,low,0.0013558696955442429,False,0
15e9d7d93334942ff481537f21fa1e958b86293a,38,CASH_OUT,166080.55,4.5254247379489246e-05,low,0.00011313561844872311,False,0
2edf15be26fd5b45361ce651cdb17379f1b30c92,154,TRANSFER,1552363.2,0.2685189286263776,low,4.732156594400294e-05,True,0
3bbd18eed34a25c6140bf761968d625db9ae4ea9,356,PAYMENT,7865.04,1.7306940571870657e-05,low,4.326735142967664e-05,False,0
8c8f1311a548fa55b9c64ccf830473ad53c78895,500,CASH_OUT,279322.7,0.0005475976970046759,low,0.0013689942425116897,False,0
3605e8ac88f306f7e2ec56bf2dedd7e976de5df9,12,CASH_OUT,375592.28,1.8178212485508994e-06,low,4.544553121377248e-06,False,0
42cdcf1e4878531f5da1c86143b0ef7d793fe933,165,CASH_IN,23020.79,1.9636046999949032e-06,low,4.909011749987258e-06,False,0
e5eb1030e7d224babcbe915e110d6b33f9849cbe,210,PAYMENT,12545.56,1.3423219206742944e-05,low,3.3558048016857356e-05,False,0
8306c7ba341146a0d8d25daeefec6a9fcebff9dc,326,CASH_IN,151848.95,6.932115502422676e-06,low,1.733028875605669e-05,False,0
132a50be7596a75692ffc00f65f9f91e5371a882,570,TRANSFER,369038.7,0.09009514704579488,low,0.00023786761448718607,False,0
ea22fe71075e24cba2f31991468762d851abb66e,308,TRANSFER,793904.75,0.09000110999581012,low,2.7749895252782153e-06,False,0
2149afd311f9602cf529206c854f530d7d2a025e,213,PAYMENT,12256.3,5.67166309338063e-05,low,0.00014179157733451575,False,0
7f3f785854f0d9cbe9f14285cdf67661c63c5335,121,PAYMENT,11083.31,3.5079596273135397e-06,low,8.769899068283848e-06,False,0
c243b548c7cd3f8a9fd0bfbf92cb80afa2da88eb,298,PAYMENT,33372.15,6.023228343110532e-06,low,1.5058070857776329e-05,False,0
e04e01c9b6dfc98bb6d1c82897c36848e3714f54,354,CASH_OUT,131148.2,6.3640669395681476e-06,low,1.5910167348920368e-05,False,0
c767401cb58509ed2f34483b23c60f55a13b2674,237,PAYMENT,13562.03,1.5652948059141638e-05,low,3.913237014785409e-05,False,0
75f3c0958423028ec9a4cb571b924579fcc341f2,204,PAYMENT,14899.64,1.3390705134952442e-06,low,3.3476762837381102e-06,False,0
171886092f2a03e1ab1c4ce2ec2d3da5730b602c,133,PAYMENT,1945.42,1.1006139538949356e-05,low,2.751534884737339e-05,False,0
bf3a77aa0398add151f80c535f374524c18ff15c,300,CASH_IN,216935.8,6.011101049807622e-07,low,1.5027752624519053e-06,False,0
e47ec6ab02c515c030b444f901b5ebb82cdff3bb,637,PAYMENT,14810.07,6.343610584735871e-06,low,1.5859026461839676e-05,False,0
aaf1d934d87ba21aa5a967e9f2e7d2cf62997052,253,CASH_IN,307350.72,8.143782179104165e-06,low,2.035945544776041e-05,False,0
ee32208ed191332a9e1b9514b3542bf4c9f9a9b8,237,CASH_IN,290169.34,3.7031953979749236e-06,low,9.257988494937308e-06,False,0
08941f112bfbf87e9718a40a09d0b33001a5d892,158,CASH_OUT,132947.88,0.00024936043191701177,low,0.0006234010797925293,False,0
2dbb6eb32f544447c486acf434d04ae67ae5c003,138,CASH_IN,76505.13,2.61409495578846e-06,low,6.535237389471149e-06,False,0
f13c4bf9089369987e057883494fb63a7e51036a,15,CASH_OUT,44586.95,2.4581962497904898e-05,low,6.145490624476224e-05,False,0
a5e25a55c5ff0083058ff0d67c111b6261897a03,183,CASH_OUT,162564.14,5.123063965584152e-06,low,1.2807659913960379e-05,False,0
c39f7694ef144bf8177b236286ef9670cd69f5e4,38,CASH_OUT,169045.95,0.2107183310575783,low,0.0017958276439458132,False,0
def857550f3aa80dd456a076bd2c585af8120f2a,310,TRANSFER,3327622.0,0.09062998193316163,low,0.0015749548329040408,False,0
0769360b03c9012595e0761c0fc355b9cbdf3b06,18,CASH_OUT,138853.81,0.0002887327922508121,low,0.0007218319806270301,False,0
7700e0f7007635be9fbff2ae0b9c19514172e3fb,155,CASH_OUT,224873.06,0.2103085149684921,low,0.0007712874212302268,False,0
c8cf48d9501b7f75dcd2d9a5129ad5a2890eeb93,228,PAYMENT,60335.23,2.54207625403069e-06,low,6.355190635076724e-06,False,0
cfabe10fa967c5cd48019da175311ad490da444e,371,TRANSFER,325960.75,0.09012032854137943,low,0.0003008213534485549,False,0
0de77b7a7a657d753205b883f3adbfbf146d2e8c,185,CASH_OUT,184318.58,5.376386980060488e-06,low,1.344096745015122e-05,False,0
61e6b7d46ca36f0eb43025b47c5c491ceddf5e8f,262,CASH_IN,274486.2,1.6457612218800932e-05,low,4.114403054700233e-05,False,0
ef4d58df724be531f4d0e469313e76093f9fdb36,301,PAYMENT,690.09,1.349346130155027e-05,low,3.373365325387567e-05,False,0
6a990316463e5c8b0b63f2f0f96e65789b6502fc,297,CASH_OUT,116008.25,1.3159845548216255e-05,low,3.2899613870540634e-05,False,0
26ec14c9fcd14f405caf1d95bdb00aecc6e230ac,325,CASH_OUT,265412.66,0.00021072998642921448,low,0.0005268249660730362,False,0
aff61f83f289c115e85b84f9b74d1967b14875c5,353,PAYMENT,9622.01,2.0450645024538973e-06,low,5.112661256134743e-06,False,0
2d4f81f0eed26e3e188381a6f53ff9550abcc25c,469,CASH_OUT,57040.33,0.00010233961511403323,low,0.00025584903778508306,False,0
31a3963ede3b3ea6b7110fdd0ce36c3aad439276,352,CASH_IN,133809.64,4.3125062802573664e-06,low,1.0781265700643416e-05,False,0
c586f7e96bb516b26bc2595995235b33918d68cb,260,CASH_OUT,151191.88,0.0008588851429522038,low,0.0021472128573805094,False,0
0ac64c262040984621d59eff863e6dd596a4efeb,16,CASH_OUT,140356.3,5.562422302318737e-06,low,1.3906055755796842e-05,False,0
d2e555fbff99f9f86eac3767b8aad5562fe8ed18,254,CASH_IN,99090.81,2.748858605627902e-06,low,6.872146514069755e-06,False,0
1133d5ba165d68e3ccf77c411b3d896087192924,329,PAYMENT,17662.64,8.236398571170866e-06,low,2.0590996427927166e-05,False,0
4391e528d80b6d5e6743e17557fcc6939a86c758,43,PAYMENT,2422.32,1.0585298878140749e-05,low,2.646324719535187e-05,False,0
ae2337aee66b8be205286e402e3cd2aad4a97c08,44,CASH_OUT,147933.86,2.104796003550291e-05,low,5.2619900088757277e-05,False,0
3b65795fb5d8ab1c1973ef01adc0ea1212fafd5a,35,CASH_IN,82503.4,0.0002433776156976819,low,0.0006084440392442048,False,0
8a4cfbddcca9bb720c824576887332d4f7079bdc,44,CASH_OUT,95559.77,0.2163285410404205,low,0.01582135260105133,False,0
60606d0b9835cb886e205a49030e7b03a253fbee,371,PAYMENT,1237.08,2.200652852479834e-06,low,5.501632131199585e-06,False,0
881fad5ecccaf0400ade143ba0142825c925680c,642,PAYMENT,2552.74,5.373020030674525e-07,low,1.3432550076686312e-06,False,0
e491e02335c730a09099c2f6d72d95c2790a6cd7,205,PAYMENT,24535.83,6.853765225969256e-05,low,0.00017134413064923137,False,0
667104bbfdb52ec9f5cbe5864292b094b5972f00,258,CASH_OUT,28512.17,0.0009035996161401272,low,0.002258999040350318,False,0
61ee02da7e90ccd90c8815e18b99ba8ad05287ba,262,PAYMENT,8224.76,1.194267169921659e-05,low,2.9856679248041473e-05,False,0
bba0ff092cda5609169aa2675b7bfd9cc3516620,301,CASH_OUT,475782.66,2.8203859983477743e-06,low,7.050964995869435e-06,False,0
f5ead37ddac9752d54d068b7c6e7264691862a8f,251,CASH_OUT,203065.48,0.000655194278806448,low,0.00163798569701612,False,0
c61677c26bede921aa215baef2a56c66650f2a19,45,PAYMENT,12678.3,2.298125036759302e-06,low,5.745312591898255e-06,False,0
756d12c3bc3a065eb8c581dd22b90f9e3eb2dae7,138,CASH_OUT,68685.62,0.0001418584957718849,low,0.0003546462394297123,False,0
0f8468522b489560f36422d8141279639df1af3a,311,PAYMENT,20549.3,6.230807775864378e-06,low,1.5577019439660944e-05,False,0
9fa4338b0630eebcd70c8323413a1cdd14c73cf4,21,CASH_OUT,23650.86,0.006000448763370515,low,0.015001121908426285,False,0
a95b7ab45984385f65756fcd753c34bd8a8292e3,183,CASH_OUT,251560.05,0.0001287442515604198,low,0.0003218606289010495,False,0
5381b77cd199cd9738106096342cb4309be97e2f,354,CASH_OUT,183972.25,4.130058368900791e-06,low,1.0325145922251977e-05,False,0
95adbc7ed6cc5ea19b9034959fe4f650076b2d30,42,PAYMENT,12239.91,1.1859553524118384e-06,low,2.9648883810295956e-06,False,0
e430b927fea46b6a959b907e97d5d2a94b0319ea,135,CASH_OUT,188332.73,0.00021838671527802945,low,0.0005459667881950736,False,0
06556679d32cce813dc47c36e28b61785cd50f6e,181,CASH_OUT,146427.98,1.06830193544738e-05,low,2.67075483861845e-05,False,0
b4775793065d8d99f605ba590e9452b3b0d1ebb9,279,PAYMENT,3450.83,7.616149378009141e-06,low,1.904037344502285e-05,False,0
4890e96d63a0cf37c8c5ea19045b943180954611,403,CASH_IN,181468.78,7.204897428891855e-07,low,1.8012243572229636e-06,False,0
d14c04869ba85c2320a95734e3c69dee7729e2a6,212,CASH_IN,264697.0,7.429685501847417e-06,low,1.857421375461854e-05,False,0
55b36eda875d697235d5f12787841af01a4781f4,140,CASH_OUT,374081.22,0.00040500317700207237,low,0.0010125079425051808,False,0
29f7399d0b46acff5c23ff530534b369f602d9bb,186,PAYMENT,18972.56,1.6746304027037696e-06,low,4.186576006759424e-06,False,0
5a599073ea9db91f66687ed0106187253628ffad,284,CASH_OUT,16675.66,2.1210221166256816e-05,low,5.302555291564204e-05,False,0
599679cd9102e6f4e56cac0ab4e6372076e2efea,307,CASH_IN,11279.87,7.834837560949381e-07,low,1.9587093902373454e-06,False,0
3df160bcf517428e8bb687a6fa052de38a8aee6b,357,PAYMENT,4645.23,9.941129974322394e-06,low,2.4852824935805984e-05,False,0
8725477e6f6730d7bec155ca52a96853fe5d4d42,225,CASH_IN,153282.06,2.866401700885035e-06,low,7.166004252212588e-06,False,0
9b8f4cafa3f9e7f1145d798b52fe973df9a486c6,9,TRANSFER,1087532.9,0.2691468669045717,low,0.001617167261429131,True,0
c04c0529c92399ca6febb3f9a86cd759629ff767,204,CASH_OUT,183451.8,0.00033476788084954026,low,0.0008369197021238506,False,0
744971f98985faae5fff9e9e14c6c98cef568202,235,CASH_OUT,106570.56,4.9649982247501616e-05,low,0.00012412495561875403,False,0
05024abb24626f5d99342b203cad488404ad0972,307,CASH_OUT,128562.78,4.609728421200998e-06,low,1.1524321053002495e-05,False,0
cc62c5a1ed9a3906e4bee89f1752b3832ce5ccd9,384,CASH_IN,85819.54,3.5084012779407203e-06,low,8.7710031948518e-06,False,0
00532e83fb0f1a818bfe6bb8f48582c6bd6e19fa,262,TRANSFER,168242.9,0.09119919981807471,low,0.002997999545186758,False,0
baeb09ffc6a34ee0f9893894f80aca7ab82066e8,203,PAYMENT,10478.13,5.60324770049192e-06,low,1.40081192512298e-05,False,0
a69edbc201b54a9c4189b8b480baa2b0375152e4,308,PAYMENT,41584.07,9.200843051075936e-05,low,0.00023002107627689838,False,0
5f19e415279afa50e379d762cf5949fa11dd0242,129,CASH_OUT,198206.5,0.00024627181701362136,low,0.0006156795425340533,False,0
86b93727f16930bea7dbd9cc89bd6df61163c55a,327,CASH_IN,83135.28,2.221221075160429e-06,low,5.553052687901072e-06,False,0
d03b2cb27c763130c2494641307d5c888451e8fa,236,PAYMENT,1919.0,3.4322442843404133e-07,low,8.580610710851033e-07,False,0
94f5c338c5744365e4e688b8a0749ef2f5066b66,17,PAYMENT,1468.5,5.96084782955586e-07,low,1.490211957388965e-06,False,0
a664f802418db0cc377d4a529bd0ce947b250546,232,CASH_OUT,144080.94,0.00018989546224474908,low,0.0004747386556118727,False,0
fd8b349958f1a287ebb1944503d2be1972f0add6,326,PAYMENT,19475.88,1.986593269975856e-05,low,4.96648317493964e-05,False,0
bedfc7f3f92762555a46b688d07a474a06852fc6,332,PAYMENT,58528.51,0.00011702635092660786,low,0.0002925658773165196,False,0
cc853c7ec66a77afbf7af93bab63dc31857d02e3,304,CASH_IN,442420.6,3.639214583017747e-07,low,9.098036457544367e-07,False,0
a07d1e0b49d2b0f42279550d1a547c1a96521e80,208,CASH_IN,203888.16,2.1993582777213305e-06,low,5.498395694303326e-06,False,0
13d154e6afddc9a5e6497f7bd6caffe91073fe94,256,TRANSFER,304101.25,0.09009032055386343,low,0.0002258013846585527,False,0
3e62f45c436336162b91868f389564c570720460,280,CASH_OUT,163786.55,0.00014087159652262927,low,0.00035217899130657315,False,0
7f51eebad01d27acab24a00a8c3050d2a72e9399,308,CASH_OUT,101275.84,0.0001921827206388116,low,0.00048045680159702897,False,0
04044ac5161645e914454914f06f00fb612e3e61,138,CASH_OUT,73558.33,0.2127328711003065,low,0.006832177750766277,False,0
5ada04908dd3159a81b1018ea498c542185c7dd6,259,PAYMENT,7229.6,8.65120910020778e-07,low,2.162802275051945e-06,False,0
8fb7dc0b6a4c1e4adb9e56902ebc1d573051a9d2,142,TRANSFER,75073.9,0.0003815035568550229,low,0.0009537588921375573,False,0
b2b196cb185560b02d0f7c64aa8ce863702adbf5,297,CASH_OUT,247318.44,3.996678060502745e-06,low,9.991695151256863e-06,False,0
c04ed8bdde75e7be63c305d62882d7dc1bb10703,303,CASH_OUT,98217.45,0.00785502940416336,low,0.0196375735104084,False,0
4e5b235eb24894b4242fca6625b5b5e55c401f1a,260,CASH_OUT,173712.97,1.936767512233928e-05,low,4.8419187805848196e-05,False,0
b5e7c93fd8181245421efd3b37ee4cfb1bbe9357,300,PAYMENT,1007.5,1.2070601769664792e-06,low,3.0176504424161976e-06,False,0
d5ba2589a37b9b30b0caedf8c426e813fa09f666,257,PAYMENT,692.12,1.7815704268286937e-06,low,4.453926067071734e-06,False,0
a91ef4adaa7e0554c5bedb8d0b65f1ed90ecc025,370,TRANSFER,17830894.0,0.09009307837462985,low,0.00023269593657460064,False,0
e78105d3abf793f5400d6c357cc550b954d986b9,330,TRANSFER,9922.27,5.025380523875356e-05,low,0.0001256345130968839,False,0
3dcd640ab869e50260406136ea347060c1d9729d,370,CASH_IN,60239.49,1.2202617654111236e-06,low,3.050654413527809e-06,False,0
d7d125f02f8b8f213dc96d2ec881ef38217c0320,228,CASH_IN,349629.9,3.9688940887572246e-06,low,9.922235221893061e-06,False,0
8a0681783f2113ca77dba2f59e2cabd20f66e4a4,15,CASH_OUT,358422.8,0.00020890776067972183,low,0.0005222694016993046,False,0
95df3b96268624ba4508e28d6dfdd2a8513c47f8,377,CASH_IN,159691.89,1.0605811257846654e-05,low,2.6514528144616634e-05,False,0
4b0dcf3baf4799c376e912500bdb42beb5bcdde7,132,CASH_OUT,156508.94,0.21011496326187626,low,0.0002874081546906382,False,0
3b44dafdefdb32ccd1b9e9667911929d648864bb,48,PAYMENT,2508.68,3.5007109545404095e-06,low,8.751777386351023e-06,False,0
4e0d5d67ed1ae4e8f81dc92c415f9df989cd8d4a,17,PAYMENT,4803.15,5.358640919439495e-07,low,1.3396602298598737e-06,False,0
5c2fbe2b7517cc2a58f7009d12a1cee570c047a9,325,CASH_OUT,68975.24,1.1750876001315192e-05,low,2.937719000328798e-05,False,0
ad9a6a9b3ddbd24822068aa06ccb76947e6e72f9,133,CASH_OUT,209990.81,7.090516010066495e-06,low,1.7726290025166236e-05,False,0
bfe6bd3b8bd99b6eccf53181c2169d14cf41fb8f,401,CASH_OUT,160602.23,6.297967775026337e-06,low,1.574491943756584e-05,False,0
4e1bdf9ba9a85ffe37171951b23d0335714ab82d,42,DEBIT,4932.88,2.1596113219857217e-05,low,5.399028304964304e-05,False,0
31f6c5ffc67df5a37c3e59658aa9882ebb63b4db,353,PAYMENT,11457.09,9.011600923258811e-06,low,2.2529002308147028e-05,False,0
adc52b2ce0a07847d6f8126127c982148d10f10e,710,CASH_IN,156723.62,1.1119474038423506e-06,low,2.779868509605876e-06,False,0
b689743c79cf54e32a6d85336a170d4be24321a0,8,PAYMENT,3970.46,8.295306179206818e-06,low,2.0738265448017046e-05,False,0
693dc78c463ab8cad10d4425867329e84fcbd80a,310,CASH_OUT,51170.54,0.000881795957684517,low,0.0022044898942112923,False,0
aabcea35c49e6f5ce3b4e82c20f64cbe5755b0d3,396,CASH_OUT,118765.46,4.822581831831485e-05,low,0.00012056454579578713,False,0
7a416792c6746e5ff96809951e025fdf06bb4c21,276,CASH_OUT,44287.65,0.0002456967253237963,low,0.0006142418133094907,False,0
e466a1558a194f916d74675a8a3d43e344a0a685,187,CASH_IN,349604.4,0.0019847020506858827,low,0.004961755126714706,False,0
ec8e76810ee8a9049500e66fb28d1ab5fd913bb0,131,CASH_OUT,242005.6,2.103897168126423e-06,low,5.259742920316057e-06,False,0
9b4aa6e61578fc72edb3085c29f05fef791f80cf,255,PAYMENT,13644.23,9.76129922491964e-07,low,2.44032480622991e-06,False,0
2d894773ced3fbc6379f815bb58ffa21603d9cb9,206,TRANSFER,771868.7,0.26984500954300167,low,0.0033625238575041294,True,0
c5ee14376c7a5d664d62cb692bb9141953075eb2,233,PAYMENT,2821.56,1.073789899237454e-05,low,2.684474748093635e-05,False,0
b8bf7734764cd2f4bc1a30a4793041cf00e8d800,384,PAYMENT,3340.58,3.0722995870746675e-05,low,7.680748967686668e-05,False,0
6906ee8266c116416a44ea96d82cf3593dad78bb,23,PAYMENT,1163.45,8.309677468787414e-07,low,2.0774193671968533e-06,False,0
0bf791fbf1bc9d079dab618086e046c1e60596aa,139,PAYMENT,6355.6,9.360606782138348e-06,low,2.340151695534587e-05,False,0
4e4bb0660563f58e1906a8d1eca31404c23a86ef,395,PAYMENT,11887.65,4.357335637905635e-06,low,1.0893339094764087e-05,False,0
73dccbf6a3966bce1a676cf42f1f9d32b953c46c,14,CASH_IN,235127.48,5.637443609884941e-06,low,1.409360902471235e-05,False,0
2a3d8dafa027109696f4841d46b3ed89659ad5c4,135,TRANSFER,454202.53,0.26882169767655434,low,0.0008042441913858056,True,0
c363e1aea207907704702337292174b195b6d9fc,140,TRANSFER,22950.01,0.0006077810656279326,low,0.0015194526640698314,False,0
8741d6c4efb6230fd47d88aa95917790a7c02dae,306,CASH_IN,102047.73,2.5819181246333756e-06,low,6.454795311583439e-06,False,0
e0db6c94082dcc489292aa97e9de0a8d380f0386,138,CASH_OUT,340492.8,0.0002637759549543262,low,0.0006594398873858154,False,0
43e5a299ce0bffb5e445a4851f1641e0f416e345,371,PAYMENT,9770.02,7.126861419237685e-07,low,1.7817153548094211e-06,False,0
9a60d2bc7117f4f597b63396c3dedbe900b3aabc,299,CASH_IN,73966.73,6.279471563175321e-06,low,1.56986789079383e-05,False,0
53fcda20bb27ac3f516075745dbba6d9e27a0ebf,307,CASH_IN,321400.1,1.0759609722299501e-05,low,2.6899024305748753e-05,False,0
7617d9567bc5f01ce57dbe821b383c9a15254e74,15,CASH_OUT,138633.81,0.21012199631892145,low,0.000304990797303617,False,0
df15a3da52fb5fee364e20afeb6874349d678624,274,TRANSFER,273327.7,0.09010439298348502,low,0.0002609824587125331,False,0
ce144fb810e84b9736f9c7d3e87705df7c945ce1,325,PAYMENT,16510.56,2.745177880569827e-06,low,6.862944701424567e-06,False,0
31db075ae81adfcb4fdd0f1c22d4596e47d32738,323,PAYMENT,1723.66,2.5420520614716227e-06,low,6.355130153679056e-06,False,0
4bef415db5815f9163ee59f9a312baff971d9e33,280,CASH_OUT,2547.88,0.00021943696774542334,low,0.0005485924193635583,False,0
1d889ad5ccae7cfc843b9517296613037b451558,239,PAYMENT,6800.47,1.987724390346557e-05,low,4.969310975866392e-05,False,0
ffdc38741208b23b72408c8f2ac46c59ccc93a4e,139,CASH_OUT,28799.2,0.00045637991279363633,low,0.0011409497819840908,False,0
99beb70d97472ef0dc850f38ff167576b69c9e74,307,CASH_OUT,86036.79,0.00028102879878133535,low,0.0007025719969533384,False,0
a64d22e42b002c484106d6e56ac5b0c3f257eeee,43,CASH_IN,450.12,1.3098395720589906e-05,low,3.2745989301474765e-05,False,0
606dc265f36c7387c5cbc83a36b44eb682799f0c,308,CASH_IN,177048.92,1.274172100238502e-05,low,3.185430250596255e-05,False,0
fc2e2566ad8e3a2e1d068483d5bc426d6b95ee7f,405,PAYMENT,6344.89,5.913989662076347e-06,low,1.4784974155190866e-05,False,0
b02ce6a458352cf8f8dc782944b9c0f83a376fbf,139,CASH_IN,117763.94,9.891329682432115e-07,low,2.4728324206080288e-06,False,0
7bf8b369a66e258f60e74dde611c25274105bad5,259,CASH_OUT,127004.08,0.21093524819239973,low,0.0023381204809993505,False,0
493e9bcbfe64da55c737ace2d758d1852088102d,329,CASH_OUT,61499.53,0.00022585836704820396,low,0.0005646459176205099,False,0
39eb0bd077fbf264bb69c3378931e295ac25790d,396,CASH_OUT,493174.22,0.0003289482556283474,low,0.0008223706390708685,False,0
e19290810154defc87ecc439a5e60e08c9647ceb,211,CASH_OUT,205820.77,5.6094292085617786e-05,low,0.00014023573021404445,False,0
369b8e6b25c83e638fcbd2aa05cf39573856fcf9,191,PAYMENT,13521.61,8.23845693957992e-06,low,2.0596142348949797e-05,False,0
e9ae6170a232046e2444ab3ad36f37217e16e915,334,CASH_IN,229651.6,1.3153196778148413e-05,low,3.288299194537103e-05,False,0
2f7b2f96c7c60adb296a7c75332995f4d0271b9b,180,CASH_IN,28877.16,1.0526061487325932e-06,low,2.631515371831483e-06,False,0
1512cf6375f72449040320f5322ac36bbec4c94d,234,CASH_OUT,130632.02,0.00024299402721226216,low,0.0006074850680306554,False,0
246325cd8c187b8458d2ac11e500e1b098b18a3d,11,CASH_IN,90195.78,1.6001016774680467e-06,low,4.000254193670116e-06,False,0
e885ca5eb6af0c75b758de295980c64fa6b5dda4,155,CASH_IN,259726.55,5.563600279856473e-06,low,1.3909000699641183e-05,False,0
4a26e33d4dcc6aee1335dd1d5d3e68205c3b7bd0,322,CASH_OUT,264795.62,0.2106608223542571,low,0.001652055885642767,False,0
f8657833c05455a528bedd2e6db58a373896b119,163,PAYMENT,8719.83,3.6519391869660468e-06,low,9.129847967415117e-06,False,0
728e81032c05af22ff9bba2a544dfbd14908e599,235,CASH_IN,97161.15,1.125842481997097e-06,low,2.8146062049927423e-06,False,0
bb015cc6f92d11347e77e8b83b486184ae3d0c44,203,CASH_OUT,83543.54,3.2524936250410975e-05,low,8.131234062602744e-05,False,0
0e0fd946f94650c39cd1440f024014ee737ac05b,274,CASH_OUT,102268.09,0.00026317932642996313,low,0.0006579483160749078,False,0
74d2f00ce25f064539e593b9404f65b054030fab,380,PAYMENT,6554.94,4.693264054367319e-06,low,1.1733160135918297e-05,False,0
52f35aa2a316dd6b451b93b3b1e4e4409cd05d7f,12,CASH_OUT,351714.0,3.2043881219578907e-06,low,8.010970304894727e-06,False,0
003dcef1cfefaf5672f34f0b571f19117e5eef68,550,PAYMENT,5564.65,6.833540828665719e-06,low,1.7083852071664296e-05,False,0
cf1d3b2580f98655fa0c644db275486956d5ae94,39,CASH_OUT,91914.25,0.00043884520418941976,low,0.0010971130104735494,False,0
911e1dd39688b88119c8c29eac54f003dd6cff5c,380,CASH_IN,119171.76,1.844188082031906e-05,low,4.610470205079764e-05,False,0
1cf8b9fc39960cc256cf66a986b72328ab85872c,284,CASH_OUT,36907.71,0.0011455118656158447,low,0.002863779664039612,False,0
541f6bc49e42b1f00a7f5e9a44c850a3f9c8993e,262,PAYMENT,127.46,3.806187305599451e-05,low,9.515468263998628e-05,False,0
14f47d18dcd9d59c4c0a41cb6e436593d4f1b899,226,CASH_OUT,232411.4,0.00010398789308965207,low,0.00025996973272413015,False,0
1ab6114b778821af85dce86de45c5bfbfb1ae5e2,45,PAYMENT,13023.07,1.9186874851584435e-05,low,4.7967187128961086e-05,False,0
7db0dbc51bdb2a79d2847743cdcc55d1339a9592,135,CASH_IN,20075.7,9.83599056780804e-07,low,2.45899764195201e-06,False,0
8bcd17b57aaea26ec82091b921ab75c214c6d1cf,383,PAYMENT,4581.71,6.514069391414524e-05,low,0.00016285173478536308,False,0
989ea6b679b7ec7f116ba09fad9e0feba484de1c,401,CASH_OUT,318381.75,0.0002537268213927746,low,0.0006343170534819365,False,0
7ea0548b847426404a7d95bc771e3592c418ac3f,259,CASH_IN,138745.0,3.201290746801533e-06,low,8.003226867003832e-06,False,0
61751dd5aa42d90a903e0a2f47037477c702e3ec,209,CASH_IN,105355.0,1.5724277545814403e-06,low,3.931069386453601e-06,False,0
f74ec558cffed918c9ea28b640671c2f128e087d,251,CASH_IN,22753.32,8.054826321313159e-06,low,2.0137065803282894e-05,False,0
7e44fdf9f838b6fc983b4cb82c439a0186551c43,139,TRANSFER,607022.75,0.2691064667366445,low,0.0015161668416112661,True,0
51992e5ee12d92b73465c1b97a648abb2f9d982b,253,PAYMENT,12804.18,1.4414537872653455e-05,low,3.6036344681633636e-05,False,0
ea207df75277a0ef86c2d2337909fc1f09318bf0,204,CASH_IN,337927.5,6.894319085404277e-06,low,1.7235797713510692e-05,False,0
38475b7911e7b9677f5c3f4f7813a40d102dc0ef,335,PAYMENT,10774.22,5.913047789363191e-06,low,1.4782619473407976e-05,False,0
f55cac94e9ce80b7cc5a2560bbaec951a4fb9fd8,258,CASH_OUT,260420.3,0.2100453989166999,low,0.00011349729174980894,False,0
384f9f0b707541e81e514abcd0052ccfe1bee643,211,CASH_OUT,301821.72,0.00015287683345377445,low,0.00038219208363443613,False,0
8010dbfcb2a8f1df5c8be91ad6ea1b2bdf7bd60e,157,PAYMENT,6826.13,1.0747006308520213e-05,low,2.6867515771300532e-05,False,0
6c17fa645a5a61b02c031b590c2618bfcd55be6c,379,CASH_OUT,337030.4,0.0006004051771014929,low,0.0015010129427537322,False,0
8e4c3035c4d5cd8d61beadb6f0b9ec9185e816ba,203,PAYMENT,2040.46,2.6252446332364343e-06,low,6.563111583091086e-06,False,0
c852f52ff52b043d6b4d78eb57f8731ba234b12d,254,CASH_OUT,333984.62,1.039626804413274e-05,low,2.5990670110331848e-05,False,0
d8e11166f44a23e0d0fa7d1b500c2f0a63b6196f,9,PAYMENT,8734.83,4.775420893565752e-06,low,1.1938552233914379e-05,False,0
930ecc3151a1415d823a729e969f97569c638297,208,CASH_OUT,135.25,0.00340159609913826,low,0.00850399024784565,False,0
e86639b4457b2415f8aca7b7c3bacff846ef0de9,395,CASH_OUT,106388.91,5.998121341690421e-05,low,0.00014995303354226053,False,0
e367ddb933b2dad635f2a3797c5c485b4b1f6f19,163,PAYMENT,5812.41,1.4340225607156754e-05,low,3.5850564017891884e-05,False,0
2650534fc32aaf8aa584f3306e1ddf21fd63acbb,404,PAYMENT,8982.91,1.615678338566795e-05,low,4.0391958464169875e-05,False,0
f77aaa039d3cd055001d3930ec4eb9629c3a640c,590,CASH_OUT,138467.58,7.250758790178225e-06,low,1.812689697544556e-05,False,0
4c15b0b627072b3c9ad1b63a1d219110224eb356,252,CASH_OUT,66945.99,6.622125511057675e-05,low,0.00016555313777644187,False,0
fd4254b50ef74a99d9d5e2b32652e2ede33df784,258,CASH_OUT,47083.38,5.01274538692087e-05,low,0.00012531863467302173,False,0
ae9e4ee235b9e671985ff88357ca7ce06db68943,142,PAYMENT,16603.04,5.486426525749266e-05,low,0.00013716066314373165,False,0
7fbf390ec7fbae7a33a8e9376c1db937ca0a968e,227,CASH_OUT,46103.9,0.00014011658495292068,low,0.0003502914623823017,False,0
22914f43c07a81edb3beecf4655c401af54f9333,588,PAYMENT,10738.78,9.60073884925805e-06,low,2.4001847123145126e-05,False,0
9b7972d43afd1a7332948b61350249d988eba321,156,PAYMENT,3678.57,3.5460045182844626e-06,low,8.865011295711156e-06,False,0
893a68ec6d7162f9f62b45e70f3f3b70a5a5b9d9,322,PAYMENT,833.49,1.0636197112035007e-05,low,2.6590492780087516e-05,False,0
587b03d4e587bb6f46bc7362c4a7cc361f0fd564,255,CASH_IN,143163.64,4.40760086348746e-06,low,1.101900215871865e-05,False,0
be0978dc0ac67d0ea7ea1ce9f2e1dd98a8cef61a,131,CASH_OUT,99794.17,0.0001314418506808579,low,0.00032860462670214474,False,0
4b59e6ca1d7c7a288cf5954668664293ac2a1a3e,259,CASH_IN,413651.6,9.120468166656793e-06,low,2.280117041664198e-05,False,0
ba396b1288dbcd1e66ed81aa077679911eb88f29,211,CASH_IN,77048.91,4.658495890907944e-06,low,1.1646239727269858e-05,False,0
ae001ce8530117fe8f8aea8d8b80e6591189261c,17,CASH_IN,49786.91,1.349867852695752e-06,low,3.37466963173938e-06,False,0
275d1604f21fb77fb692788f01b7654dede5e406,13,PAYMENT,17001.67,1.986593269975856e-05,low,4.96648317493964e-05,False,0
604cbe047309e43e02a78c991b5395f2f9ce8c26,375,PAYMENT,11913.04,1.2345331197138877e-05,low,3.086332799284719e-05,False,0
8a941994086c766a1e03b41aa042482ac659093c,495,CASH_IN,120358.53,3.4553169825812803e-06,low,8.6382924564532e-06,False,0
55a66009536e2177bb9d6a3a94695a1f9a113a57,399,PAYMENT,15123.49,2.023230626946315e-05,low,5.058076567365788e-05,False,0
e281adb59bafd4cb751763ecf13c50a1a8bc7d8b,404,CASH_IN,81402.55,2.426969513180666e-06,low,6.067423782951664e-06,False,0
6601b61f43fc933f9a1b3f918b4273a44eb79855,323,CASH_IN,14861.31,6.282845788518899e-07,low,1.5707114471297245e-06,False,0
f69b7ed27886d95794a3b55e8957ea6842a81434,303,CASH_OUT,396295.4,3.163153087371029e-06,low,7.907882718427572e-06,False,0
0ecafb81afb34fd1a86e82169232b670ae709692,253,CASH_OUT,34367.68,0.030259001255035403,low,0.0756475031375885,False,0
595a2ace7ab0edb3c944a968ee8585489bb5e2a7,235,CASH_IN,41599.53,9.491042874287814e-06,low,2.3727607185719535e-05,False,0
23ec0003251e3b369dd87fe5947e035cf08b4883,18,CASH_IN,57601.98,3.122949419775978e-06,low,7.807373549439944e-06,False,0
fafbb6d45cab59f09b76f2d230fe9551fada50ce,213,PAYMENT,7448.05,5.364980461308733e-06,low,1.3412451153271832e-05,False,0
b7c549b879b19aedd7f9c47c4f04cdf50ae58b2e,170,PAYMENT,7465.4,9.886418411042541e-06,low,2.4716046027606353e-05,False,0
53483dc2354689ce9f42bd0a1d3100005f5f3f06,382,PAYMENT,5774.51,2.7207445236854257e-05,low,6.801861309213564e-05,False,0
011dc008e4c5691f9a6780143b59e68a27ed11fe,283,CASH_IN,133228.06,8.342279033968226e-06,low,2.0855697584920563e-05,False,0
94f86e9112befee179b6fed44a8eac43670e9028,134,CASH_OUT,208829.8,0.0001446769805625081,low,0.00036169245140627027,False,0
da9d24b82303835ebd73124ad0a3a0852d92d78e,187,DEBIT,4088.58,2.3378091282211247e-05,low,5.844522820552811e-05,False,0
4dff5d98e60c1a39a1d9b9a9ac975bc4f9479ce1,279,PAYMENT,12339.32,1.2345331197138877e-05,low,3.086332799284719e-05,False,0
a1012c21fe47c450196f6ceb6420ba1f50c12d25,373,CASH_OUT,92306.04,0.23961888313293456,low,0.07404720783233643,True,0
a4a9066f69f5d8e4902ed08601bced5e3480532f,402,PAYMENT,37347.6,1.1782204819610343e-05,low,2.9455512049025856e-05,False,0
a9a9e834bd70348d8bd22bd9985d25020fd7d455,201,PAYMENT,5590.92,2.164764919143636e-06,low,5.4119122978590894e-06,False,0
d40e00caf4d2e7826d252011bcdcfae6392fd22b,286,CASH_OUT,248967.47,0.0012464825995266438,low,0.0031162064988166094,False,0
ef7b1f5b84a71eec4ec32bc354018ca3abb2a84a,120,TRANSFER,1397176.4,0.09003117843007204,low,7.794607518007979e-05,False,0
3b2f5e2462c66718049c6d46cc22bcb7ce9b359a,204,PAYMENT,7373.44,1.046573233907111e-05,low,2.6164330847677775e-05,False,0
6edc33da9dab0981200cc4035c2402cca542f719,13,CASH_OUT,554351.06,4.415468356455676e-06,low,1.103867089113919e-05,False,0
031551e8d23e1a58ed51c7bb6948817cf0a5e145,299,CASH_OUT,315229.97,0.0005244250409305095,low,0.001311062602326274,False,0
4111eb5afbfc9907abf9ea571d5fe3a7a9a359f7,284,PAYMENT,504.06,6.29832356935367e-07,low,1.5745808923384175e-06,False,0
ff6dcaefbc1f94a34dc79c1db0c2c4e31694ed19,402,CASH_OUT,260763.88,3.640224531409331e-06,low,9.100561328523327e-06,False,0
b6e3503e5a45d70fc840d21a4eecb9f67f9f4327,119,CASH_OUT,242143.05,0.001231823302805424,low,0.0030795582570135593,False,0
b7ed9de764faafe1b3a699656ef13f7e60d40178,301,CASH_IN,70706.9,1.5022123989183456e-06,low,3.755530997295864e-06,False,0
11c9f63a0672b651c63b4ea7222d8532164bdef8,204,CASH_IN,16592.55,7.003808150329861e-07,low,1.750952037582465e-06,False,0
bfad649648de4e281638bcb128a7adbac023bcd4,230,TRANSFER,462016.88,0.2685049771701015,low,1.2442925253708381e-05,True,0
26a6899518d92c9dd1fdcf752a0012a617c6fd04,396,CASH_OUT,144249.33,0.0005469501018524171,low,0.0013673752546310425,False,0
a8d33a3e203dca308dbeacf4632506f328fd82a1,217,PAYMENT,3328.65,8.14007071312517e-06,low,2.0350176782812923e-05,False,0
c4f5f07489eb8c033f0268d52a284913e4bd728d,355,CASH_IN,127371.01,7.21411342965439e-06,low,1.8035283574135974e-05,False,0
7eb6522a51d5368b8c5f49040a0ff36b8619c1f6,355,CASH_OUT,56125.4,0.0002280982444062829,low,0.0005702456110157073,False,0
2987928557d10fda267ae3aecaf0a4455d6ad3b7,227,PAYMENT,13858.72,9.164707989839372e-07,low,2.291176997459843e-06,False,0
8a77d2256a8f8a3546ae2c08fd6000f4e2fcb729,36,CASH_IN,40230.72,1.4400419786397835e-06,low,3.6001049465994583e-06,False,0
d3a68822514fdf9426d7606704105e2bc66eee1e,371,PAYMENT,27066.74,3.6731547879753638e-06,low,9.182886969938409e-06,False,0
c8c6f4335e1db498335e57fb84c65dcd9a55ed54,188,CASH_OUT,18401.97,1.553745096316561e-05,low,3.884362740791403e-05,False,0
a744d9a520cfdc05df696b5f35972f8ac114d91b,227,TRANSFER,138171.12,0.00010166080901399256,low,0.00025415202253498137,False,0
8034c03dc66b9281e8321e50f42aa9b3b1364e2e,375,CASH_OUT,471894.9,2.2213060583453627e-05,low,5.5532651458634064e-05,False,0
a95dc0dc02455ce4b4d5d3349c947b74a4fb4606,157,CASH_IN,201032.05,4.974438070348697e-07,low,1.2436095175871742e-06,False,0
c3773fac404d2fae7dee28bbd3bb5d93e197079c,43,PAYMENT,9326.33,1.1197059393452946e-06,low,2.7992648483632365e-06,False,0
02c713858d02959973ca2d9c6c0a57445ebe9e6b,332,PAYMENT,10533.21,1.6555443289689722e-05,low,4.13886082242243e-05,False,0
017e69b00f7973f863226f02d1e80cb6cd41ee1a,260,CASH_IN,142839.23,9.068482904694975e-06,low,2.2671207261737436e-05,False,0
40c66e22177d173d01c6ff7b53edcd1af905ff15,188,CASH_OUT,227106.22,1.82197371032089e-05,low,4.554934275802225e-05,False,0
44c4634d7b3b322fc146fe0812ba44da9749dd63,690,PAYMENT,25293.17,6.461900193244219e-05,low,0.00016154750483110547,False,0
ed0c81828506ddff5174d85ff1cbde9b99890b9f,331,PAYMENT,34378.86,4.6365172602236276e-05,low,0.00011591293150559068,False,0
b0bc0937a779a5ed91ddd0c43fd3bd0fdde1930b,328,CASH_OUT,181893.97,0.21064118499867618,low,0.001602962496690452,False,0
b4689fa8c632060dd65d9da2478f0c4f3187e1e9,160,CASH_OUT,101404.43,0.0006415577605366707,low,0.0016038944013416767,False,0
851182d72d367e97ca3f2613c625a844569d9faa,287,PAYMENT,29500.75,7.361042662523687e-06,low,1.8402606656309217e-05,False,0
996edbdd14c1ed8e82201748d4497a95f1692d30,302,CASH_OUT,111695.77,0.00163330789655447,low,0.004083269741386175,False,0
ad18a4a969787a53f1a24f4e04ada50b72d569f0,396,TRANSFER,206287.34,0.09004530649748632,low,0.00011326624371577054,False,0
b5713e477ccf7b09526e6ecaa5c6c6ad16391514,571,CASH_OUT,37076.35,0.02646009624004364,low,0.0661502406001091,False,0
65e17142b4ff2b62b40054e3ac6fddb0d62c9ae1,160,PAYMENT,2072.81,1.0983637184835971e-05,low,2.7459092962089926e-05,False,0
9309b565bdf7ee5a191ac29a18939c113f70ab6c,8,PAYMENT,3680.57,6.2106315454002475e-06,low,1.5526578863500617e-05,False,0
8075e70f68d89125efb7cbc37712120e377f1340,185,PAYMENT,12996.26,1.136354239861248e-06,low,2.84088559965312e-06,False,0
6a8e2ccca029fa4425ca0eba590377458eb2fc10,394,CASH_OUT,309288.84,2.8034794377163055e-05,low,7.008698594290763e-05,False,0
86674a6e3625d99c491b99e03b5b4efad93f408c,280,PAYMENT,20435.41,1.7433187167625876e-06,low,4.3582967919064686e-06,False,0
64f6960aaf05dc514bbac1bebec13ece85819ddb,39,PAYMENT,5488.16,6.660669896518812e-06,low,1.665167474129703e-05,False,0
54f1c98fd03bfc14d32bafb78767b667492994bb,258,CASH_IN,144846.9,6.12909279880114e-06,low,1.5322731997002847e-05,False,0
0303a304b0fb83e9fa644a12c9e9ff8d21342292,695,CASH_OUT,55756.01,0.0004333822522312403,low,0.0010834556305781007,False,0
642fdac178c33018121bd7968d04dad1600635c7,36,CASH_OUT,440532.06,1.6639136447338389e-06,low,4.159784111834597e-06,False,0
68c248f7a205c257d96a14932f09aed8de1594b8,129,CASH_IN,301547.88,5.206964942772174e-07,low,1.3017412356930436e-06,False,0
8f449b5eb47c7727ff1df9e282656c88d0f352ef,96,PAYMENT,7194.75,1.1247317888773978e-05,low,2.8118294721934944e-05,False,0
f41966854c1e7fbd73ba5f0c745808efcac2e933,396,CASH_IN,253984.9,7.888503751019016e-06,low,1.972125937754754e-05,False,0
e145de28aeda31fc39fc7c40809059f4f83c3660,186,CASH_OUT,161213.75,5.561452053370886e-06,low,1.3903630133427214e-05,False,0
68066d24fd4b0f189d31803491ee2007efa7a14d,23,PAYMENT,4609.06,5.5216375039890414e-05,low,0.00013804093759972602,False,0
d1e0f5acd883115e9e21c86786296b778ef17a98,241,CASH_OUT,74507.12,0.0006480323150753975,low,0.0016200807876884937,False,0
95532e0163c16cbe1695307a233156bc83971585,10,TRANSFER,301611.34,0.09000676664931236,low,1.6916623280849308e-05,False,0
f33029f60789bd0ad36a6bde714be6e5e1e9ff07,302,CASH_OUT,118466.49,1.0633733472786845e-05,low,2.658433368196711e-05,False,0
c31f8060788624010f8d4d0f6e9569b31924f33b,235,TRANSFER,604564.75,0.09000322107698595,low,8.052692464843858e-06,False,0
f48e8a4a3172b0fe65326ac79d9c3073877cdac5,356,CASH_OUT,9956.5,2.885794674511999e-05,low,7.214486686279997e-05,False,0
b979a5b85ece399de85b8f06f850e67b7124e241,331,CASH_OUT,60970.9,8.07805045042187e-05,low,0.00020195126126054674,False,0
5a784d34909697bd7fcec274e68abef6d1d9190c,180,CASH_OUT,173112.55,0.21565760806202888,low,0.014144020155072212,False,0
eb72b7a6d14dc291d2e22d376b9408fbd35bb9d4,216,PAYMENT,5907.88,1.6264049918390812e-06,low,4.066012479597703e-06,False,0
7f5d6753743cf4da3fb0cdd96bfd2617971a480f,35,CASH_OUT,82595.05,0.22933131366968154,low,0.04832828417420387,False,0
eb97590f4844a1b34d8315d8d18fe41818b110f0,236,CASH_OUT,246420.8,0.0002680211560800672,low,0.0006700528902001679,False,0
eb2b1f37a49c97cc65c11cd7bd154f0151496801,20,CASH_IN,541366.6,9.147052332991734e-06,low,2.2867630832479335e-05,False,0
0eeff4c8f908e453ec63230c109c106414e43917,192,TRANSFER,361833.8,0.09003296263166705,low,8.24065791675821e-05,False,0
fe1cf7cb490a3d519279b17c99361ba41ba6dbac,45,CASH_OUT,13133.27,0.00034821829758584504,low,0.0008705457439646125,False,0
4a1ce93597ae8bd5d6a0d6ed0f3016d5da23158c,328,CASH_IN,7037.59,3.1068748285179026e-07,low,7.767187071294757e-07,False,0
ae118bc1d6222f6b8a3a7161299bc4893ae96962,8,CASH_OUT,119234.34,0.21190246645361185,low,0.004756166134029627,False,0
2da8ccf0b0f759c206e06917e91bd7ae25692c8d,178,CASH_IN,217900.12,4.548375436570496e-05,low,0.00011370938591426238,False,0
84d4b99010d173436ffb2bd3098ea46df9f3805a,43,DEBIT,5265.1,1.6801846868474969e-06,low,4.200461717118742e-06,False,0
c0f5af55db9118db0b8a19133474b33080f1add7,370,CASH_OUT,150660.2,0.00020817862823605538,low,0.0005204465705901384,False,0
7c14ab1856ec5ed2352b9a2d1bc1ef82ef40ddbe,347,TRANSFER,4671991.0,0.09000155892685144,low,3.8973171285761055e-06,False,0
eb171f329711e7e9b508b12f443602e031d64035,396,PAYMENT,43275.29,3.4157521440647544e-06,low,8.539380360161886e-06,False,0
1ee7efb5bf60d9aa30c17713e24f8bdde801b951,133,CASH_OUT,82223.52,0.0005879050586372614,low,0.0014697626465931535,False,0
a18a23addfc405578a1c379a199a2b02780c0c44,284,CASH_OUT,29196.72,0.001327154040336609,low,0.003317885100841522,False,0
6eae0301fa277df6d71345a344bcb49c814c0c43,142,PAYMENT,32638.09,9.299889206886292e-05,low,0.0002324972301721573,False,0
8d83eafcdbd2209a96aaedc96a469d376f5674d4,189,TRANSFER,302385.9,0.09018133209086955,low,0.00045333022717386484,False,0
175f4751ebf06466a60e27cd4db4005d481dea93,186,CASH_IN,46832.23,5.3644791478291156e-06,low,1.3411197869572788e-05,False,0
0739af0e114333efbae27d3f40981127aab15690,153,PAYMENT,9978.92,9.104487253353e-06,low,2.27612181333825e-05,False,0
14dcfd9d9eab682b7b75eddcc4404b66e0363f43,203,CASH_OUT,50398.97,8.844073745422066e-05,low,0.00022110184363555163,False,0
fd0e61c6d89be883b43c52d375635b3cc29b80ff,251,PAYMENT,8267.9,9.194830636261032e-06,low,2.2987076590652578e-05,False,0
8afd8c7a4575aaaf7d062ffcc75d92826f11bcdc,255,CASH_OUT,31548.08,0.0001736759440973401,low,0.00043418986024335027,False,0
743ecdcc91264f242fb77bcf6b5b53ee355a4b88,354,TRANSFER,326026.9,0.09007684819865973,low,0.0001921204966492951,False,0
6e7b7dd29c29110de567bd532d9fd5468edcc215,355,PAYMENT,17965.86,3.8961217796895655e-06,low,9.740304449223913e-06,False,0
f419103e7dace9afa907af72207347ef84b8bd0e,381,PAYMENT,13680.1,8.233618427766488e-06,low,2.0584046069416218e-05,False,0
509609bf04702d798f62507b4b58f2e4c89b2173,208,PAYMENT,1862.74,2.8681321418844165e-05,low,7.170330354711041e-05,False,0
783dbf220d209702f7d79d64dc6bb85a4d42750f,329,CASH_OUT,72951.95,0.000418308936059475,low,0.0010457723401486874,False,0
54e8d5447263cd0a345fd7c4473f9a802c41429d,33,CASH_IN,15606.57,6.89195030645351e-07,low,1.7229875766133773e-06,False,0
7f8009eadc9c9315a0f13340b1e23fded3431fbf,201,PAYMENT,10653.67,8.460090612061322e-06,low,2.1150226530153304e-05,False,0
263abeed79985b43a5dc830e9899c58550ee5d78,35,TRANSFER,1029095.06,0.09007094041211532,low,0.00017735103028826416,False,0
037539b561a8bada0d47f47b8b3b34e4d8d69fcd,136,PAYMENT,15796.73,1.8780613027047368e-05,low,4.6951532567618415e-05,False,0
8a94bd71acff6d099eba129c44e95f1fec72a50d,41,CASH_IN,433936.25,3.000228934979532e-06,low,7.50057233744883e-06,False,0
9d1e81b83082b2003aa49adb8a62ba622e597479,369,TRANSFER,5701356.5,0.09016500027850272,low,0.0004125006962567568,False,0
5150f859dd668e2fd6d55ecb6eee573e7df21379,254,CASH_OUT,239163.38,0.0001966248266398907,low,0.0004915620665997267,False,0
f5b0c171543dd195d86aabac26495d8e8c72c6a0,131,PAYMENT,46967.27,5.079855909571052e-05,low,0.0001269963977392763,False,0
13952fd221eb43188de7197a48db0d31e398635e,405,TRANSFER,121301.9,0.23105791866779327,low,0.052644796669483185,False,0
d251dfc4e0dd3e0ca88aadd2a7eb35889498c334,370,PAYMENT,11769.93,4.833153798244894e-06,low,1.2082884495612234e-05,False,0
1fefb9e0cd841e6fbb308b923a8d44b5cfe5213e,234,PAYMENT,21599.03,2.926168417616282e-06,low,7.315421044040704e-06,False,0
d993ee9f63c4bb6ca09dfa036984af48e33c48a5,156,CASH_IN,254421.6,4.847439868171932e-07,low,1.211859967042983e-06,False,0
720bd235a3fd3ed1816933cdcaf3a3066dab5b17,522,CASH_OUT,295807.06,0.00014790612040087582,low,0.0003697653010021895,False,0
ac5ee9d6d164c6d93314ec5ed8b10fbdc5cb96da,354,TRANSFER,775416.4,0.26884268125891686,low,0.0008567031472921371,True,0
e042423593d572faa1b1cac0e4e5894515f4a703,550,PAYMENT,2047.28,8.343990884895902e-07,low,2.0859977212239755e-06,False,0
1790111c10ffd7cbefd7a449d18d841722b732ec,139,CASH_IN,246951.44,1.0737405318650417e-06,low,2.6843513296626043e-06,False,0
d3fa6f97ac6a9f0399a59f23e7884a586e3c5a1c,178,CASH_OUT,59682.38,0.0003996892366558314,low,0.0009992230916395783,False,0
be41a527f022dae10755926abdfe59fb9365e8a5,399,CASH_OUT,379070.88,0.21003306756552773,low,8.266891381936148e-05,False,0
46fcfcabc29f6dc8c81f78710b6da69ccf9c126f,323,TRANSFER,2899261.2,0.09000162487176568,low,4.062179414177081e-06,False,0
62e8820dbf516ab2805add6a6bd80c8c855d2805,379,CASH_IN,188908.6,1.1422242096159607e-05,low,2.8555605240399018e-05,False,0
0b1d168ae58939a22bcd2366b50d4cf268d6c5d8,44,PAYMENT,26029.02,9.67283791396767e-05,low,0.00024182094784919173,False,0
df9ce65951e9e5a04302bf725c146e70cd95a174,688,PAYMENT,5958.91,1.0725025640567765e-05,low,2.681256410141941e-05,False,0
f4af57e869486d6b706b36e965a78f7842901eb0,378,CASH_OUT,155310.3,0.0002753821900114417,low,0.0006884554750286043,False,0
5a19e18730f767651d5a0e87bf3669bc192a3a2f,261,CASH_OUT,15226.38,0.00027806872967630627,low,0.0006951718241907656,False,0
205fb280db7ca8e8329bd6fdf86e47010a9f653b,301,PAYMENT,14245.06,7.836220902390778e-06,low,1.9590552255976945e-05,False,0
50beb3067c658eda0f4566f45b83fbaa3c06ad66,178,CASH_OUT,107384.87,1.934556057676673e-05,low,4.836390144191682e-05,False,0
346b7017fbba86ddf63ef3987dbd1d0f06ec1373,380,PAYMENT,8682.35,1.7306940571870657e-05,low,4.326735142967664e-05,False,0
31b6d2c05abdffff4c3a187130d4ec67c2952dfc,14,CASH_OUT,27913.48,0.001050108950585127,low,0.002625272376462817,False,0
96141b72c63be8467113da85f1229bdd7e3bd8c0,312,PAYMENT,6419.61,6.7183791543357074e-06,low,1.679594788583927e-05,False,0
a6e7a4fdecee1eaa1d4114ff4049f375bb260074,277,CASH_OUT,167497.52,0.0004311689641326666,low,0.0010779224103316665,False,0
6348a3f6046e032240c91ccadc857e7aed55cdbd,552,PAYMENT,6185.38,1.0616111831041053e-05,low,2.6540279577602632e-05,False,0
2ede289faa20ab1d4c37e9dd4c70cd327708c542,182,CASH_OUT,38700.44,0.0009578509256243707,low,0.0023946273140609264,False,0
6c41b45e3d3b50df9e78ea60d59c84a9e20886c9,21,PAYMENT,4218.34,2.0332787244115025e-05,low,5.083196811028756e-05,False,0
3c3f559b54b3a5b23a0d4d91f22efe16fe34ebae,204,PAYMENT,11551.61,8.9944813225884e-06,low,2.2486203306470998e-05,False,0
d404a52832a5bba648e21f9553e58f2219f31bb6,377,CASH_IN,105906.5,3.865588223561645e-06,low,9.663970558904111e-06,False,0
4daee28e5c68adf17daf08e0edb539ff1acddf02,159,CASH_OUT,180797.23,2.0547353778965773e-05,low,5.136838444741443e-05,False,0
3d4e579e8df7e74527a62dbb68fce52d2fddc57f,332,CASH_IN,98913.69,6.512064283015207e-06,low,1.6280160707538016e-05,False,0
26adb3b24ca08b7bb93dcda5bd54b3a63859aa5a,22,PAYMENT,1679.21,4.767407881445252e-06,low,1.1918519703613129e-05,False,0
bd2e4476534898a6b1de109ca8297e1dc073a827,279,CASH_IN,125423.58,4.481029100134038e-06,low,1.1202572750335094e-05,False,0
3e5f96d79ff85ed0f73b988d32b9df1bb5431de0,235,CASH_IN,57760.25,0.00026789919938892127,low,0.0006697479984723032,False,0
738dcbd4d99d6d5630fdcddf86a9fc01e44a94e6,348,PAYMENT,2762.59,9.890247019939126e-06,low,2.472561754984781e-05,False,0
a8fdd11fe0081be11f747487caccfb6120d000e7,567,CASH_IN,126916.45,2.5726300009409898e-06,low,6.431575002352474e-06,False,0
d3216c17ad773df4fcb31b9dd7501686bca0e1f1,204,PAYMENT,8657.6,8.280067959276494e-07,low,2.0700169898191234e-06,False,0
7acb986064724ff171d8b3daec4adce90d8aef14,331,CASH_IN,10983.04,3.097833541687578e-07,low,7.744583854218945e-07,False,0
d1ddc39d333ce50ce4a7953b78e7c5d715e19bdd,183,CASH_OUT,141043.23,1.328547514276579e-05,low,3.3213687856914476e-05,False,0
b18b78c5f9fb7c9036b07538971d66c746ef84da,307,CASH_OUT,5720.46,0.006607609987258911,low,0.016519024968147278,False,0
d617a6b20374c4e15bd7b8e5aa5f79fb072925d2,263,PAYMENT,9022.23,1.792002731235698e-05,low,4.480006828089245e-05,False,0
12bf86027c52b4440d74e643c925d80f9a7113b6,403,CASH_OUT,245054.2,8.050172618823126e-06,low,2.0125431547057815e-05,False,0
aab1cba3bbdd1048529a241b9915fac40ec0fce2,207,CASH_OUT,82809.48,0.000246506673283875,low,0.0006162666832096875,False,0
5d78491d967b3503c2f80238aebfc35464124c0e,139,CASH_IN,127884.56,7.25981590221636e-06,low,1.81495397555409e-05,False,0
18098e4fbc26e10c2ef58a01ea141031cb00dfdf,285,CASH_IN,349186.8,6.417981785489247e-06,low,1.6044954463723116e-05,False,0
643b897d042b61d42620736cdc651688e50c86dd,254,CASH_OUT,520411.0,0.21008110278286038,low,0.00020275695715099573,False,0
03b04bfc5ba4f10b0987b0febe87801b9d631e58,405,CASH_OUT,217045.23,0.3066123402118683,low,0.24153085052967072,True,0
398965822a31faf10267d001b2c00ab82eb6c674,36,TRANSFER,256303.81,0.09021166645456107,low,0.0005291661364026368,False,0
04522d9dd923529e6067f1cd7d6d7a19b6602364,299,CASH_OUT,79884.25,5.644250777550042e-05,low,0.00014110626943875104,False,0
f6978534ceac9a320f391788f8a4233ea2903813,20,CASH_OUT,284345.56,0.0005355020053684712,low,0.0013387550134211779,False,0
6fb50dfed03a6828c36083ec72b86825d12d8f04,330,PAYMENT,1476.8,1.2223017984069884e-05,low,3.055754496017471e-05,False,0
e3224dbffb46ac4705c141575b43fb80c6b0d45b,19,PAYMENT,1876.26,4.7007401008158926e-06,low,1.175185025203973e-05,False,0
7bffdb03d36e7a45102991a933b2104b0760f78e,332,PAYMENT,15461.08,7.752812234684826e-06,low,1.9382030586712062e-05,False,0
4479c4c3173ed62d50a919e35dde9968c767456b,209,CASH_OUT,333339.25,0.2101457737525925,low,0.00036443438148126006,False,0
c454b5c11a07c1fd08a928eb9e46076335c0cced,381,TRANSFER,125815.11,0.0003141565015539527,low,0.0007853912538848817,False,0
1b3c4dd3123151c2d3393ba69176442e8b8b1c62,234,PAYMENT,20797.86,1.8709628784563394e-05,low,4.677407196140848e-05,False,0
e828d9fb58809ec464ed568250089e6491fbb2d1,354,TRANSFER,401263.72,0.26851287670020246,low,3.219175050617196e-05,True,0
0061ec0f7fec8ef04bd06e5b48843aa215a6ea2a,187,CASH_OUT,48739.66,0.00012877838453277947,low,0.00032194596133194864,False,0
51d592437b1936e86e013edfa608cc932d09e740,310,CASH_IN,287432.16,5.8182460634270685e-06,low,1.454561515856767e-05,False,0
e0979e72bc6d5f6d6ddb72134e87b9066da92e8d,229,CASH_OUT,291272.6,0.0002542085014283657,low,0.0006355212535709143,False,0
8d8ae7013c978a67238523e8074370bf6d18386a,42,TRANSFER,13948.93,4.155483620706946e-05,low,0.00010388709051767364,False,0
78353bb8c434576d99deb141516aebd9b009cfd8,402,CASH_OUT,30206.1,0.28535046577453616,low,0.7133761644363403,True,0
f7c06c7a8139847b2782bc4e5324b15d5d6bf4fc,522,CASH_IN,36630.73,8.883143163984642e-06,low,2.2207857909961604e-05,False,0
d235dd2df271786e40bedff7160c703a14706d9f,137,CASH_IN,292721.94,4.775410616275622e-07,low,1.1938526540689054e-06,False,0
e65a9aac63df91b39e81e7be084624f4645255cc,397,CASH_OUT,349327.53,4.309817813918926e-06,low,1.0774544534797315e-05,False,0
3b5f275b48fa89f07192ac8ec2f0043e6e1ee715,154,CASH_OUT,557965.25,2.637742363731377e-06,low,6.594355909328442e-06,False,0
8f42b2b250fa6a516d58defd63eb8bfca496f335,495,CASH_OUT,298574.12,5.697480082744733e-06,low,1.4243700206861831e-05,False,0
fbe1660f748c207fb6fc9674b68f49d9d4461317,42,PAYMENT,832.98,9.419616617378779e-07,low,2.3549041543446947e-06,False,0
ca80f8dbd8c5dd30d634f5b364e9e0814b128855,17,PAYMENT,42835.34,6.724750710418448e-06,low,1.681187677604612e-05,False,0
d9809cea9172bb56ac31404e7504e4fdccb2d1b7,187,CASH_OUT,74328.66,0.00029328069649636745,low,0.0007332017412409186,False,0
2d0cc2a29fa89d4aeaa91aa73816513a04f06d7b,276,PAYMENT,19214.38,7.4689203756861395e-06,low,1.8672300939215347e-05,False,0
91ebae54ee2780c880ecdbd13a9c12f4bf6dec78,160,CASH_OUT,60219.81,0.00018575311405584217,low,0.0004643827851396054,False,0
c7ff0ce06d3b2c41daff3cb406c5c53dc4faaa91,522,CASH_OUT,141206.72,1.6344545292668046e-05,low,4.086136323167011e-05,False,0
43306ac27211e41c9fe92d41252a85c3b953bc58,236,CASH_OUT,64199.54,7.038710173219442e-05,low,0.00017596775433048606,False,0
408166b4882f337be47a08eac5e169f7f9951f74,277,PAYMENT,4884.54,5.1059978432022035e-06,low,1.2764994608005509e-05,False,0
59cf5ece2c0f445a411a84c25eabb60ea2f1731c,542,CASH_OUT,220597.16,0.2101991218421608,low,0.0004978046054020524,False,0
886df5c41faf9b8d5ecba71574f1948156ef5c83,185,CASH_OUT,3936.41,0.00020770204719156027,low,0.0005192551179789007,False,0
aa107b262b87f8b7c584324a60b2afdb130b8ab6,239,TRANSFER,395830.4,0.09030803228728475,low,0.0007700807182118297,False,0
4ceaa27ea790837c2790ec766e02ac24aa5d1784,351,PAYMENT,452.32,1.435062677046517e-06,low,3.5876566926162923e-06,False,0
3080728c8ec2c1f89040fca5f2ac5c8841c0a905,313,CASH_OUT,295584.28,8.388626156374812e-05,low,0.0002097156539093703,False,0
49381dbd8181daf8e4d7e895145115f570f59809,96,PAYMENT,5554.32,1.6005453653633597e-05,low,4.0013634134083986e-05,False,0
ee104bf3e7ca127d9faf054daabe82879372488f,695,CASH_OUT,70177.98,0.0005348172504454851,low,0.0013370431261137128,False,0
1f31bf38ab4c159f49df57da16ad4df2b1e9d3f7,369,PAYMENT,50345.2,3.2686108170310036e-06,low,8.171527042577509e-06,False,0
48d08aacf84800cb02bc2537f62d91d8615f79db,250,TRANSFER,2120835.0,0.269266487326473,low,0.0019162183161824942,True,0
ae6aa218bebf6e4bf797c7b70b3a97e1850c3ad2,274,PAYMENT,37901.89,4.9940441385842865e-06,low,1.2485110346460715e-05,False,0
51fac987fa62fa1089242734bb9ccfcff7aac259,356,CASH_OUT,51973.25,0.00013794108526781203,low,0.00034485271316953003,False,0
97eb7ee3c7aac9ed99a4543cd05b9d824853dd56,354,CASH_OUT,56085.37,4.254606319591403e-05,low,0.00010636515798978508,False,0
3eab14e5feb473292d16cbd454e007cec7beefbc,327,CASH_OUT,194695.12,0.0005609143991023302,low,0.0014022859977558255,False,0
f691fb6e1aaec460f0bb0cb95fc5751ecf30e88b,201,PAYMENT,6130.41,4.794129563379102e-06,low,1.1985323908447754e-05,False,0
e7c40738eb68f8d10a692cf8ee0be1b40b64d2a6,381,PAYMENT,8585.09,1.3683638826478273e-05,low,3.420909706619568e-05,False,0
82973af9d93baaded242bbf31e5b9ef0e94bfc3b,133,CASH_OUT,118436.06,0.0007049706298857928,low,0.0017624265747144818,False,0
bf146823cdd7cc74b7dd05e46a206cd973a6d455,372,CASH_IN,13715.67,0.00021129928063601255,low,0.0005282482015900314,False,0
be33c93f238eeb5bc7d28791b29f2d3e4a7443e3,256,PAYMENT,28569.81,6.224385579116643e-05,low,0.00015560963947791606,False,0
161ac1d0a11890ac872485e130374ea484386398,377,PAYMENT,5417.18,1.660737179918215e-05,low,4.151842949795537e-05,False,0
96c8824b59a5694d28ce3a85c6974baddaa01221,204,PAYMENT,3175.4,1.0941318760160358e-05,low,2.7353296900400892e-05,False,0
51eaf0f83e810e5b80f66f577f41385cf34cfbd5,283,PAYMENT,5311.41,1.7967819076147863e-06,low,4.4919547690369654e-06,False,0
2e81505e1edaf89d9bcaf1dd078df8509cec90ae,212,CASH_OUT,136135.92,1.7944294086191803e-05,low,4.486073521547951e-05,False,0
2519af57f3ee96f73f9a065c757f3626d9a96736,327,CASH_OUT,169336.2,0.00023432783782482148,low,0.0005858195945620537,False,0
8776db772b22787ad4e9a4d890bc7ae78ae7c665,19,CASH_IN,152180.38,5.702872294932604e-06,low,1.425718073733151e-05,False,0
d9f75271dac05a76e81c5124e20ee740fcf3dba2,347,CASH_OUT,95615.16,0.00023323490750044585,low,0.0005830872687511146,False,0
c5c61e7e7c94f271160641e817457438e646ea3f,354,CASH_OUT,145408.48,9.735857747728006e-06,low,2.4339644369320013e-05,False,0
24d09583d0c5c772bf6b8deaef069347c0519f68,263,CASH_IN,37024.28,2.896477781177964e-06,low,7.24119445294491e-06,False,0
1fb22c7601731df7df8d31ebf36ba48a282aad20,379,CASH_IN,26917.02,2.597697857709136e-06,low,6.49424464427284e-06,False,0
036b48cf5f3295986a14fe6b1fe002b329937a3b,187,TRANSFER,344301.62,0.09013004037318752,low,0.0003251009329687804,False,0
50fd3e9caa29ff3e37356d37c34ce713c8879e22,351,PAYMENT,23886.88,2.7444344596005977e-06,low,6.861086149001494e-06,False,0
979b73aa4928f3838de128837a2faa99d693eec8,334,TRANSFER,789594.4,0.09041210823692382,low,0.0010302705923095345,False,0
e3524347bae6195fa10920fb2a605ebec826c71d,369,CASH_IN,121145.6,2.578301246103365e-06,low,6.4457531152584124e-06,False,0
9b2f6bb91f27cef736f458908a29030cc9dd35f7,203,CASH_OUT,141256.69,7.681279384996742e-06,low,1.9203198462491855e-05,False,0
d38753b61247d7c0db149e7ab15734d11955dd23,277,PAYMENT,21242.12,2.3160561977420005e-05,low,5.7901404943550006e-05,False,0
6c39aad8478f597536e8fc5fca2344d57c369b40,214,PAYMENT,21064.89,3.944629279430956e-05,low,9.861573198577389e-05,False,0
5482e449f2ef4eee85bc179b72ed812d7c8695a1,164,CASH_OUT,113047.89,0.0016270032152533532,low,0.004067508038133383,False,0
2272097c00f8574b08502aec43d41476cb2eceed,156,PAYMENT,8672.85,2.197253525082488e-06,low,5.493133812706219e-06,False,0
fb4059482129019c43387d74e8db9f1ac8fa0211,140,PAYMENT,10427.5,2.562783629400656e-06,low,6.406959073501639e-06,False,0
646d9393d5dca00436a4069c2910875f128bac1e,15,CASH_OUT,250502.44,0.0002266013063490391,low,0.0005665032658725977,False,0
b3834a410b3e178595c869ed1bfb54881b9b8677,404,CASH_OUT,96163.3,2.011159813264385e-05,low,5.027899533160962e-05,False,0
9bb20d2ca87d646b14872b2a7902994dbcd0aa07,36,PAYMENT,13336.65,2.217193650722038e-06,low,5.542984126805095e-06,False,0
bd0709e6205c828fba6a3021d6713b7b72cc4a4c,379,CASH_IN,247787.1,4.9761594709707426e-06,low,1.2440398677426856e-05,False,0
98c4d2487b09bb82aa5fb79bf513e5ad85d4902a,301,CASH_OUT,135850.42,0.27585911750793457,low,0.6896477937698364,True,0
bb1734cc0c557dc818e6f0cf0a905a3c7537b0c1,142,PAYMENT,7596.77,1.8853379879146816e-05,low,4.7133449697867036e-05,False,0
36248fb5d7d78ddbe465e46b2daaf887860c7edc,400,PAYMENT,4314.24,1.2081910426786636e-06,low,3.0204776066966588e-06,False,0
368b987523d5864c72e809fd764a8b68828cb77e,400,TRANSFER,969695.3,0.09007211921620184,low,0.00018029804050456733,False,0
685a01aa0f0ad5521dc0929c0b57f781f2994ec1,592,PAYMENT,491.57,1.5732998144812884e-05,low,3.9332495362032205e-05,False,0
1b995331e60601473aec008d00533ba32f1cd370,357,TRANSFER,440538.5,0.09000233468654188,low,5.8367163546790835e-06,False,0
8807a94f77cd834df2b68a0ab620cebb207a72cc,370,CASH_OUT,163042.33,2.34006092796335e-06,low,5.850152319908375e-06,False,0
38d4a7ec2ff2fb58f926ec84e24729805c21d86a,209,CASH_OUT,120714.23,4.0355231612920767e-05,low,0.0001008880790323019,False,0
accf5b9d3b75369e7ce1b9f75c630e193e535a23,42,CASH_OUT,187937.14,0.2112012322433293,low,0.0030030806083232164,False,0
dd7ea4217da08e83a9b165b1bffe1da3a80c0b02,186,CASH_OUT,7374.85,0.00012255926849320532,low,0.00030639817123301327,False,0
4bc01eb6f3a97de0262121a976b156ca8acf8e73,308,CASH_IN,58875.72,7.188223389675841e-06,low,1.7970558474189602e-05,False,0
4c8c3d675ed1952a467a2324b21db80fa349afca,354,CASH_OUT,62734.56,0.00018246574327349663,low,0.00045616435818374157,False,0
3a49772ed7f62f412fa0b6d869261da6ce9f0d70,301,CASH_IN,43908.56,4.205788354738616e-06,low,1.0514470886846539e-05,False,0
d84be5c2bc715c632a3db94556e1c6b73a9779b0,235,CASH_OUT,141995.66,7.086036494001746e-05,low,0.00017715091235004365,False,0
72c9fdd9ee6719586e6c22e7d33dac4dfad402ab,208,CASH_IN,228312.98,1.0084456334880087e-06,low,2.521114083720022e-06,False,0
45213e7c9eac6102a18da12dfb8f1cc2552befb0,205,CASH_OUT,204266.03,0.0002532257931306958,low,0.0006330644828267395,False,0
9a85ecd246ac326ad5bab53f2b0b71258d268c94,163,CASH_OUT,41382.38,0.00015974889975041152,low,0.0003993722493760288,False,0
be0315fac689600a054157000e1cd9bb2fcb9014,348,TRANSFER,646569.25,0.09006569534889423,low,0.00016423837223555893,False,0
ab9909579827d093a0304d9fbad425441f950d2e,235,PAYMENT,9118.34,0.00015659182099625468,low,0.0003914795524906367,False,0
88391974ef396aa2484eef047fd903215253f14a,298,TRANSFER,1330376.9,0.09000307291484207,low,7.682287105126306e-06,False,0
ef79a11be03772d7742249edc3db662e76f543c2,35,TRANSFER,325572.06,0.09011291616829113,low,0.0002822904207278043,False,0
965b491726b397a4205fbb98974f0ffe3228fb51,280,TRANSFER,185138.19,0.09005122471484357,low,0.0001280617871088907,False,0
a1e025bfa94c6e166284f7efe1822b7f9bd40640,9,CASH_IN,65361.74,1.3378285984799732e-06,low,3.344571496199933e-06,False,0
3370187c03f422ef8328ea6d78a92558f2dc17c0,156,CASH_IN,56765.51,1.3466610653267708e-06,low,3.366652663316927e-06,False,0
517ee570796f10e1f2d7b204f03c278d9aaef8be,405,CASH_OUT,250098.27,0.00022577380295842888,low,0.0005644345073960721,False,0
74f9c931bf88782e0c2c097edcdecde4b254bd58,283,CASH_OUT,13251.48,6.37071643723175e-06,low,1.5926791093079373e-05,False,0
fbeb1de98708bbb8a51406fb104d1d17615c406b,192,DEBIT,1345.73,2.8806049158447423e-06,low,7.2015122896118555e-06,False,0
c7c969ab6b839a5735082b669017c8728ef2d181,204,CASH_OUT,167692.28,2.3754665744490924e-05,low,5.9386664361227304e-05,False,0
6c1c10167189290d457f68a2b6beb9a8c5471e47,347,CASH_IN,109707.97,2.3360720661003146e-06,low,5.840180165250786e-06,False,0
890a87e2a13e0d6ae846c6896206edb244554838,186,CASH_OUT,308494.78,1.185199580504559e-05,low,2.9629989512613975e-05,False,0
1219b3f135820fa9664957933f9be93d55dd3fcc,281,PAYMENT,1555.6,1.2072420940967278e-05,low,3.0181052352418192e-05,False,0
cbb962a003ee0a1612bacc5417709095a5a26f2d,1,CASH_OUT,20986.8,0.0011237896978855133,low,0.0028094742447137833,False,0
c215a7d312b07cb913937884d5519eb8b2ce7d69,297,CASH_IN,164480.31,1.1290819384157659e-05,low,2.8227048460394144e-05,False,0
f14285620a3ae779e258df940d858b087674feca,156,CASH_OUT,158971.89,6.850799400126562e-06,low,1.7126998500316404e-05,False,0
51a8f0d7a6246afdd01da32967ddfd0ecdb425d2,395,CASH_IN,139951.44,5.68243785892264e-07,low,1.42060946473066e-06,False,0
5131e0c4857d64c622f0e0d9af3a724a4c7b2e39,18,PAYMENT,8750.77,1.0560786904534325e-05,low,2.6401967261335813e-05,False,0
38599e2bafed1f75b8340e590268c28ea843f0c0,402,CASH_IN,178437.45,6.643636879744008e-06,low,1.660909219936002e-05,False,0
b059edc18b1db4a60e7eab563fd8f06f6e10d433,234,TRANSFER,8195.83,3.146351373288781e-05,low,7.865878433221951e-05,False,0
389805e66041c57cd0772f52537df3e0707ca44a,207,CASH_IN,153107.72,5.481515836436302e-06,low,1.3703789591090754e-05,False,0
209dd5d5d36a8c3b8c34b71c77d2518c231b5c93,207,PAYMENT,5185.01,1.5856690879445523e-05,low,3.964172719861381e-05,False,0
2a93a55d13003a89a2389a0fb2624974181833d0,567,CASH_OUT,10628.21,0.00018334053456783297,low,0.00045835133641958237,False,0
f6bb28a4bd0099deb27bae9a911c654760529440,8,CASH_OUT,128143.19,0.00019364102045074107,low,0.00048410255112685263,False,0
f2acc330c3eb15af4337557b3d51e92f4b94c7f5,397,CASH_IN,224668.67,4.0872557292459534e-06,low,1.0218139323114883e-05,False,0
a4dc8e7d72e714901e735e8642ad1cb7728fc3be,15,CASH_IN,42640.97,1.992872785194777e-06,low,4.982181962986942e-06,False,0
a77f3cd08fca99571ae25be410fa86d0fb92c9d7,284,CASH_OUT,179073.64,6.206901161931455e-06,low,1.5517252904828638e-05,False,0
99b574441eb171d35b6a7f810cd76673aa70e016,188,CASH_OUT,166286.44,1.4194060349836946e-05,low,3.5485150874592364e-05,False,0
33874948d974048998c44d362da9ac625fbc1628,335,CASH_OUT,650041.3,0.6079914426803589,medium,0.9949786067008972,True,0
18a2981e2258d37fe82eb02038891297b0d148a6,261,PAYMENT,8963.67,6.17212790530175e-06,low,1.5430319763254374e-05,False,0
9587c0c578ebdb9822a836a76868b2066fbca5ef,400,PAYMENT,6450.04,9.05752312974073e-06,low,2.2643807824351825e-05,False,0
39167ebfeaec69a4817521388f8fb9b1ccc34824,154,PAYMENT,4743.75,4.186231817584485e-05,low,0.00010465579543961212,False,0
2ee76dbf429c1fac6677e5d50415f4889f06c58a,279,PAYMENT,11186.15,8.983342922874726e-07,low,2.2458357307186816e-06,False,0
41996b75cb70b456395e38fc23480fac0054244c,262,PAYMENT,88.33,3.568935426301323e-06,low,8.922338565753307e-06,False,0
fbb1edea6741faa0f4530703e51b81b77262de0a,670,TRANSFER,595873.0,0.2685265287875664,low,6.632196891587228e-05,True,0
e994b0ecce30fc3a53ac6d6a5fcf0ca45a9bc06a,254,CASH_OUT,465338.72,0.21005993645172566,low,0.0001498411293141544,False,0
6032d6e10b1f97dc867ecb1dfdc171f10685ddd1,241,PAYMENT,5864.78,1.2014339881716296e-05,low,3.003584970429074e-05,False,0
7b71c3e458bda66b087b5049ea7c60ee1bc494e8,526,CASH_IN,164989.22,1.1519017425598578e-05,low,2.879754356399644e-05,False,0
d6f6de417029343a97ee5135539165c83ba943c7,309,PAYMENT,35627.49,5.085155498818495e-06,low,1.2712888747046236e-05,False,0
2ac3e5cd66d3c980b671e9af44450b7217c262a1,156,CASH_IN,215412.8,1.682334732322488e-06,low,4.20583683080622e-06,False,0
7e65ebeeab81db7ca328b566c958ea95cfd382c4,240,CASH_OUT,112395.07,0.0011935899034142496,low,0.0029839747585356236,False,0
fb36edb617a547cd454de1c3e2c8c4f15991920b,201,TRANSFER,293511.47,0.09015885540051387,low,0.000397138501284644,False,0
e9a189e0428d131f635f2e646c7d2ddc34cf77e4,14,CASH_IN,222595.0,2.1234386076685043e-05,low,5.30859651917126e-05,False,0
e7c58dac75b528d5173d47402ca65265b8309c71,158,CASH_IN,10777.93,7.363751592492918e-07,low,1.8409378981232294e-06,False,0
040afdc96026328db66f22b82712ab00a6f02a0c,374,CASH_IN,194487.48,4.6101460611680524e-06,low,1.152536515292013e-05,False,0
10e61ab3a715041bc7b237b46aa82d7f6eea154f,204,CASH_OUT,210622.4,5.722905189031736e-06,low,1.4307262972579338e-05,False,0
b0eb82b97768dc5ff9bb583e0c909d14d6f2f850,380,PAYMENT,10348.26,2.028888411587104e-06,low,5.0722210289677605e-06,False,0
5923edb13c5891c6e85665c6be4a075182f8090a,302,PAYMENT,888.48,1.349346130155027e-05,low,3.373365325387567e-05,False,0
eaaf2a7d13e23be6d53f0e5edfb5d7ba458d3b07,303,PAYMENT,15257.79,1.3858117199561094e-06,low,3.4645292998902733e-06,False,0
5ec4d4d366cbffc79a42780c6a861fac152120b8,190,PAYMENT,4976.54,4.3341654236428444e-05,low,0.0001083541355910711,False,0
a64c435d69846cfab3bb61c3988a0cef05652d74,163,PAYMENT,14815.41,2.16390733839944e-05,low,5.4097683459986e-05,False,0
b504f8c6548a59e322b5d2aff22762e526a99a29,16,CASH_OUT,12248.99,6.585269875358791e-06,low,1.6463174688396975e-05,False,0
46ae97d514d99e190866c4e21d8196c309845359,210,CASH_OUT,210017.88,0.21224231053143738,low,0.0056057763285934925,False,0
3e414051ce5721709d5f17a0f1d23870a5afd88a,311,PAYMENT,2816.26,2.0023700199089947e-05,low,5.005925049772486e-05,False,0
09055ce5ce69ab738acd635c0d0feac2e8466aa0,188,PAYMENT,4136.24,1.515389703854453e-06,low,3.788474259636132e-06,False,0
b6e32de049ef2d5c3fefb15e4e13f150c4c7d5f3,356,CASH_OUT,64178.06,0.0013025130145251753,low,0.0032562825363129377,False,0
4ba353a4a852950178ef0a09dcc3cc0e8b506662,16,CASH_OUT,539725.06,0.00038172390777617697,low,0.0009543097694404423,False,0
3fa056efce1cb410c1aa5ea6f156e37cad425d38,36,CASH_OUT,1379.69,2.3676328419242056e-05,low,5.9190821048105136e-05,False,0
2d40b2b325f47f55136214cb42e661aaff16c1d7,185,PAYMENT,10720.31,9.874282113742083e-06,low,2.4685705284355208e-05,False,0
9e4b14840c6a843dc4854ea216aa055746a02404,179,CASH_OUT,96263.5,0.0010585155338048936,low,0.0026462888345122337,False,0
d103bd590ce3ed270128aa74ad3d9446657993da,211,TRANSFER,216500.53,0.09000072221637312,low,1.8055409327644156e-06,False,0
2205c2989c65c5df9674178b138d4192a49f3343,211,PAYMENT,5774.33,4.849891047342681e-06,low,1.2124727618356701e-05,False,0
d823463e63c836efca13b2af068a7ec4a8c9ee0b,167,PAYMENT,5185.76,2.6249870643368925e-06,low,6.5624676608422305e-06,False,0
20455990e66c54e0c20d5c5ba911cac6804431ae,134,PAYMENT,44158.74,2.210817183367908e-06,low,5.52704295841977e-06,False,0
2e5a7269ea74511810ff3881c58586d2b1f8adb7,282,CASH_OUT,58474.88,0.0003703728318214417,low,0.0009259320795536041,False,0
84b72e3f834f0a5e004c726bea016e4f216e9005,16,CASH_IN,112339.0,2.976122959807981e-06,low,7.440307399519952e-06,False,0
202760b0bfad59d5f63a22a3fe846c1d9cce0109,204,CASH_IN,263289.56,4.3162755900993945e-06,low,1.0790688975248486e-05,False,0
0173f50a8ab67a35e7d4553ee1af1f69267797f1,686,CASH_IN,211223.03,7.109928992576898e-06,low,1.7774822481442243e-05,False,0
ebf5def6651ba5078c572b0160f8005bbed90a6e,162,PAYMENT,20056.44,1.9497319590300323e-05,low,4.8743298975750804e-05,False,0
3b38e7a2e475b81144414c1f67c92451ad597445,347,PAYMENT,59637.7,6.316920917015523e-06,low,1.5792302292538807e-05,False,0
80cd384cc94c1e92434614cddd054cdfb25224c5,183,DEBIT,12.44,1.5529214579146355e-05,low,3.882303644786589e-05,False,0
0903c98fb4ea15e41de03f0df4275c121036c6f3,280,CASH_OUT,346948.47,0.0006316334009170533,low,0.001579083502292633,False,0
1b4a1797495354e1a6c067281b7f14e6219088dc,398,CASH_IN,31149.58,1.1107309546787292e-05,low,2.776827386696823e-05,False,0
1b0ce7feab67a6d7a1ac1a384ce0a63d22195649,42,PAYMENT,3835.14,1.1080972399213352e-06,low,2.770243099803338e-06,False,0
445108a679c5af0b4af1beb5c949f069af2eb7c2,210,PAYMENT,2962.77,7.529157301178202e-06,low,1.8822893252945505e-05,False,0
0b5a875accde0650520778781153afbaef569c36,346,PAYMENT,13488.2,3.194807504769415e-05,low,7.987018761923537e-05,False,0
35749f13b22434a5cb5655902d57cfbdf9d3fa7e,179,CASH_OUT,311040.84,0.00018729426665231586,low,0.00046823566663078964,False,0
0a8b61829ed52c416d3e65c33b736ed71fc553ae,346,PAYMENT,52648.07,5.831916932947934e-05,low,0.00014579792332369834,False,0
4c88744d07018f0e86d095d90dd4d8b63d55051f,308,TRANSFER,1488845.4,0.0900119622643979,low,2.9905660994700156e-05,False,0
08e9bf0212c80d57762b158d215cde1d6eee69d0,189,CASH_IN,231863.39,1.0531902080401779e-05,low,2.6329755201004446e-05,False,0
e0b6f14cb2b8eaa8303578eba39b8d2070a0320e,297,PAYMENT,20807.18,1.5440805873367937e-05,low,3.860201468341984e-05,False,0
5d48bd268d6f1b56bc49cdc6b43490db63442f56,346,CASH_OUT,1024.2,0.0004461151547729969,low,0.0011152878869324923,False,0
47be8151387b02432de3655d3b3da5b595a1d30e,44,CASH_IN,164295.86,7.667644240427762e-06,low,1.9169110601069406e-05,False,0
62618792f77c582006f32321f27214f17dd20aa9,394,PAYMENT,31906.2,5.46536066394765e-06,low,1.3663401659869123e-05,False,0
c0285008b990b101c95d980f003661d5ecb070b7,306,CASH_OUT,267839.5,4.541015005088411e-06,low,1.1352537512721028e-05,False,0
ba5e530ec66a5b82998ca12159589a733733a6a4,334,CASH_OUT,412329.47,0.21023999533150345,low,0.0005999883287586272,False,0
32d28f1aed8ae5893576f95b7c2de33ef9d7818e,39,CASH_IN,95314.69,2.7252335712546483e-06,low,6.813083928136621e-06,False,0
634e437997969e26e8ae80b3cfe34028ecb3b8e4,214,PAYMENT,21731.58,2.013925404753536e-05,low,5.03481351188384e-05,False,0
5a4526ff8ebac702fe30ae0a141216cd1d3598d5,355,CASH_IN,149169.23,4.7172485210467135e-06,low,1.1793121302616782e-05,False,0
32b6f1af1abaeed15f4a36631e1105c85971d1f8,17,CASH_OUT,14575.5,7.709754572715611e-06,low,1.9274386431789026e-05,False,0
077ec8a4375ed36aa93c81e5412c4941417d0828,346,CASH_OUT,402937.25,0.2100198267181986,low,4.956679549650289e-05,False,0
0bb99adec07266da768546c8d47cb137bcf98ed3,382,CASH_OUT,216440.4,0.2142140692472458,low,0.010535173118114471,False,0
15193ae9cb3a54719cf480797e9da75460f9df4f,205,PAYMENT,15625.57,1.986593269975856e-05,low,4.96648317493964e-05,False,0
5e587a4eebbdaed26095457b79eff79783dab598,405,CASH_OUT,67050.77,0.00025287102907896043,low,0.000632177572697401,False,0
7160c28b5fecb361b9a71173e487159274eabcb7,177,PAYMENT,6230.63,8.136306860251352e-06,low,2.034076715062838e-05,False,0
f58e7736f2ab41171f94c2c0edacc0fd00f6ed58,348,PAYMENT,28994.85,5.751021672040224e-06,low,1.437755418010056e-05,False,0
a42296f0bdf749e04ede03288eaf50a529389564,403,CASH_OUT,119406.97,0.0007782830391079188,low,0.0019457075977697968,False,0
8194be2888ad358bca32a98b04e04157b565dc2a,252,CASH_OUT,219759.52,1.5230606368277223e-05,low,3.8076515920693055e-05,False,0
fd723fb7476a48b227c3b662660769d85aed234a,166,PAYMENT,7427.99,0.00012054590042680502,low,0.00030136475106701255,False,0
0af64cdd7b203b359ee7c9bed251779538a992a8,206,PAYMENT,4164.42,5.511889867193532e-07,low,1.3779724667983828e-06,False,0
ab7175dc092706f9307c112b9b53ff2a6f4b270d,227,CASH_IN,6861.65,4.5246151785249823e-07,low,1.1311537946312455e-06,False,0
e20b6870247eea9421f15a0803b6ce500cac0d72,357,PAYMENT,8820.75,2.33470000239322e-06,low,5.836750005983049e-06,False,0
59656f74f98c9d9f4fcc4bfd959d6375a475502f,534,CASH_OUT,282434.1,0.0003802510444074869,low,0.0009506276110187173,False,0
60dbbc1778d09faf0e0d65b2aa1cae8ef76c0cf7,161,CASH_IN,15466.95,9.098853297473397e-07,low,2.2747133243683493e-06,False,0
0ad6b2293b19ad4c90eae5cd50de570e38e63c62,17,CASH_IN,37330.18,1.9544391761883163e-06,low,4.8860979404707905e-06,False,0
d9222971f08d0b02251dd91a153877d901730a4a,201,CASH_OUT,310512.66,7.191555778263137e-06,low,1.7978889445657842e-05,False,0
6de86218d637adb54882317492394ebf537c5e79,42,CASH_IN,48019.53,2.1147758161532693e-06,low,5.286939540383173e-06,False,0
e554d0981298a15192838ad3e0d6cea6de00a1d4,307,CASH_IN,144786.64,4.84414522361476e-06,low,1.21103630590369e-05,False,0
73ac69c8c65af4ad4ff17fe63b531001bd31fcea,393,TRANSFER,2756262.8,0.09000211417500396,low,5.285437509883195e-06,False,0
df888d60515ef21a9fe76dae81e38e88cb61cfb1,495,PAYMENT,2112.57,4.45444202341605e-06,low,1.1136105058540124e-05,False,0
35413fd75fd0110b6f9d4a1da1e636a1ca1f74a3,274,CASH_OUT,41877.77,6.398014375008643e-05,low,0.00015995035937521607,False,0
c13a25ae3121279319a84b95823cbbc047c28084,278,PAYMENT,5686.96,1.4071482291910798e-05,low,3.5178705729776993e-05,False,0
32997a8cec87bb5ee7046d9714960fa5020d8b66,276,TRANSFER,60965276.0,0.3090981864929199,low,0.5477454662322998,True,0
5f0280d1a7ad552152d6126f89821bc70998bab1,140,CASH_OUT,39573.95,0.00010849391110241414,low,0.00027123477775603533,False,0
b5c3ed7fa5cb876a8e69a4fd287cb62a8fe24318,325,DEBIT,72.2,8.657218131702394e-07,low,2.1643045329255983e-06,False,0
5c31c25125b7165a933ff0ea502b7f96778e619a,322,PAYMENT,24313.37,5.402615643106401e-05,low,0.00013506539107766002,False,0
26d98a2ea8afa38755ae0361aebf330228bdca77,159,CASH_IN,1106.35,1.4198933058651166e-06,low,3.549733264662791e-06,False,0
957b433fafabc08e53004821c2515e9fb9fa41d3,1,PAYMENT,5154.97,2.7783476980403066e-05,low,6.945869245100766e-05,False,0
185e5c228f9df377a1635c35ace18ae32b63af77,227,TRANSFER,532312.7,0.09011562817962841,low,0.000289070449071005,False,0
6f6ebc44bf9bed8fb86b6d455e2360c8a109b38e,329,CASH_IN,8938.27,5.595422862825217e-07,low,1.3988557157063042e-06,False,0
0854cb991c88405fbe3bfd76fff812ad8ed30803,595,CASH_IN,142242.4,8.709894609637559e-06,low,2.1774736524093896e-05,False,0
41ae629ed8d55cbce3a07b2635b707e70dc7ebeb,18,CASH_OUT,417930.88,0.00015046590706333519,low,0.00037616476765833795,False,0
1505cb761ba60d712f49cfd8ee680809a596ac73,422,PAYMENT,7789.02,1.0193422349402681e-05,low,2.5483555873506702e-05,False,0
4ef86f34c8682a8c0c7be502b3b56466023b3ec3,251,CASH_OUT,87323.61,0.00014158179983496668,low,0.00035395449958741665,False,0
f3fc75db2896a181a574159faaef1cf6e5f27e8d,182,PAYMENT,5925.23,1.0747006308520213e-05,low,2.6867515771300532e-05,False,0
2a8cff44d19d2875f7b987abd58e1ee39507b3bf,38,CASH_OUT,17979.38,0.000492326868698001,low,0.0012308171717450023,False,0
41dc239b6931383d2b980d418e69688af93760ae,8,TRANSFER,2887749.0,0.09009858211269603,low,0.0002464552817400545,False,0
2cfcdb4584fd07508b4b9c66adb5af329a28fa04,369,CASH_OUT,26512.94,0.00017623216845095158,low,0.00044058042112737894,False,0
ac40ecf907d884ed91a4647f417a2c922626aaf5,45,PAYMENT,3377.51,1.6060573398135602e-05,low,4.0151433495339006e-05,False,0
0623f5b6d64bcf94bd1b72a409508e1598a5f058,358,CASH_IN,161668.1,3.941633985959925e-06,low,9.854084964899812e-06,False,0
8a56c69afffbee4801e21b71c610fdb7678e8007,399,CASH_OUT,138979.8,0.00041471906006336213,low,0.0010367976501584053,False,0
9edab0b609ef6ffa9e8bf863b721ea4806c8edb5,226,CASH_OUT,158629.06,9.299667435698212e-05,low,0.00023249168589245528,False,0
af5b1c14b26e0fa3a0039c0b4f3be58309eb92ce,15,CASH_IN,143722.66,3.305922655272298e-06,low,8.264806638180744e-06,False,0
99c42fde5e6aa5a8ba10fddc6152604e4ec8847b,404,CASH_OUT,222677.0,0.21028001798782497,low,0.0007000449695624411,False,0
213775442ec4377cc25c9fa7edae09c43e6e0500,226,CASH_OUT,116567.66,0.00017086727311834695,low,0.0004271681827958673,False,0
fc927c13b06dfeaefcc78b8a14de4289b403bd23,230,CASH_IN,79345.85,2.1252102669677696e-06,low,5.313025667419424e-06,False,0
c651bd4a94c46a2ca711f946c31774359a49fb54,15,TRANSFER,1247870.8,0.26904122633300726,low,0.0013530658325180411,True,0
b34f65270c9cf8142039efbe84bd7c17885c54ee,401,PAYMENT,30012.3,5.200351006351412e-06,low,1.3000877515878528e-05,False,0
9cd9f8d4f2ae31a78a994426d6dd3e5643080cde,401,CASH_IN,298930.38,1.2616987987712491e-06,low,3.154246996928123e-06,False,0
f5252fb087aa02ab9b89c7189aedbe5ee11b6a45,45,TRANSFER,457395.7,0.09013173175975682,low,0.0003293293993920088,False,0
db77223e776f8cbfb22fd1a851e168395e218dba,133,CASH_OUT,311103.66,6.713574839523063e-06,low,1.6783937098807655e-05,False,0
1944460f5ac70fdc884b865d53bb744666e70f94,12,PAYMENT,10971.0,7.166965588112362e-07,low,1.7917413970280904e-06,False,0
dc4ba4e792b427e7c10937770950f23ec5ef3001,226,TRANSFER,613550.0,0.09007713487138973,low,0.00019283717847429216,False,0
09032ad60115fab65967423a26fc70f08ae89e33,287,PAYMENT,7456.31,2.398669457761571e-05,low,5.996673644403927e-05,False,0
977f7f02df0cd187891bd47550f7fc875919fcc0,202,CASH_OUT,116425.91,0.0002719430020079017,low,0.0006798575050197542,False,0
898ef690f28685474d538b60dbf8348906d28968,231,CASH_OUT,176016.45,1.9516388420015574e-05,low,4.8790971050038934e-05,False,0
a9c6f69fa6a68bad8f66b4b67204d3862b75e780,260,CASH_OUT,171810.1,6.702765822410584e-05,low,0.0001675691455602646,False,0
64fcc891ba6b316367285531841c9b69fe9caf7f,351,CASH_OUT,113329.59,8.238134614657611e-06,low,2.0595336536644027e-05,False,0
e3476d6810aea7ab76cbccc0e66e0af2ec0fab24,188,PAYMENT,4952.9,8.049285497691017e-07,low,2.012321374422754e-06,False,0
f79be3f5d244e97a69a5b1990035d159767ed1b0,301,CASH_IN,326094.56,5.388028148445301e-06,low,1.3470070371113252e-05,False,0
52f15db48744fc539d70b77309a29ce284c39d76,692,CASH_OUT,105441.3,0.0008414316922426224,low,0.002103579230606556,False,0
02b2c04da20017688fb706680a65b0c32b80145a,377,PAYMENT,11797.47,2.3452843379345726e-06,low,5.863210844836431e-06,False,0
2e849967c84debf505ca530ca56a1789373bcc7b,186,PAYMENT,9789.79,1.1031936446670443e-05,low,2.7579841116676107e-05,False,0
e9ad0df43aaf0dafc8f85981f7960c59c6ede464,279,CASH_IN,32270.32,1.5434397937497124e-06,low,3.858599484374281e-06,False,0
d18c1072622a54abab4126be555e66891c7e1610,14,CASH_OUT,101876.25,5.939902039244771e-05,low,0.00014849755098111928,False,0
5c45b4fd6269b43db7609062e22773902a1fe547,305,PAYMENT,15956.24,1.8780613027047368e-05,low,4.6951532567618415e-05,False,0
df099456ab9a2d6b5366e58075218416c748e69b,203,CASH_OUT,80386.55,0.0003258874639868736,low,0.0008147186599671841,False,0
2c275d1deafc99a58f435a5c203dd7d55c069452,251,TRANSFER,179227.66,0.09018467894988136,low,0.0004616973747033626,False,0
84a8bd7359b8343f7478e5281ddfc80463d6f148,131,CASH_OUT,508791.75,0.2100375846720999,low,9.396168024977669e-05,False,0
37ea00fe4462e835648dda29f799428a40086482,692,PAYMENT,23796.87,1.7128250328823926e-05,low,4.282062582205981e-05,False,0
24428ca77a333f279f577cea7e2089991c6630df,259,TRANSFER,60332.17,8.997030672617257e-05,low,0.00022492576681543142,False,0
c4aa3dd0f5bdce506fba3e6a3b65674ebfe4522a,228,CASH_IN,46408.35,2.004433008551132e-06,low,5.01108252137783e-06,False,0
554df832b843584528f479357de4d945220a791d,355,CASH_IN,35239.17,1.547876854601782e-06,low,3.8696921365044545e-06,False,0
8155084bca7126b9164ddc84ba99d43e8b5b984b,349,CASH_IN,280434.5,2.353253512410447e-06,low,5.8831337810261175e-06,False,0
84b61bb398288576e4953079be420a7d592eec45,235,CASH_OUT,200931.16,0.00010449894471094013,low,0.0002612473617773503,False,0
76f0d63f12721f910d19dc9a8d0ff5d2a7c9cbdf,41,CASH_IN,219283.02,9.196506289299579e-06,low,2.2991265723248944e-05,False,0
8b0ac72355d8d365437cc06f4bf1880e32469ae4,42,PAYMENT,35449.64,4.7122768592089415e-05,low,0.00011780692148022354,False,0
949b67ca5de221520722be1d21d8441d6ae3deb5,284,CASH_OUT,118022.57,0.00011790492571890355,low,0.00029476231429725885,False,0
fc9c28fab5cd9e49efc793403b35cc736bdb0128,158,PAYMENT,12819.57,3.6544999602483587e-06,low,9.136249900620896e-06,False,0
fd0f7731ec6f46b5df9a71522ed0babdaa732a35,180,CASH_OUT,251320.6,2.00379072339274e-06,low,5.00947680848185e-06,False,0
41a26375c2a43427e9c9bca24682d778e4d36b0b,395,PAYMENT,1088.21,3.3187514054588975e-05,low,8.296878513647243e-05,False,0
fa1f9c791e6e721bcd2d901ed799f77a8815baa2,402,PAYMENT,648.72,2.849454358511139e-06,low,7.123635896277847e-06,False,0
629169cc6bdbd51d64936e1b951316135fae780b,347,CASH_IN,299211.2,4.826639724342386e-07,low,1.2066599310855963e-06,False,0
dca551c7c6e2402e5c9b3733fb95643b69d9c394,442,PAYMENT,16804.55,1.5659323253203183e-05,low,3.914830813300796e-05,False,0
5910474440f07e69f6fd1b1dca3cbea0efca5e03,301,CASH_OUT,214386.0,1.2707743735518306e-05,low,3.1769359338795766e-05,False,0
f9fef7f7516d7520ab1495f39aeda0a0b3f58f1b,350,CASH_OUT,124006.07,0.0008153541944921017,low,0.002038385486230254,False,0
8c64dc7aab23358daa30fede6ef107f9af8cfee4,328,CASH_OUT,194101.44,0.21059664379805326,low,0.0014916094951331615,False,0
0f5eb2b9e66e6e1289e53b5ef250b5df66bdb944,136,PAYMENT,49383.09,9.753226186148824e-06,low,2.4383065465372056e-05,False,0
a597c2588c9a509d27f8b307aab55ee22881b246,256,PAYMENT,13281.02,1.5306184650398791e-06,low,3.826546162599698e-06,False,0
72b88a47dd363b9666a13aafe154343463e7aa12,300,PAYMENT,27444.68,6.033416138961911e-05,low,0.00015083540347404778,False,0
add5fee4b1cd78c24aae5d8d6ff03a5e67bbb1ba,304,CASH_IN,5000.0,4.2837750697799497e-07,low,1.0709437674449873e-06,False,0
94bbc8c170f62e10cd40606263ccc54485a0ce52,136,CASH_OUT,93954.3,0.21129361897706986,low,0.003234047442674637,False,0
b011d6ce8c71b7a8ea94d4d2485153c2c5b95f45,255,PAYMENT,7601.35,8.020149834919721e-06,low,2.0050374587299302e-05,False,0
ec3f7c74e0070738927e0035a1a0825685ad47dd,11,CASH_OUT,264689.1,0.21011274697026236,low,0.00028186742565594614,False,0
2014ec648ecbd58673650597974eda3f9e5431e4,214,CASH_OUT,91083.15,0.013913211226463319,low,0.034783028066158295,False,0
843e3d0f823b59ce38082f04bd108a6d9c17fa27,18,PAYMENT,17303.62,2.0130822667852045e-05,low,5.032705666963011e-05,False,0
bedba1ca6af9d79628ef38854f309bea9d7bd87e,401,PAYMENT,28928.36,1.6892069834284484e-05,low,4.223017458571121e-05,False,0
3ff872a1b3c5a5403e1e5ac62e1820eba0ced1bd,177,CASH_IN,134836.44,2.7206060622120276e-06,low,6.801515155530069e-06,False,0
370dbf497954a3a399894fd177266549f3570e38,250,CASH_OUT,46553.41,1.904174714582041e-05,low,4.760436786455102e-05,False,0
525fcee5522fec6c6e5bd05cbb0fad218356f907,252,TRANSFER,543614.8,0.09030936768744142,low,0.0007734192186035216,False,0
ea8c443e25425ea5ddbc06c3bec6df40176f82ea,159,CASH_IN,151121.45,8.836684173729737e-07,low,2.209171043432434e-06,False,0
2ab742209bb3667f290ea6edb6d8e839f4f6be5c,354,CASH_IN,226372.14,7.749315409455449e-06,low,1.937328852363862e-05,False,0
56ab55b8896cacd060a4ef83c0498640337f260b,259,CASH_OUT,152574.45,0.00018694779137149454,low,0.00046736947842873633,False,0
94e2980195523f110f0d52a8042b6d09986371c4,134,PAYMENT,26879.91,5.245782813290134e-06,low,1.3114457033225335e-05,False,0
48e1f8cdc5822b80f9a31376ebefbf6572bc2f38,403,PAYMENT,1894.93,1.1644709593383597e-05,low,2.911177398345899e-05,False,0
d47c9ca5bcb33d12400c8b25d78f7e404d5ec2ad,251,PAYMENT,29138.41,6.048526120139287e-06,low,1.5121315300348215e-05,False,0
b857411c3728f9eb77526f29d5784b27f0a6855e,303,CASH_OUT,21679.45,0.00034060399048030376,low,0.0008515099762007594,False,0
edabd750a98c038dd6fd3399e89f14cf7fac15e1,376,CASH_IN,89402.92,1.7414178728358822e-06,low,4.353544682089705e-06,False,0
a0b866532789aaf06cc0ccd54480429e1cf62e64,596,CASH_IN,335728.12,9.155404404737057e-06,low,2.2888511011842638e-05,False,0
3e4b78b7bce345aaf9b99a5d7d6622a54a8de24b,43,CASH_IN,217240.7,4.312518649385311e-06,low,1.0781296623463277e-05,False,0
04825f233e67ef3ef871032888593edc3dc27290,396,CASH_OUT,333289.47,0.0005274927709251643,low,0.0013187319273129106,False,0
c2b483c807d04924bcbf93c1d2ba6a298ea3969e,11,TRANSFER,1119123.6,0.09015254439786077,low,0.00038136099465191364,False,0
6ffe5c6f107fca9d5d1365872236159c795b830a,351,PAYMENT,6851.34,1.53003100422211e-05,low,3.825077510555275e-05,False,0
24d3699d2d54e360352690770552c20ef3438bf6,12,CASH_OUT,209437.03,0.2733160769939422,low,0.15829019248485565,True,0
d46801faa17b257380e8c7229f05247d95058ac8,17,CASH_OUT,259337.81,2.3986969608813526e-06,low,5.996742402203381e-06,False,0
cddf06e873c038d15ebb2f020097a307d9cf2e4e,226,CASH_OUT,501479.78,6.006490002619103e-06,low,1.5016225006547756e-05,False,0
28a3714e6ee5c2bc0714743c94c22805843bf226,14,CASH_OUT,57435.79,0.0029804449528455738,low,0.0074511123821139336,False,0
c91f2a677d4534ccf7b02a9a0ab4371748fd5cfe,37,PAYMENT,2936.41,4.989261469745543e-07,low,1.2473153674363857e-06,False,0
4edfc29cd92a47a06151b74b01f80cd1b72eba7e,229,CASH_OUT,192692.7,0.0001799366087652743,low,0.0004498415219131857,False,0
e8b123348958fb076067a8583c6870252574a943,351,CASH_IN,189504.4,5.126277756062337e-07,low,1.281569439015584e-06,False,0
074697735e5f4ad02d62543214cf74dad1eae761,404,CASH_IN,25484.15,1.2719776350422764e-06,low,3.1799440876056906e-06,False,0
b81a8cd1bb60c7d8b7a90c551b110fbcce87cb1c,226,CASH_OUT,449530.56,1.0926584945991636e-05,low,2.731646236497909e-05,False,0
e132dee843dd451623714e243661183ce5aa9177,187,PAYMENT,4799.8,4.6214072426664646e-07,low,1.155351810666616e-06,False,0
3cbb8aebbf46f06cea2e95c28636351833c09e73,251,CASH_OUT,136031.52,0.0005930977407842875,low,0.0014827443519607186,False,0
a691505f29129b6332c3fe91f8809d9a503bfec7,691,CASH_IN,15222.65,6.177110208227533e-07,low,1.544277552056883e-06,False,0
4811e5a1b1171495a7be35f9722fa88f88b43f1e,211,CASH_OUT,258605.61,4.57423331681639e-05,low,0.00011435583292040974,False,0
4e69f088ed93637bb2aa33738533f0d49714c17e,215,PAYMENT,9101.29,2.2908198297955098e-05,low,5.727049574488774e-05,False,0
2657439543305120a07d82b1626863a573c0945c,258,CASH_IN,69272.3,3.3120253647211942e-06,low,8.280063411802985e-06,False,0
8a722b65fbd5791f647118ec90322056825c29e3,14,PAYMENT,25747.81,6.563874776475132e-05,low,0.0001640968694118783,False,0
66d18ca20292e2bf946f2585d52855c23b943357,227,PAYMENT,21298.54,7.122076203813777e-06,low,1.780519050953444e-05,False,0
ad4666faf0225cd5469932c0415857da5ebc43c7,231,PAYMENT,45356.8,4.662898427341134e-05,low,0.00011657246068352833,False,0
0c525230da8ff1a138a9dbdd758a4ca470429184,161,CASH_OUT,241405.58,2.2743051522411407e-05,low,5.6857628806028515e-05,False,0
7894664886e1e37d681d509d52fad0cfd3ae0420,277,CASH_IN,849.8,3.6665301195171196e-07,low,9.166325298792799e-07,False,0
0a223ec87317bd0f816dbc6f5b07f2f7600c221c,13,CASH_OUT,377686.7,4.787600119016133e-06,low,1.1969000297540333e-05,False,0
dcf02088dc9680fc91334f9995196287abd643d6,372,PAYMENT,28512.74,6.033416138961911e-05,low,0.00015083540347404778,False,0
2389453e972efa11da3d31415b3f84e5eb22e283,393,CASH_IN,157266.02,6.418120392481797e-07,low,1.6045300981204491e-06,False,0
649dc70b1513936b68e8276c169d36667e1a124c,140,CASH_OUT,38893.6,0.0003929384984076023,low,0.0009823462460190058,False,0
8864097b3f8579a66ffa00e7325d5a3ed57cc0f2,395,PAYMENT,7020.09,9.694185428088532e-06,low,2.4235463570221327e-05,False,0
4fdb718699f1e3eb0a4b880037054a7df0cddfa1,157,CASH_IN,58530.88,7.824220665497705e-06,low,1.9560551663744263e-05,False,0
8b5bee2fc7bd30e1e0a358ef7792abd515069710,283,CASH_OUT,145528.66,0.22005438193678856,low,0.025135954841971397,False,0
ff71bfc6ed62b746a067f6dc3360fecf4a6d9085,140,CASH_OUT,138471.31,0.00015992106636986136,low,0.0003998026659246534,False,0
3bf7ea802c842b224c4f8d4e61b77f1d2c616002,20,CASH_OUT,88925.86,0.0008413039147853852,low,0.002103259786963463,False,0
178d8c789927695dc5f61f0a6caa3cccd42a6a7c,377,CASH_IN,12881.54,8.593689926783555e-07,low,2.1484224816958886e-06,False,0
2b529c15dbf56355239fecffc61e6cc7dd9b8561,369,PAYMENT,38305.62,0.003118713200092316,low,0.007796783000230789,False,0
eefd63cd4f8aa0743afccd46ce5fcc32c723647a,374,PAYMENT,25821.7,6.563874776475132e-05,low,0.0001640968694118783,False,0
7315f6af415aef2d74408bcba9978b82c955b0d4,34,CASH_IN,115985.09,1.7432472304790282e-06,low,4.35811807619757e-06,False,0
32d61c361a86ea6537f9d1871fcf8d886570f3df,347,PAYMENT,58008.42,8.138514240272344e-05,low,0.00020346285600680858,False,0
8041ab59c3c2a0142219af60522a39823274c3ef,37,TRANSFER,1918494.4,0.09000074405547821,low,1.8601386955197086e-06,False,0
a952c93d2b4ed6371437220febdf22a94e7da5be,688,PAYMENT,1514.32,1.2072420940967278e-05,low,3.0181052352418192e-05,False,0
fd9d50c3aef717cabfe58f1c4180d934395f5389,185,PAYMENT,4585.49,6.355960067594425e-07,low,1.588990016898606e-06,False,0
e15a65cc4c417025afdc8c0fd9552ae544ae1676,403,CASH_OUT,46972.09,0.0010653323493897916,low,0.0026633308734744787,False,0
bb4acc05fe4235494d09204842bf78a1a89e0a43,256,PAYMENT,4016.8,4.43550270574633e-06,low,1.1088756764365826e-05,False,0
9aad150d25a18281e485340c4a09e49de59230ad,14,CASH_OUT,84950.15,0.00039181755855679514,low,0.0009795438963919878,False,0
aa1a02a3624ef39fc868b36ab7fd615060c55ee9,377,TRANSFER,147861.98,5.8123026974499226e-05,low,0.00014530756743624806,False,0
bdf4de512475af1026947e1f7c774f2ac77a02ef,378,TRANSFER,368831.4,0.09008110077469611,low,0.00020275193674024194,False,0
f03fc4da910f082a41e782600d23858cbe06e502,229,CASH_OUT,37248.16,0.00030638147145509723,low,0.000765953678637743,False,0
1cd432fd1152a8b1d43088b78da96ed0582b5ec8,403,CASH_IN,342105.44,1.7148662664112636e-06,low,4.287165666028159e-06,False,0
7da852c0d86d008c48c7393a8487a38fe3d52c16,16,CASH_IN,4706.08,1.0041451605502517e-05,low,2.510362901375629e-05,False,0
aa354ed01101d1391a4b90693f5770eb2dbbbec5,329,CASH_OUT,383128.88,0.0006233933381736279,low,0.0015584833454340696,False,0
eb58e0c180d2c217fa81fb24962cec3d06a1f3b2,396,CASH_OUT,290815.3,1.5540239473921248e-06,low,3.885059868480312e-06,False,0
ceaf5a662fc85d752822aed159125526045ca810,284,PAYMENT,9658.59,1.166845322586596e-05,low,2.91711330646649e-05,False,0
78e92a9d137721eff1255acfba6086e7f1827f72,33,CASH_IN,405934.53,3.7730349049525104e-07,low,9.432587262381276e-07,False,0
2d948248740d5d7da2bb35a8e4681d66dde3756b,234,CASH_OUT,46608.9,2.3207608319353315e-05,low,5.801902079838328e-05,False,0
f93f5b978d142069a29e0a85318f1d321a321cab,136,CASH_IN,65210.94,3.072024264838547e-06,low,7.680060662096366e-06,False,0
784939044aaf3e352acb8fc4a043f504ce5f1b2f,637,CASH_IN,226825.25,8.145702886395157e-05,low,0.0002036425721598789,False,0
7b75868d8ac0230df65453a37847dce15e18064f,96,PAYMENT,5210.93,4.2901134293060755e-06,low,1.0725283573265187e-05,False,0
d1510a197faa373bcbb6fdbd8afa146fd3d6c958,34,PAYMENT,6067.34,8.471296314382926e-06,low,2.1178240785957314e-05,False,0
f4dc79ad1f07f9b858c78272447d7adb1441371a,164,CASH_IN,285811.6,1.2933175639773255e-06,low,3.2332939099433133e-06,False,0
88fd133056918c9d223f2747af913682b5b4256d,130,CASH_OUT,6357.98,0.00013224162394180896,low,0.00033060405985452235,False,0
3f8b6448c31158e3d4cb011ee603de59a42a6f9f,131,CASH_IN,203348.75,1.857057068264112e-05,low,4.64264267066028e-05,False,0
61c312827bca8ce1bc75ccdd80930a9e35b446c4,328,CASH_IN,69995.91,1.6871257685124875e-06,low,4.2178144212812185e-06,False,0
d17c00480fefc377aa6bd6a371f2ec61604a5852,355,PAYMENT,44220.18,1.15667367936112e-05,low,2.8916841984027997e-05,False,0
40cacaa26087c4a10f368d93f4e2ff07a50b58f3,298,CASH_OUT,370686.25,0.000560644967481494,low,0.0014016124187037349,False,0
c3bd4ac7ed3c9ec22bd3aee2351bfad63bc95e76,10,CASH_IN,334578.78,4.0356142562814055e-06,low,1.0089035640703514e-05,False,0
a270db9539043addc7c140dcfd4105846d86e843,42,CASH_OUT,80824.38,0.21215069130063055,low,0.005376728251576424,False,0
d64993ca4fc2f74820c21ed42ad2c80e795f68cb,9,CASH_IN,102860.04,1.807435546652414e-06,low,4.518588866631035e-06,False,0
b04ecc79a9f2dc8555d75d660af38575d4c86594,18,TRANSFER,413989.97,0.09002215995482403,low,5.539988706004806e-05,False,0
368960b0bc4fecc20e0d9cdc9e8de6b3291606f8,325,CASH_IN,264601.25,2.854976082744543e-06,low,7.137440206861356e-06,False,0
d859939388e83c978dd2f2d5ad08190afa971f01,353,CASH_OUT,166309.55,8.22581714601256e-06,low,2.05645428650314e-05,False,0
c65476752a54a14fdaa4b93eec354363be9af7cf,40,PAYMENT,5273.97,1.660737179918215e-05,low,4.151842949795537e-05,False,0
a6e3abf1c0c30614d67e5350af8e676cab5edf59,13,PAYMENT,6402.75,7.632695087522735e-07,low,1.9081737718806835e-06,False,0
3ee4ee2534b2ef84e0c4736702b4e4964e59b53b,370,PAYMENT,2939.65,7.246818131534383e-06,low,1.8117045328835957e-05,False,0
377bb9388b6722950556f6215de218fc55923a89,346,PAYMENT,19804.56,1.5659323253203183e-05,low,3.914830813300796e-05,False,0
b7adea00e17a5f8a37f6a0fcb29ef67bb6062428,95,PAYMENT,653.22,8.287881428259426e-07,low,2.0719703570648562e-06,False,0
6a21bdec2334a12527530293085ac38b0afc5b56,372,CASH_OUT,344379.94,7.533538882853464e-06,low,1.8833847207133658e-05,False,0
f0f14ffcebfcfa2349c19fca8ab8c898611af568,326,PAYMENT,32320.75,4.25473517680075e-06,low,1.0636837942001875e-05,False,0
fa75763d1136115c23b0179254864aa93cf0a7ae,283,PAYMENT,34058.75,4.6365172602236276e-05,low,0.00011591293150559068,False,0
2df24ade2f5f1e4ce5264f1fedf84eedc0104cdd,394,CASH_IN,111098.04,1.485108987253625e-06,low,3.7127724681340624e-06,False,0
33b31d982765031ea98bed2bc6eec11cf9cc5f0c,403,PAYMENT,30135.51,6.356252124533057e-05,low,0.00015890630311332643,False,0
50716ccc4bf384278dd9334c10518e4ba6d97eda,383,CASH_OUT,449911.2,0.0015114314854145052,low,0.0037785787135362625,False,0
c97103a440f1ac781c9c1fdd3a4bb3b5c92cfb68,324,CASH_OUT,439222.4,2.1456871763803065e-06,low,5.364217940950766e-06,False,0
64fcd6ec51783c8a714e8368fd72379f769af48c,325,CASH_IN,254007.1,1.9335122487973422e-05,low,4.8337806219933555e-05,False,0
f557b66789b2e0385b38b533f426f77899317cd0,403,CASH_OUT,59454.57,0.0003232862800359726,low,0.0008082157000899315,False,0
f93aae2fa36ad218c5232e88bb8af5575a698a6b,214,CASH_IN,132377.9,0.0009597094729542733,low,0.002399273682385683,False,0
ad728e31748eee7a955222828f9b677a40806696,348,CASH_IN,361963.4,5.143544512975496e-07,low,1.2858861282438738e-06,False,0
abd622aa4994e062f0c8355898f4d474cded241b,375,TRANSFER,1138511.9,0.26882920443918557,low,0.0008230110979638994,True,0
563cc1f7b0e19f951469dd58d5cb2e9a8d1b0987,402,CASH_OUT,337900.78,0.0003618712536990643,low,0.0009046781342476606,False,0
7ad119f382525ae106af3c5388a1e0ee6cd77ed9,134,CASH_OUT,272892.2,1.414889356965432e-06,low,3.53722339241358e-06,False,0
5d9d96fe783caeee224e7e6dcfe8cec0b66a97fa,355,CASH_IN,51437.37,6.052854587323964e-06,low,1.5132136468309909e-05,False,0
afc5ff174362ba6da6359a5534dcb8b4997406e8,522,CASH_OUT,42998.94,0.00045715374872088436,low,0.0011428843718022108,False,0
eb26d18d981fb80efc104070a830927c8eb9d2b3,11,CASH_OUT,265881.06,0.000107864651363343,low,0.0002696616284083575,False,0
61353695072c9125717f8efd4c1465768472a836,40,DEBIT,582.97,3.7517491728067403e-05,low,9.37937293201685e-05,False,0
d795d65fd4ef4c28916cc5844d44b8780ab4adc5,205,CASH_OUT,51537.46,0.00035852300934493544,low,0.0008963075233623385,False,0
f007ce320276608bf4304feaf9e92b8909f58c0f,159,CASH_OUT,514198.0,3.570743137970567e-06,low,8.926857844926417e-06,False,0
5b0c474eda0c86042c766a69b72dfc8784b24c85,374,CASH_OUT,79588.22,0.0008007115684449673,low,0.002001778921112418,False,0
7e49e3279a08ceb00e0d12638fdfd4263a0f1145,181,PAYMENT,11903.67,1.367699878755957e-05,low,3.419249696889892e-05,False,0
f174c4adcd9c0b7b4d813bd935a68ea5cc9f22c7,183,PAYMENT,10026.57,7.040808122837916e-06,low,1.760202030709479e-05,False,0
c9c8aa73c5718ae8e776ba108dda1d5ee96bf0a0,403,CASH_OUT,324898.8,4.99588750244584e-06,low,1.2489718756114598e-05,False,0
8193e58d701402b2ab9a826401f2ba4494a232e3,34,CASH_IN,293734.53,7.369414379354567e-06,low,1.8423535948386416e-05,False,0
4b20f6b39a26f160efdaa3a29279663c7bf4da51,18,PAYMENT,12062.61,1.3423219206742944e-05,low,3.3558048016857356e-05,False,0
b9f662f545725f66d73bb165d27b705ffe09e42f,217,PAYMENT,5521.84,2.3047052673064174e-05,low,5.761763168266043e-05,False,0
e14414b89a13d4845db393e24a8dae35f97cf3ce,187,CASH_IN,129274.28,3.7113059079274535e-06,low,9.278264769818634e-06,False,0
d016cd942929901c0fe4f57c9a94fe234fc49904,400,PAYMENT,7937.13,2.5028037271113137e-06,low,6.257009317778284e-06,False,0
df2e10e0338dda0ac5d2307cd74933996c1ca7a6,163,CASH_IN,98067.92,9.536124707665294e-07,low,2.3840311769163236e-06,False,0
34dcd03a9dfc3f309b3f264a856e029444c4bb63,158,PAYMENT,18488.78,1.7574895537109116e-06,low,4.3937238842772786e-06,False,0
913d86c64e7559d717bf29e31fbfad33c21d7dd7,356,PAYMENT,2487.87,1.915317807288375e-06,low,4.788294518220937e-06,False,0
e431180b18252d5a9673b4bc91f4b8ef482d4e1a,229,PAYMENT,71163.63,4.2163781472481786e-06,low,1.0540945368120447e-05,False,0
fdeaf861d5c3b7882d8a322376773c1a1d1359fe,211,CASH_OUT,10721.13,0.00019545718096196653,low,0.0004886429524049163,False,0
926fe95b9c71a9245ec4e13d458c80e5627eac1b,162,CASH_OUT,485040.78,0.0006227083969861269,low,0.0015567709924653172,False,0
2f83edd98a7576264825db7db3f82b79d3d1dcf9,185,PAYMENT,28369.14,1.0075244790641592e-05,low,2.5188111976603977e-05,False,0
98cd6e2f3676294b0126bd056c94cbdb2e0cadc3,229,PAYMENT,375.06,6.869901426398428e-07,low,1.717475356599607e-06,False,0
a031af0fc5319105348074d007237f0a3fb030d0,209,TRANSFER,398449.53,0.2685043488751544,low,1.0872187885979656e-05,True,0
18e281cba36180af58b7470d1108f8007aadc716,204,CASH_OUT,330505.16,0.0005035530775785446,low,0.0012588826939463615,False,0
ce06125f49864633cd31d7d422ee230690a4c467,232,CASH_IN,50998.02,1.8009541236096993e-06,low,4.502385309024248e-06,False,0
96a59fd82d7529bb2e509c1e15414aba5b1b2ae5,201,CASH_IN,30116.21,1.7468202713644134e-06,low,4.367050678411033e-06,False,0
f8dcfde8103561e03a542ce3d1d57e92c5c8c83c,163,CASH_OUT,131770.78,0.0002200365997850895,low,0.0005500914994627237,False,0
ff5ce55cc695b755e6bd42d4cb4f7403f9ea699d,163,CASH_OUT,107251.67,2.6445105322636665e-05,low,6.611276330659166e-05,False,0
e6ef912c530c451edbf7fd7acb1c52f09d08ab88,355,CASH_IN,307344.72,7.339599687838927e-06,low,1.8348999219597317e-05,False,0
f7b782a6c04d19aa9eee634a25fe58a6c465e547,20,PAYMENT,30797.04,1.222923310706392e-05,low,3.05730827676598e-05,False,0
da828821ab8484308e6331623596c9017a847b81,153,CASH_OUT,130955.94,5.004414197173901e-06,low,1.2511035492934752e-05,False,0
afe193d00168316f8c846ca94cbcb613f11b36e6,231,TRANSFER,2116630.5,0.09028069382533432,low,0.0007017345633357763,False,0
b0df1a3a25bfcf0de1cf91de0eff092030e01e66,47,CASH_IN,148407.27,6.849460623925552e-06,low,1.712365155981388e-05,False,0
17ca5e47ac4c278226360cbe86c1bc66b887a91f,284,PAYMENT,11618.81,1.5900830476311967e-06,low,3.975207619077992e-06,False,0
b7a820e2c5727d10a74d2c9ed8aebd3f24170267,280,TRANSFER,310858.44,0.09014178812270986,low,0.00035447030677460134,False,0
043480070737b33225bc7039667c01cdf260f465,298,CASH_OUT,19447.59,0.0002868769457563758,low,0.0007171923643909395,False,0
51ff9bf2ff726fa79279bd19e31d67d2eac1ddf8,140,CASH_OUT,38534.32,4.111201851628721e-05,low,0.00010278004629071802,False,0
9f2e32d8729c8a63057d8b3efdfdf6aceeeebf80,212,CASH_OUT,110386.67,2.649048692546785e-05,low,6.622621731366962e-05,False,0
318b76be09e52d31b2b3e36dfe8c0c55acd65643,14,CASH_OUT,56573.73,0.00018465863540768624,low,0.0004616465885192156,False,0
bf1e18b4a75d5fa100f28e03814f66e4018157e5,20,PAYMENT,16304.0,3.693955659400672e-05,low,9.234889148501679e-05,False,0
e9317a08bf375a349b8267201593e685d0d1288f,205,PAYMENT,9240.54,1.0006112461269367e-06,low,2.501528115317342e-06,False,0
81bfc6b83fa7883abcb1d22d1f690c8a06fe4392,281,CASH_OUT,571678.2,0.0008928265422582627,low,0.0022320663556456566,False,0
42a63935fb007d82033b44c2653c44cf0e62af2b,185,CASH_IN,383744.38,1.1162548616994172e-05,low,2.790637154248543e-05,False,0
794c9dddffbc450e650991b23d4aedc546e81b2a,136,CASH_IN,333934.12,9.156399755738676e-06,low,2.289099938934669e-05,False,0
ce8b5f2dca70f7093ab2d7409afdd93d9afbb012,253,CASH_OUT,235737.45,2.654847958183382e-06,low,6.637119895458454e-06,False,0
5793a03cddee014ed12ccf4e47bd53e441daafbb,201,CASH_OUT,100414.62,1.3026344822719695e-05,low,3.256586205679923e-05,False,0
57a345f16799a5d0a0fec681b94852449fd003b2,354,CASH_IN,186176.9,4.090133006684482e-06,low,1.0225332516711205e-05,False,0
89983ec92b22966819bb797a9873f6e6eeeae7be,157,PAYMENT,24353.73,4.132831963943317e-06,low,1.0332079909858294e-05,False,0
564cdfb7c32eaba303401f7d495bf6dd8a29b857,546,CASH_IN,113376.53,1.0045303497463465e-06,low,2.511325874365866e-06,False,0
69c26d27c156d50cb8b2bacec8988337b5fa3cd4,376,CASH_IN,166544.66,4.7038952288858127e-07,low,1.1759738072214532e-06,False,0
e497eb3d1a0c96953d4cd9761e1ca4b7d95ae8f4,140,PAYMENT,5356.41,2.115564529958647e-06,low,5.288911324896617e-06,False,0
76e1b3389d856d5036a855d10980359d32ec57d2,43,PAYMENT,12201.77,2.2243309649638833e-05,low,5.560827412409708e-05,False,0
667b5888bb4190bd18e6b02880a732d7c2248214,9,PAYMENT,162.95,1.5408077160827816e-05,low,3.852019290206954e-05,False,0
cddf1edff8f6ceb53d17f35fa340d7d0bbde1072,525,TRANSFER,140565.36,0.0001377012231387198,low,0.0003442530578467995,False,0
26da7d7296f8dce98dbc8d53f478437e814a371c,234,CASH_IN,187840.38,9.672558371676132e-06,low,2.418139592919033e-05,False,0
14dc4d4a1967cc4639f1caaabe42681d6b194f08,398,PAYMENT,43940.13,5.809178110212088e-05,low,0.0001452294527553022,False,0
3de622ba9caec4f846278ae502e4c3705417285e,133,CASH_IN,94768.6,1.6366242562071422e-06,low,4.091560640517855e-06,False,0
b1470b321ee818e34bde5fa4dfb751b0075ffa9d,325,PAYMENT,8333.63,9.400388080393896e-06,low,2.350097020098474e-05,False,0
9334e2a8777c332602de2f2f7c78a36666b12b53,331,PAYMENT,8959.28,1.0388102236902342e-05,low,2.5970255592255853e-05,False,0
b344b05e3a0812d9e0af317e923a2bc1ccccaf61,331,PAYMENT,7852.08,8.634830919618253e-07,low,2.158707729904563e-06,False,0
d9d4bad131d8c0b634fa4a05a4e8263620384097,356,PAYMENT,17589.16,3.693955659400672e-05,low,9.234889148501679e-05,False,0
31e5bab76391ecc234ef18e5da20e8ba73647cb6,347,PAYMENT,6689.98,9.694185428088532e-06,low,2.4235463570221327e-05,False,0
2e0f907cf9a82c43e7422fba72cd14ea5f394d40,141,CASH_IN,38721.03,0.0003554567694664002,low,0.0008886419236660004,False,0
53228a53a84c920fb1a9afcdef6025afba2568bf,259,CASH_OUT,144466.98,1.9309915660414845e-05,low,4.827478915103711e-05,False,0
6724615954fb9b2a2a4bb8e6bf3610b622c366d0,18,CASH_OUT,58420.43,0.00026520986575633286,low,0.0006630246643908322,False,0
216eab48a808ea97692b3974453773734015a907,185,CASH_OUT,13833.06,0.002488224394619465,low,0.006220560986548662,False,0
5a5fc97fc27ce7940bd5d8f4a8e358d5682b6f1d,205,DEBIT,987.42,7.615060167154297e-06,low,1.9037650417885743e-05,False,0
15a9967cb982a7b0e98562270574f37477dc834f,407,CASH_IN,238422.48,1.3272774231154473e-05,low,3.318193557788618e-05,False,0
fcef63104021622ae4617a030ec806ccf4b54fa1,495,CASH_OUT,158595.98,1.5091478417161852e-05,low,3.772869604290463e-05,False,0
b43fc16fd2b34b0a3a0b90b0206d74819ba0abf1,538,CASH_OUT,232580.81,0.00018788775196298957,low,0.0004697193799074739,False,0
d383c5d357094492075b46bc5e9eaeffff775383,396,CASH_IN,242478.02,1.0725679021561519e-05,low,2.6814197553903796e-05,False,0
69aa18ad77dfc6e87dd517375f187fa229f37f61,349,CASH_OUT,117970.56,0.0009000954218208791,low,0.0022502385545521975,False,0
008de8812e39a9246e6e215d4d2ab2397d022923,183,CASH_OUT,147763.73,7.230064366012812e-05,low,0.0001807516091503203,False,0
bdb20dfce238cf98a35a74ec1e5f0e7d37a06665,380,CASH_OUT,198982.22,1.7016335914377122e-05,low,4.254083978594281e-05,False,0
f1207198fca31e6d3cafacf705ae9d68c9bb6fcf,373,CASH_IN,515094.72,1.1780868226196618e-05,low,2.9452170565491542e-05,False,0
732619b886eb7072fd00363cde99c10866637e55,233,TRANSFER,985430.3,0.09000111165800263,low,2.779145006570616e-06,False,0
239fde19bf3b82224a6157a513c540ac1f9fcf08,332,PAYMENT,1415.36,5.114060513733421e-07,low,1.2785151284333551e-06,False,0
f73f9029a175881bed66d7b8619ba58b102fdc03,249,CASH_OUT,207112.16,0.00015059650177136065,low,0.0003764912544284016,False,0
2fe1f4982d5edff6369aeefedb75834b97b6eccc,254,PAYMENT,20816.63,1.3645717990584673e-05,low,3.411429497646168e-05,False,0
4bf0e66001bda34835af6a4f566cf2be2b348168,184,TRANSFER,133460.62,2.3617810802534224e-05,low,5.9044527006335557e-05,False,0
1ebe520fdf01ccfa176c94f5671ac41e811c2189,349,CASH_IN,24805.23,1.4702012776979247e-06,low,3.6755031942448113e-06,False,0
e5c4c5f9fee17fc40e4a490f30b9e5b8bf9834e6,379,CASH_OUT,30265.52,0.0007440790999680758,low,0.0018601977499201894,False,0
577568c9b775b41732f62b14b78409e24d2c88b1,208,CASH_OUT,268920.78,2.8972290238016285e-06,low,7.243072559504071e-06,False,0
6c3cbe07c4a9059858475581a373f8e9eb03739d,236,CASH_OUT,40878.7,0.0015349177643656732,low,0.0038372944109141827,False,0
e5f3612dd353c956acfd63575cced5d63761b1bf,184,PAYMENT,3642.23,1.3440434122458102e-05,low,3.360108530614525e-05,False,0
dafd8ea769562b220ace4a418dd771ebc7930fea,17,TRANSFER,549999.75,0.2693350876159966,low,0.002087719039991498,True,0
65234cb052bff2a0bafda2d244afbcc5d1d4b5b1,326,PAYMENT,53814.09,5.1667466323124245e-06,low,1.2916866580781061e-05,False,0
d887d09a2c7a730f819b86cb1d60afbdad2aeddb,274,CASH_OUT,29676.66,0.001444222964346409,low,0.003610557410866022,False,0
6b0965950044fa5739adfd0c2031d1756814bc5b,637,CASH_IN,136763.6,3.070665115956217e-06,low,7.676662789890543e-06,False,0
60ccbd74bf22bac4bec86a86329a50309d266b70,212,CASH_IN,138011.16,4.381634353194386e-05,low,0.00010954085882985964,False,0
52ffa701abaea5249a83ce6b904960ccb6cfc8ae,190,PAYMENT,9474.3,1.13780697574839e-05,low,2.844517439370975e-05,False,0
2cfedf8fb07045df54bf57a996c6edb317cd4eb1,393,TRANSFER,432498.1,0.09023213468957693,low,0.0005803367239423096,False,0
d66f24eea8a0f78fa149f1f95b795b093355384d,378,CASH_OUT,69479.8,0.0027890644967556,low,0.006972661241889,False,0
2fe53cc8c8535f8de5cc822d574a63f5846a29da,212,PAYMENT,7388.75,1.7306940571870657e-05,low,4.326735142967664e-05,False,0
e17b49929ce023d80be530f0bed82988a48b8f2c,45,PAYMENT,7677.14,1.3683638826478273e-05,low,3.420909706619568e-05,False,0
687f30b282bf66f8f5e2db95ef4b8b60f43f0d55,278,PAYMENT,1969.19,3.350481711095199e-06,low,8.376204277737997e-06,False,0
ee5a004990489333e454abee5787e84fc7498fb6,563,PAYMENT,11618.65,2.185894118156284e-06,low,5.46473529539071e-06,False,0
e472555347c2444b588f6f6d3ac4eb32b8736920,282,CASH_IN,103774.26,1.1484198694233783e-06,low,2.8710496735584456e-06,False,0
a45b64d1236dcbb5ac201afd2ffe5c7f9534ef8e,378,PAYMENT,39921.27,0.00018123394111171367,low,0.0004530848527792841,False,0
36ffe220b030cd3760e9058ff728685272c28a50,406,CASH_IN,148808.81,0.00010351160308346153,low,0.0002587790077086538,False,0
acfcabbe0f760993fdbdc4ca333048608e8cc2cc,250,CASH_OUT,56316.28,0.23915611267089842,low,0.0728902816772461,True,0
a03e4ee709c8a74566ae521e6452fe38036164b6,10,PAYMENT,15714.19,1.7697218936518766e-06,low,4.4243047341296915e-06,False,0
0a9cd1376fee47b7722885f41d860c5ebb5e0ddf,21,CASH_IN,30905.78,3.153539000777528e-06,low,7.88384750194382e-06,False,0
d8db0335693e179c72d5269c21e01cc02202419e,378,CASH_OUT,83339.16,2.1449588530231267e-05,low,5.362397132557817e-05,False,0
a58948901a98eb9e16dbb5c4f4aba5f4477a7b79,334,CASH_IN,92940.92,1.5569770766887814e-05,low,3.8924426917219535e-05,False,0
a8cff0fea3148db541d1fc82d4f008cd9f080491,234,CASH_IN,26247.99,1.1317867028992623e-05,low,2.8294667572481558e-05,False,0
1dcd5c0e332ffb9ea5e4b589985621722d79e0c5,96,PAYMENT,1757.98,4.873908619629219e-06,low,1.2184771549073048e-05,False,0
1cb3aa8b596277af2a69817996fbc8cb11ac583b,235,CASH_IN,163582.16,6.335073703667149e-06,low,1.5837684259167872e-05,False,0
cebf92e3c12645e9bfd85762ab8df1ec4a3d70bf,305,CASH_OUT,133491.31,8.393622556468472e-06,low,2.098405639117118e-05,False,0
bf311abcad630bb5feb0c6928be0085733349c5c,211,CASH_IN,37115.71,1.4031744285603055e-06,low,3.5079360714007635e-06,False,0
56666aada4eb86b44e9a335c0a96ef2ee6cbe09a,204,CASH_OUT,150977.02,1.597264053998515e-05,low,3.9931601349962875e-05,False,0
8ebd3a089296ef6a0fa98447ca6b8eac9865f7af,564,PAYMENT,4743.1,3.8084723200881855e-06,low,9.521180800220463e-06,False,0
d520902986d3db3043ef6a19e6f1a001af13ee90,374,CASH_OUT,196079.4,0.00030872200150042776,low,0.0007718050037510693,False,0
0e8cf04f7e6e0b6d1a783576ae20f06d5b7b7b44,234,PAYMENT,2495.97,3.0873168725520375e-06,low,7.718292181380093e-06,False,0
9b5a9f9ef128e046fdd99463b79268848f69dad4,252,PAYMENT,5670.82,1.2934174446854741e-05,low,3.233543611713685e-05,False,0
49db38c1ebfdc9b45e33c19c099ccbb9aa3bd72e,522,CASH_OUT,276715.34,0.22233983784914016,low,0.030849594622850418,False,0
0d58704b6b2a0a012d883673231bc0bb74222bb8,38,PAYMENT,19055.97,2.4991331883938983e-06,low,6.247832970984746e-06,False,0
4663146d9a1f1071d9e9b1c710a474bc36ec90ce,202,CASH_IN,105037.24,3.9900478441268206e-06,low,9.975119610317051e-06,False,0
f745b478852d49dd725a80ed4e6ffcb90e8e3daf,372,CASH_IN,202083.05,4.980970061296831e-07,low,1.2452425153242075e-06,False,0
42f5b60f2b4fff968b2bf2f5c52c5db9f281baa5,400,CASH_OUT,26362.45,8.575960528105498e-05,low,0.00021439901320263743,False,0
5baa79c9bc57d1c0d309468f8e927d39b272e38c,283,CASH_OUT,36803.4,0.00024520242586731914,low,0.0006130060646682978,False,0
9ee649eb897b88c39f2721770db89f5c5fad984f,505,PAYMENT,9138.42,1.6258578398264945e-05,low,4.064644599566236e-05,False,0
2f7f3370772f87e72292cd32341f4633c424ccec,187,CASH_OUT,118576.61,0.00012885120231658222,low,0.0003221280057914555,False,0
a25766dbdd7557ce6e66fcefcf1d084e6c17c4b6,596,PAYMENT,18243.18,9.685305121820421e-06,low,2.421326280455105e-05,False,0
65dbef14e3ee044573f69f87eeebcf512629325a,379,CASH_IN,248620.33,7.059102063067258e-06,low,1.7647755157668144e-05,False,0
45586e9420bef0f1b5eafd26999acba23c389e53,234,PAYMENT,8562.74,1.2223372323205695e-06,low,3.0558430808014236e-06,False,0
98d4b4205d2087fdd382b7d199bc30185afbba42,11,CASH_OUT,12251.03,0.00013049938715994358,low,0.00032624846789985895,False,0
1539eb630049dd7d8a18ea17d78a2a53527babf0,346,CASH_IN,259017.12,1.071831793524325e-05,low,2.6795794838108122e-05,False,0
837281714961bd9373498be1fecf5e74d5d22ab7,330,PAYMENT,1241.36,1.2860094102506992e-06,low,3.215023525626748e-06,False,0
8d99b03375aa8bfc83e9b99338ee0412d4d60abd,228,PAYMENT,16963.96,1.1534150871739258e-06,low,2.8835377179348143e-06,False,0
1568ef4717c0a6b07786f4f9cf8635992a7c3526,35,CASH_OUT,329344.56,0.0004517072346061468,low,0.001129268086515367,False,0
b8018f3d486db896d3fc3cf18cbab95a2250f129,431,PAYMENT,1808.32,5.091815255582333e-05,low,0.00012729538138955832,False,0
d800517ba0c6369abc2ae49295649dbf1f953020,683,PAYMENT,17933.56,5.896638685953804e-06,low,1.4741596714884508e-05,False,0
170b69c83e20703db97e67eceba3a76e72d54b79,212,CASH_OUT,204548.67,4.6394714445341385e-06,low,1.1598678611335345e-05,False,0
49cd5e34542dcf12f40d09eb9b3d4fffca4c060b,203,TRANSFER,414284.1,0.09001244521554327,low,3.1113038858165964e-05,False,0
a09837a5ce40e9907a194aff344e16e0edf35bf4,43,CASH_IN,110730.46,3.8610087358392775e-06,low,9.652521839598194e-06,False,0
814f0b47daaf52416bb91e7d6d65d7a08b7ac75c,252,CASH_IN,42379.97,2.5960236598621124e-06,low,6.490059149655281e-06,False,0
f020b838985c0565a73eeb599742332d3eb82ca7,348,PAYMENT,6692.6,9.87838866421953e-06,low,2.469597166054882e-05,False,0
13b81bcd38eebcd5caea95d7a1a321519e3ee7d4,382,CASH_OUT,106455.93,0.0042927078902721405,low,0.010731769725680351,False,0
08703bbad1e84e6f7fd04b74f1baac81dfbc5003,234,CASH_OUT,250640.98,3.0985134799266235e-06,low,7.746283699816559e-06,False,0
d16602380cf7a2e0d73a945b0c7a431bfbb7a65d,135,PAYMENT,27514.29,5.9430632973089814e-05,low,0.00014857658243272454,False,0
35f0badeaa3782ca48bab7a5069f2686f702fa3a,306,PAYMENT,20856.04,3.4794527891790497e-06,low,8.698631972947624e-06,False,0
07f4341f71add4f4b52e8c836b38c068e3c19268,17,PAYMENT,8259.09,1.0172573092859239e-05,low,2.5431432732148096e-05,False,0
62b2961b4eddbd826c1ecca9689a22dc2d8003cb,691,PAYMENT,14748.64,2.16390733839944e-05,low,5.4097683459986e-05,False,0
205ddcf1a97192ec6aa129167ac1b82368023c8b,307,CASH_OUT,162980.94,9.311557369073854e-06,low,2.3278893422684632e-05,False,0
e5cd929e8ff385df92ab500d322af8dcd84ac438,137,CASH_IN,405340.0,1.383148537570378e-06,low,3.4578713439259445e-06,False,0
861c047c7f1b7c9edcd6829639a215139965a03b,308,CASH_IN,116490.34,6.252748426049948e-06,low,1.563187106512487e-05,False,0
d23df4a972e399c2d7050f248399fad4e1598bcb,257,CASH_OUT,112585.05,0.0003112263977527619,low,0.0007780659943819046,False,0
544fe5587cd5a2fdacf17972ebbae2a1c9a2f9e8,162,CASH_OUT,11257.22,0.0008364461362361909,low,0.002091115340590477,False,0
60b97c1f6024615cf522c8b8c84303ffc4cb8eb8,202,CASH_OUT,43875.65,0.0003421013476327062,low,0.0008552533690817654,False,0
25c8355de577e6b8d21a0a0fccf78677dc0cc584,403,PAYMENT,12823.85,2.0308389503043147e-05,low,5.077097375760786e-05,False,0
6e2e6aa185568c2bd74dce36923bff0dd650649a,396,CASH_OUT,1833.92,0.0002975192852318287,low,0.0007437982130795717,False,0
1d835d4ceb21d491a3520b72d3aa8a8594718015,351,PAYMENT,9795.53,1.0146074782824145e-05,low,2.536518695706036e-05,False,0
2781e1b56b707995b4d1964291af128a279faad1,179,PAYMENT,7735.25,5.47230702068191e-06,low,1.3680767551704776e-05,False,0
8a5cfb0878bc477ba0618ff271607eeb044aa62f,279,CASH_OUT,236832.52,0.00022665855940431359,low,0.0005666463985107839,False,0
5864452ceb012fda2e407c717eb2602984ae2637,259,PAYMENT,5513.18,1.6959231288637966e-05,low,4.2398078221594915e-05,False,0
6d8191eaee8a9ceb0e52d71a9df31fb8bb0432c2,12,CASH_OUT,53518.55,0.00029715884011238813,low,0.0007428971002809703,False,0
1b1758b86199b3ae7ff40b4f7583deda84ace45e,19,CASH_OUT,29315.37,0.0007960868999361992,low,0.001990217249840498,False,0
9c9e59f5bf2dd1bace80b9672efb3f5ab6a508d3,275,CASH_IN,171359.02,5.113116640131921e-06,low,1.2782791600329801e-05,False,0
cd0aaa1b905991cd05573aa093c3d3e9bb5753ab,397,CASH_IN,173628.02,1.3346541891223751e-06,low,3.3366354728059378e-06,False,0
98f20d0071823607e4599a6193f8c00280a09c3b,283,CASH_OUT,250827.53,0.2104391364753246,low,0.0010978411883115768,False,0
561b6f95129e43c9d406301046ec3f2bcb3ac869,355,CASH_IN,331286.12,9.54309361986816e-06,low,2.3857734049670398e-05,False,0
c6bd2302b7cda5157e52f14fd946175aedf2ca03,403,CASH_IN,176491.77,8.153534872690216e-06,low,2.038383718172554e-05,False,0
2bf14a8a14525e8b13f1df193d1791d47192d677,19,PAYMENT,20444.97,9.43365230341442e-06,low,2.3584130758536048e-05,False,0
6c65b9b8a1041e781332f7cbb4fc80632b76245e,226,CASH_OUT,115268.12,0.00021568522788584232,low,0.0005392130697146058,False,0
68255df0ea3d805935239e97f13e493b90055d9c,258,CASH_IN,210591.31,1.1210448428755626e-05,low,2.8026121071889065e-05,False,0
08db57228d1c9135d8e2cfe2ed0717cc3b6f2adf,134,CASH_OUT,57288.65,0.00014490286121144892,low,0.00036225715302862227,False,0
cc834ac34558d158c1a42a543d5bdee572c7841c,404,CASH_OUT,58015.56,0.0007849416695535184,low,0.0019623541738837957,False,0
4d40b29efcde1cd7f0eb8147cf5a751f2c9220fd,206,CASH_OUT,106725.81,8.715178119018675e-05,low,0.00021787945297546685,False,0
2aeab448670cc87dff35f940236181cc20dc2b22,307,CASH_OUT,162651.25,2.2965847165323795e-06,low,5.7414617913309485e-06,False,0
df73a8ed99aebe1faf7006d673bf10ea6d3bc70d,186,CASH_OUT,199014.39,0.00021709001157432795,low,0.0005427250289358199,False,0
638a0b504005d4737ffa177e3cbafd2924b2d803,331,PAYMENT,4669.68,1.3725199096370488e-05,low,3.431299774092622e-05,False,0
50349509a7c33f4415b8bd04993069aad020d440,231,CASH_IN,307969.8,3.3577662179595795e-07,low,8.394415544898948e-07,False,0
34cd988545584d8c35b3055958cdda800152a4be,159,PAYMENT,4258.67,7.321875273191836e-07,low,1.830468818297959e-06,False,0
3ee854843f61ec9d6565d6e52e0eedcd397f0fa3,11,PAYMENT,54352.1,2.308994771738071e-06,low,5.7724869293451775e-06,False,0
58c5fe6059d107bf505c0d60b8c0eff8e8f8c316,10,TRANSFER,1180169.5,0.09023447351995857,low,0.0005861837998963892,False,0
795ab5e4f76fe07c61570ef5cf5ae3daae293031,287,PAYMENT,3418.86,2.6796467136591676e-05,low,6.699116784147918e-05,False,0
5f5b770edaa52aa8706f82b11b74836a7631d5e5,282,CASH_OUT,6137.29,6.848258781246842e-05,low,0.00017120646953117102,False,0
84691681b3c85bf06b9e65df77758ffd5801ff5d,8,PAYMENT,26233.49,2.3207614503917286e-06,low,5.801903625979321e-06,False,0
fb020f41875e1d0fc2f559bd894d0f6b4b36c4d0,354,PAYMENT,17686.66,3.6208493838785216e-06,low,9.052123459696304e-06,False,0
3e56f4af5cd8b0f3d1728e1a690ed98fcfc12a93,9,PAYMENT,6657.26,8.7047548731789e-06,low,2.1761887182947248e-05,False,0
112b64692152e77bebb7cf6957288a0c3dd0aceb,466,CASH_OUT,212407.86,0.00014141668798401953,low,0.0003535417199600488,False,0
2b7b56c5caa70f1a52a20fbe5a101affd4e6ff2a,209,CASH_OUT,63639.3,0.0002132010878995061,low,0.0005330027197487652,False,0
4c4ef05cc19e8792bf3c49221cee6d84f8f30a16,15,CASH_OUT,825444.94,0.001053232979029417,low,0.0026330824475735426,False,0
8dbcefdaf7b15a1b405d8f877df3928844c08e4a,159,CASH_IN,255597.55,6.526886863866821e-06,low,1.6317217159667052e-05,False,0
0eb6116cb13ee5fe6d601fb56c5e9c9e5b3de4b4,17,PAYMENT,13030.33,1.3627031876239926e-05,low,3.4067579690599814e-05,False,0
e0b6021491028f5ea4e271f9b889c56878f14b2f,281,CASH_OUT,127750.83,0.00024016981478780508,low,0.0006004245369695127,False,0
390eed9c0a507a31d59405ae6aa72b899031d3fc,43,CASH_OUT,102458.51,0.0004446681123226881,low,0.0011116702808067203,False,0
b3aa215683b30c4ec54e7ce22d0a9f90eb8e9d1e,355,PAYMENT,38655.41,5.036207148805261e-05,low,0.00012590517872013152,False,0
baf4e6e9d4efff58a5637a5295bfe1804f134eba,303,CASH_OUT,380212.88,0.0011849867179989815,low,0.0029624667949974537,False,0
3220a980779ef685722f25c5e65ed85e26af5a9d,187,CASH_IN,426005.12,3.336917643537163e-07,low,8.342294108842907e-07,False,0
4036d19c9c78e11ed5b8133be82cca767afcc6aa,43,PAYMENT,9803.81,5.854904156876728e-06,low,1.463726039219182e-05,False,0
c034d07ac6fc473926f7e933151f6dffefceae16,17,CASH_OUT,346855.78,0.00018769282614812256,low,0.00046923206537030637,False,0
790fe6019568df3d52554840c0690de8d6ab92dc,334,PAYMENT,9168.96,1.891358078864869e-06,low,4.728395197162172e-06,False,0
4997047b559fd11b6435e7fd924cc25d52022f1d,137,CASH_IN,278543.34,5.956588574917987e-06,low,1.4891471437294967e-05,False,0
f11cd4f5d5ff0e4c2e68a232c081fb250e4bdd30,279,CASH_OUT,66862.91,0.00026647704653441905,low,0.0006661926163360476,False,0
10b08e6fd0bbdff23e6b460f1c5f2b2a2dd5875d,377,TRANSFER,994920.7,0.09007418742752635,low,0.00018546856881584972,False,0
bf17d7bda663b38e4830999dbad642a5b49f0a4e,253,CASH_OUT,78107.06,0.0004843693692237139,low,0.0012109234230592847,False,0
d554bd4c2289d9d1af41625a5f78f255ee31f33d,12,CASH_IN,257154.7,4.439416807144881e-06,low,1.10985420178622e-05,False,0
8093c0382931b454026871c47a0a5e2f647eebe6,256,CASH_OUT,264215.38,3.5692482924787328e-06,low,8.923120731196832e-06,False,0
1b54cd6145e23385a54744fb50417a7d628639f2,13,TRANSFER,377328.1,0.0900913959578611,low,0.00022848989465273917,False,0
846744358a0b979efdcac9a7ea52f6558559701a,214,TRANSFER,260081.06,0.2810692948698998,low,0.031423237174749374,True,0
0d560ecce13ddf77a69ed8f64124b04493571601,39,CASH_OUT,167001.4,2.159364084945992e-05,low,5.398410212364979e-05,False,0
ced854d689a9693639fc2c5e45c984e0112e5cad,379,PAYMENT,6713.93,3.758485763682984e-06,low,9.39621440920746e-06,False,0
ba71823a3af94976736932de86ebc325e349e959,323,CASH_IN,5914.95,5.32772037331597e-07,low,1.3319300933289924e-06,False,0
a4efcf18aaa98e9ed19953222cff2115bfb64af8,136,CASH_OUT,43966.9,0.0005417534150183201,low,0.0013543835375458002,False,0
59ef80a9bb10c2a22c7acdb5e7fbd058b4fb3e64,179,CASH_OUT,388348.3,0.25039301574230194,low,0.10098253935575485,True,0
d7a7dea70f3ada873de5e0055bb28add38afd153,42,CASH_OUT,108042.05,4.912667209282518e-05,low,0.00012281668023206294,False,0
deb9b21f29233f17bbb7c763db31a66d16e7e1d8,380,CASH_OUT,42695.06,0.11865609884262085,low,0.2966402471065521,False,0
1efd44a35e016543cba15b0fe325847e948aee18,280,DEBIT,3678.19,1.7340664271614516e-06,low,4.3351660679036286e-06,False,0
471f7dc3989f064e64105c657f5c23fc805a66ef,311,PAYMENT,37642.29,8.228770457208157e-05,low,0.00020571926143020391,False,0
8e5452483c5f72c91a4d142f7fae1f24e6c98236,259,PAYMENT,3217.06,1.8483467283658686e-05,low,4.620866820914671e-05,False,0
7d6406b1c21a306f5501bb49da151a718ebda58d,11,PAYMENT,3140.37,5.791484727524221e-05,low,0.00014478711818810552,False,0
5fe41186894218879bfc7f8fa0530d6ac66ad95f,41,PAYMENT,4275.79,1.3440434122458102e-05,low,3.360108530614525e-05,False,0
14c606daa2d1d52554c9ce938eccdde581e3976d,168,TRANSFER,226779.44,0.2823784497976303,low,0.034696124494075775,True,0
a9c337c1c004c51ce9840ff1fadaf851e59f5ebd,140,PAYMENT,700.13,2.4229142582044005e-05,low,6.0572856455110013e-05,False,0
b387025ea6c50ef35a3e0ca4e50f8c2e528b6f71,347,CASH_OUT,9757.19,0.00022581457160413267,low,0.0005645364290103316,False,0
51f75c7c1b22a7a269fa49c80d1590c6bbfaa6f5,134,CASH_OUT,300105.4,0.00024719848297536376,low,0.0006179962074384093,False,0
44120d94f8a000f22d741ca1dce30ab7d09a93cb,157,CASH_IN,32307.61,1.6863086784724146e-06,low,4.2157716961810365e-06,False,0
c89ec0c3ab4f04894ce5fc9946d67ec0a9f2e119,326,CASH_OUT,18600.02,3.4179416252300145e-05,low,8.544854063075036e-05,False,0
335607c5026e4396d2398571f57716280489b7ab,260,CASH_IN,251776.19,8.81974192452617e-06,low,2.2049354811315425e-05,False,0
95487a5cebed2739d1ea6971f35b3f9cd6d227f6,282,PAYMENT,7128.25,4.690440619015135e-06,low,1.1726101547537837e-05,False,0
429aecd532a08e4550cd0bc3d61af8590516dd7b,348,CASH_OUT,224874.89,0.2535209482908249,low,0.10880237072706223,True,0
7ef428e27db96d314d6104fc41cb0008bc1ba982,400,PAYMENT,38926.41,4.9317278899252416e-05,low,0.00012329319724813104,False,0
8ddbf38e50b9e10720c8b16e89eb2e485d596dcd,16,CASH_IN,80674.93,2.128307278326247e-06,low,5.320768195815617e-06,False,0
9be837066ef83eca74e53200ae105cd473362c62,95,PAYMENT,4737.53,2.7224523364566267e-05,low,6.806130841141567e-05,False,0
277c8a25534a31d28298e83b0824a2a041cac1bb,33,CASH_IN,131229.77,5.981629874440842e-06,low,1.4954074686102103e-05,False,0
4a06b9408c5ced62f8756b59dabbe74001304cc5,252,PAYMENT,14380.81,3.7547633837675676e-06,low,9.386908459418919e-06,False,0
8933cc0349965f7f9713cc4444684640bf8c310b,276,CASH_OUT,73114.95,0.00021486857440322638,low,0.0005371714360080659,False,0
e938ac31d18db653b67b7604fb3106bf1d1107bf,138,PAYMENT,37082.89,5.119917332194746e-05,low,0.00012799793330486864,False,0
c425c60c10e1b9cfe81a2c05548ab4df622d7c27,304,CASH_OUT,45322.15,0.0022069714963436128,low,0.005517428740859032,False,0
8a233e9427453590ddaa56de30131eda36047c5a,136,CASH_OUT,72286.76,0.000127149629406631,low,0.0003178740735165775,False,0
3dc7ffcb2a573fd00191f2d3fcd27895d574a4e6,356,CASH_IN,139149.1,1.5545352653134615e-06,low,3.8863381632836536e-06,False,0
5284df17ae4b40711999cc4db9de4c66638187de,5,PAYMENT,4408.24,8.68620481924154e-06,low,2.1715512048103847e-05,False,0
a52b5a4bdaf48cd61197dd2fe9588a84b870a8ca,9,CASH_IN,3936.74,3.1175597996480066e-07,low,7.793899499120016e-07,False,0
678bad9fb21a01e2b982ea41f8d97ea68bdffd3e,137,TRANSFER,276138.62,0.27604975005984306,low,0.01887437514960766,True,0
66bab1105279c7ba7a5ebfe345824e4f8271c44b,187,CASH_OUT,342027.3,0.00035741417668759827,low,0.0008935354417189956,False,0
943a03a27679871e087e596515315da1e13e3211,323,CASH_OUT,224687.1,0.00013493128353729846,low,0.0003373282088432461,False,0
0762d630b67d7ac38250b109d2b1775924699e70,33,CASH_IN,66954.55,1.2518277799244972e-06,low,3.1295694498112425e-06,False,0
71bdc57184c3b0144733e41f1fdd2f7b40a9f65d,399,CASH_OUT,348252.56,1.3785474038741087e-06,low,3.4463685096852714e-06,False,0
2aee6ad6e0deab32ece9e771da1a192cbdbc73dc,331,CASH_OUT,70874.53,0.00032407233957201245,low,0.0008101808489300311,False,0
f225fa0109192f3bf6a7d1680cf6495a29627740,12,CASH_OUT,357699.9,0.21006247563287614,low,0.0001561890821903944,False,0
061ec2be87990548ec033e90bf958774be3bc567,331,CASH_OUT,123690.17,0.00024501308798789977,low,0.0006125327199697495,False,0
db6ed1ea69ac0ae16f1fd1ccecf204c341327235,587,PAYMENT,4039.18,3.540118268574588e-06,low,8.85029567143647e-06,False,0
fc8acc97587c8e7a150349b80ce78fc210c37c8f,159,CASH_IN,162054.36,4.289454955141992e-06,low,1.0723637387854978e-05,False,0
7eabbb71d24a049a0f9e9764a69ef9a7a07d4a82,307,PAYMENT,9710.14,2.028518356382847e-05,low,5.071295890957117e-05,False,0
b064ababfa77f381a00d42988f7f075ff4915b5c,353,CASH_OUT,63584.14,0.00024825800210237503,low,0.0006206450052559376,False,0
e7e1dbc4b5345680ea2427bb9deefd36a3f77c71,280,PAYMENT,3804.32,4.52096137451008e-06,low,1.1302403436275199e-05,False,0
af556c0d6c04e8f89560d849f9953d4e0a97a385,10,TRANSFER,167475.28,0.09011266379151495,low,0.0002816594787873328,False,0
fe5fac01bed92a44743260a08cbbeb94dc744437,254,CASH_OUT,301656.22,2.2047912352718414e-06,low,5.511978088179603e-06,False,0
823dd3a612ab2026181b475aa78cbd0b885b6a8c,186,CASH_IN,59607.24,1.6465575754409658e-06,low,4.116393938602414e-06,False,0
41114fefda58440313d53ee36208e1a089970282,379,CASH_OUT,83306.84,7.746380870230496e-05,low,0.0001936595217557624,False,0
a7c8adb311340008986fe838a66467df9d4a7f6a,347,CASH_IN,19669.57,1.1098659888375552e-05,low,2.7746649720938876e-05,False,0
93cca6a43ab4d736a9ec74f3bd7345608edc43cc,132,PAYMENT,44360.11,5.911689368076623e-06,low,1.4779223420191556e-05,False,0
3b668f624a92056a26fcceffd2c8cfacb530a574,373,PAYMENT,3096.13,3.432834637351334e-06,low,8.582086593378335e-06,False,0
479d34da2e134a2a061901d5271f7da81fba88d9,307,PAYMENT,6496.11,1.0952259617624805e-05,low,2.738064904406201e-05,False,0
57754dc5d6406fd7442585524a2497eed6d6506f,351,CASH_OUT,126743.07,4.631232586689294e-05,low,0.00011578081466723233,False,0
ccb7737bf216b29cb1252faa868e76637918070c,46,CASH_OUT,162411.48,0.0008143885992467404,low,0.002035971498116851,False,0
b326fc1fb7ac2d8c0dd35169ca33e096f287acab,378,CASH_IN,189143.95,7.123882824089378e-06,low,1.7809707060223445e-05,False,0
1939f9c1bbab5ee57cfeec8ab469c07656581d50,587,CASH_IN,406503.53,5.492132549989038e-06,low,1.3730331374972593e-05,False,0
fbbd6c75928dab94a87584797db5fc7a4b1f9a3f,39,CASH_OUT,31738.18,0.002028180658817291,low,0.005070451647043228,False,0
15b5c42fac71e3cb00ce9b2a23b4b589b556da64,44,CASH_OUT,340271.7,0.0004920238163322211,low,0.0012300595408305526,False,0
4737f0216d707f72ea47ab7ac9f836dca4804a26,327,CASH_IN,131301.88,3.1701383704785258e-06,low,7.925345926196314e-06,False,0
0032e68ad9a1121f9b4e11bff22f47ad954420eb,255,PAYMENT,7490.73,3.8756912545068195e-06,low,9.689228136267047e-06,False,0
b51e526e8d66e3345cb5dcaca9f3c1c8aa1a0c5a,356,CASH_OUT,141562.81,0.0006084667053073645,low,0.0015211667632684112,False,0
3124490a60038be95d7281b2745c9ec4559ebd53,403,CASH_IN,21730.9,5.078777758171782e-06,low,1.2696944395429455e-05,False,0
9838a8394d497ce1f4a2704a7e095598a035b3c4,186,PAYMENT,6657.39,9.396077075507492e-06,low,2.349019268876873e-05,False,0
e21a2f3fca2aabe6b1046d6373bfa5f247c1c0e9,11,PAYMENT,22812.11,2.3034044716041535e-05,low,5.758511179010384e-05,False,0
a355891f2922e4ae3429cb5deb747dc82e8b4512,16,PAYMENT,18316.35,1.6989243158604952e-05,low,4.2473107896512374e-05,False,0
34b867ae9750bd75e5f1b9e469385c27e1b08930,279,PAYMENT,6026.53,5.795071501779604e-07,low,1.4487678754449007e-06,False,0
9af4bd941b6100a8f8f9d25c2af10adc35b9fe01,379,CASH_OUT,398628.2,0.0006301309913396835,low,0.0015753274783492088,False,0
2d8cac4424d16608051ee4e451f60a51dba7c983,211,CASH_OUT,261906.7,0.0003400432877242565,low,0.0008501082193106413,False,0
07c4f4d38d6989d086ce0f415fecff022553b102,139,CASH_OUT,221362.61,1.9570268341340126e-05,low,4.892567085335031e-05,False,0
8fa7da090ac2a895c1d99d1a1803e88d4ce057ac,45,PAYMENT,8494.91,1.8774826457956806e-06,low,4.6937066144892015e-06,False,0
232b3f0cccc552c32154d3d1069a6871c2e91110,299,PAYMENT,11719.83,8.82675958564505e-06,low,2.2066898964112625e-05,False,0
3dd05b906ec60ef28b384eb337527cf775ab31b5,396,PAYMENT,20407.0,2.8592732633114794e-06,low,7.148183158278698e-06,False,0
4e12ae5eec5ed3390f34ca796c034ece839b274e,163,TRANSFER,49710.68,8.134542731568218e-05,low,0.00020336356828920543,False,0
8478f16441393d6177c75461c06150775ea183d7,38,PAYMENT,5960.59,1.7743084754329175e-06,low,4.435771188582294e-06,False,0
5b171dca393ca13e2d1e9be648b53c18dbc4a023,372,CASH_IN,52688.42,1.7876547644846143e-06,low,4.469136911211535e-06,False,0
00bfcd1a6d9398dbc3fcf19b1c80a80b844bb743,211,PAYMENT,3481.08,4.986759449820966e-07,low,1.2466898624552414e-06,False,0
908352c0ff35dfec5a48785442043a6b84a281ec,376,CASH_OUT,155619.27,6.616644532186911e-06,low,1.6541611330467276e-05,False,0
750b12c396334a2e40dd56677fdf5285083d43e0,227,PAYMENT,30058.87,5.480240361066535e-06,low,1.3700600902666338e-05,False,0
0fbf6bb0fefb94fa555c9d3f3f0c59894c5fd086,252,CASH_OUT,47100.38,0.0007887432351708413,low,0.001971858087927103,False,0
1960b48966e611f515e21ded405d24c93328378e,212,CASH_OUT,96824.15,0.00018930716905742886,low,0.0004732679226435721,False,0
facd2d62e2a6a6c63308a78c270322c99e9933e7,373,CASH_OUT,256049.58,0.21031438707374037,low,0.0007859676843509078,False,0
c362d4b0a0a42e07614275414b37f02c3116d97e,38,CASH_OUT,306345.62,1.3544817193178461e-06,low,3.386204298294615e-06,False,0
ae66eb40c9ca2c46ad7321225d26e0c6d3df6128,251,CASH_IN,373948.97,1.1727981473086402e-05,low,2.9319953682716005e-05,False,0
0bec53fdbd29d57c99996f0bddd14a78fe80da14,10,PAYMENT,2892.17,8.481457916786894e-06,low,2.1203644791967236e-05,False,0
b2698e84e576937fb4b00dc164ec338e8ff7fa27,42,CASH_OUT,130745.77,8.409310976276175e-06,low,2.1023277440690435e-05,False,0
c8249ffee52a24b2b766ac49d9f4851e27948409,396,CASH_OUT,229763.83,0.0010186402127146722,low,0.0025466005317866802,False,0
68c53ea64cd4bcdcc814d3da22f2ada3923af3b1,255,CASH_OUT,12482.03,0.00016977782361209394,low,0.0004244445590302348,False,0
91f364be5145c61e260c7bf9a81681248e854ae2,327,CASH_OUT,153592.53,6.164381193229929e-06,low,1.541095298307482e-05,False,0
2024d6154995d83f20d4340fccd180e4edac23bd,232,PAYMENT,3788.2,1.3440434122458102e-05,low,3.360108530614525e-05,False,0
59aafc0a60baa71c89dfcd97506d3e5fab980ad6,333,CASH_OUT,347796.16,0.0005134143400937319,low,0.0012835358502343297,False,0
e2ad9859b7a1ed7a1e325425360428104b0cf90b,330,CASH_OUT,56717.15,0.000266664638184011,low,0.0006666615954600275,False,0
476c0ec4eab9d86ad6c300b2c0bd43e63e8e461f,334,TRANSFER,709559.44,0.09038961642421783,low,0.0009740410605445504,False,0
1c6073220e16e1cb27c8d702b3502e878ff30f5d,259,CASH_OUT,63056.82,0.2798587477207184,low,0.17464686930179596,True,0
dcf48ff6018b593f5d916a28316506a4db1742c2,332,TRANSFER,225583.83,0.27013031816482547,low,0.004075795412063599,True,0
b8f460ae3d1e17a6e67556b44c409d7d075793fd,133,CASH_OUT,354490.0,9.64934952207841e-06,low,2.4123373805196024e-05,False,0
625e549b75995153988de4447c54fcfe1cb3fd3e,230,CASH_OUT,297772.6,2.637646866787691e-06,low,6.594117166969227e-06,False,0
eaf56221b6f58891cc50d82427955a9a715ff250,380,CASH_IN,151680.25,9.110835526371374e-06,low,2.2777088815928437e-05,False,0
c6814afc31bc039ec645d4ba50e9c7404f079ace,331,PAYMENT,17.81,1.7324311193078758e-05,low,4.331077798269689e-05,False,0
7e4879bedcd1879da1c7ce3f5ece567d66cfdb33,299,CASH_IN,436713.1,4.112254464416765e-06,low,1.0280636161041912e-05,False,0
5274069b07aa9c869b8a9f6f7f8bd75a414d182e,326,CASH_OUT,162136.7,0.0002792959799990058,low,0.0006982399499975145,False,0
e6214c98da7d3c76150a8c2b292d3db879a8d6a8,230,CASH_OUT,115565.87,0.0005241768900305033,low,0.0013104422250762582,False,0
86b537ff505a9496840bfd660a6940bb0e09c140,688,PAYMENT,8879.45,9.364789548271801e-07,low,2.3411973870679503e-06,False,0
f0c4c208ef7629d6d80d1831a6932f538a9973e7,212,PAYMENT,6095.41,1.1424589501984884e-06,low,2.8561473754962208e-06,False,0
2bc5ac38b641a774ac2af76b70e8ad721f2e8b1a,181,TRANSFER,368308.72,0.09004274141101633,low,0.00010685352754080668,False,0
646b75651a89d750fdc3907260848fc70557152f,38,CASH_OUT,314116.8,2.8935401132912375e-06,low,7.233850283228094e-06,False,0
77726fde523a3730b239ee34b06c3b6c69fad76b,369,CASH_IN,166468.2,1.024609628075268e-06,low,2.5615240701881703e-06,False,0
863d353f0a58baa98be2b8903f396574c6a3a1c2,12,PAYMENT,13400.78,7.70965125411749e-06,low,1.9274128135293722e-05,False,0
50cf84d67db7841e14e2dbb2f9aea7963825533f,234,PAYMENT,3288.61,1.1225222260691226e-05,low,2.8063055651728064e-05,False,0
95f633a67a51431156ec0a6713e6307ca7e47397,177,CASH_OUT,239735.62,0.21036189712118356,low,0.0009047428029589355,False,0
d2fdb47029a1da1b8c1005b3c70cdc22b88dbc34,19,CASH_IN,137218.19,6.609789579670178e-07,low,1.6524473949175444e-06,False,0
44e652ecc98bd06060819e8d496feb9a197c6c4a,300,PAYMENT,33137.22,6.055115372873843e-05,low,0.00015137788432184607,False,0
f2794d490ddc92a45ea2a81600dfd273f7334c55,356,CASH_OUT,105765.71,0.0015748344361782075,low,0.0039370860904455185,False,0
df326e574d85835bcdaaebf1ebff97bea57d745c,230,PAYMENT,5964.11,1.0747006308520213e-05,low,2.6867515771300532e-05,False,0
12b3018684c84536eb6bb79e421916ed274b3de6,351,PAYMENT,6582.08,8.682634506840258e-06,low,2.1706586267100647e-05,False,0
6cd158ac09437833a14b005e6fedc001bf64ded1,276,CASH_OUT,26040.52,1.3068289263173938e-05,low,3.2670723157934844e-05,False,0
1a452ca27f1ecca85d42060c0483e1a00e698eec,357,CASH_IN,240115.16,8.864399569574744e-06,low,2.216099892393686e-05,False,0
3ec2618dcea3abf09f548de8ea4e914113480ebc,359,PAYMENT,3110.09,7.902651850599795e-06,low,1.975662962649949e-05,False,0
79bece25c078f978529d1e58b256018fdf866f7c,275,CASH_OUT,310118.0,1.8173457647208124e-05,low,4.543364411802031e-05,False,0
2ad09ba11d8c1ecf5d30145e065e28cdded442da,375,TRANSFER,360613.94,0.09000061206342254,low,1.53015855630656e-06,False,0
78745d6991130af1c9b2c2be9ff3d14f4c260a12,306,PAYMENT,1341.78,4.068409907631576e-06,low,1.017102476907894e-05,False,0
d58a2bf8ae78c3d4c7e712a05ce7fc84ff19a810,379,CASH_OUT,270340.75,1.9318185513839127e-05,low,4.8295463784597814e-05,False,0
08ba516b88581f8334e0c00cc07c262badbca19d,137,CASH_OUT,5757.29,0.00021174545399844648,low,0.0005293636349961162,False,0
762b40d1ca301d1ec540099e394793c4c7175394,279,CASH_OUT,133786.11,0.0002079395577311516,low,0.000519848894327879,False,0
56356480b75acdc72806e1b905823d0a1364c3d9,205,PAYMENT,967.27,6.047694569133455e-07,low,1.5119236422833637e-06,False,0
40bd86caf357e26d7cbd547b751b07129c0c6807,20,PAYMENT,180.16,7.859915967856068e-07,low,1.964978991964017e-06,False,0
c35ab32b7574d68e7d39c12f96f2fd498c56abae,307,PAYMENT,9703.36,9.840684651862831e-06,low,2.4601711629657075e-05,False,0
c63ef51dd01eaa79f69b0b21d1a54d94a987b2ef,178,PAYMENT,26902.14,4.152534529566765e-06,low,1.0381336323916912e-05,False,0
c2e1877a476168973ef9eb13eeb32b16989a4e63,183,CASH_OUT,196693.23,7.20215670298785e-05,low,0.00018005391757469624,False,0
75b08506a68941f258e0dc3af7414de5d2e6bc14,163,PAYMENT,92.47,2.297853097843472e-06,low,5.74463274460868e-06,False,0
42a2a1f7e9f5f98389680ac9f44c269ad6f994ca,378,PAYMENT,6349.59,8.79147628438659e-06,low,2.1978690710966475e-05,False,0
4272ad3b5a5df82e860d220b75683ce90b3d6d2a,401,PAYMENT,59036.84,0.00011039114324375988,low,0.0002759778581093997,False,0
70438b23ec9b32d7c01b5b6c1f780f376e39c4d0,302,CASH_OUT,123309.62,0.00045969812199473384,low,0.0011492453049868345,False,0
4eb1a70e6f8931fcf29132cfc44a862f49cb7714,301,PAYMENT,24821.54,6.853765225969256e-05,low,0.00017134413064923137,False,0
d3e286b6d56312804a1098e300ad23e510426aa5,353,TRANSFER,274403.62,0.090156968832016,low,0.00039242208003997803,False,0
34ebbf9e3e6e7303e83d5a4935a9ee8283660e10,204,CASH_OUT,188419.95,7.0715264882892375e-06,low,1.7678816220723093e-05,False,0
5c27ca7ec48784332ac851b3cce6c62c5c4f543e,376,PAYMENT,941.19,1.3465849042404444e-05,low,3.366462260601111e-05,False,0
caf5c946545587f798aac6455717e087b3f21ff6,298,PAYMENT,38425.88,1.1251748219365254e-05,low,2.8129370548413135e-05,False,0
e49c44b212a607cbbcda09e6c697abe7332feeee,278,CASH_IN,8906.0,7.380660008493578e-07,low,1.8451650021233945e-06,False,0
c1b30dae3172caa97313e85823eca4cf9b33b12b,11,CASH_OUT,40591.07,0.0004864133894443512,low,0.001216033473610878,False,0
821fe59e6b227b9e3f3329edb6ba414144739a4f,354,PAYMENT,2398.02,1.0761261364677921e-05,low,2.6903153411694802e-05,False,0
56fa838e22f50be2a474b6635e429c5c051e71e3,305,CASH_OUT,319694.06,0.21001604856952324,low,4.012142380815931e-05,False,0
1b624775e5a7229b3ae2693c1025b8f8210600be,514,PAYMENT,21162.64,4.044155866722577e-06,low,1.011038966680644e-05,False,0
acd194e25af5f358aa1d2cb31fa7aa6f20f8af92,335,CASH_OUT,232228.05,0.0013936511240899563,low,0.0034841278102248907,False,0
671882533c7bcf61b01dcd2045b13d6a7a5dd92b,378,CASH_OUT,74577.21,0.00021586096845567227,low,0.0005396524211391807,False,0
dd0bfd62b80da9b3c182fe41390c04eae3786374,210,CASH_IN,114267.25,3.1333220249507576e-06,low,7.833305062376894e-06,False,0
777dc362bc891a45f0506d8a31023360855f1a7f,228,PAYMENT,15558.83,1.8260318029206246e-05,low,4.5650795073015615e-05,False,0
f925623a53211664e00234eea2ed90be38d47232,552,PAYMENT,699.62,1.083268944057636e-06,low,2.70817236014409e-06,False,0
91f428106ea03154109288bce5a5c649fdf2c57e,255,CASH_OUT,32161.61,0.0015590609051287176,low,0.0038976522628217936,False,0
3677e770b297f16384a15e675fa5db750f980c37,10,TRANSFER,1829064.2,0.09024395822547378,low,0.0006098955636844039,False,0
004b89255e178a2bbfdc3e953e0e024e490ae666,329,CASH_OUT,178832.64,8.371415606234223e-06,low,2.0928539015585557e-05,False,0
0b169a7e55f495660e6ea8c6b61c2898da6d2796,259,CASH_OUT,28948.47,0.009302240610122681,low,0.0232556015253067,False,0
6b5b134a5210833c7000037d99f94f99b2ca1543,17,CASH_OUT,314478.12,5.701513146050274e-06,low,1.4253782865125686e-05,False,0
564c1ada1fdd6f54df70ff32b577d1e7ed0f3e74,129,TRANSFER,309293.94,0.0900919353857171,low,0.0002298384642926976,False,0
57a02e4a16a8867fd8c00ee2a73e26c8349abfcf,303,TRANSFER,390620.2,0.09011336868628861,low,0.000283421715721488,False,0
1a14d8efd92ecf3023e20824fc075eb381a0a465,189,PAYMENT,2404.49,4.020038250018842e-06,low,1.0050095625047106e-05,False,0
d19745ea38207dcb6a258139f44142e853d9ad04,238,PAYMENT,7085.76,3.078393638134003e-05,low,7.695984095335007e-05,False,0
1293e7891b7f9765568b3db27a4055d123160edd,254,CASH_IN,16617.12,9.883796337817331e-07,low,2.4709490844543325e-06,False,0
755ce00f5c6604465c5b0939752ee2c6aef94514,324,CASH_OUT,109207.04,0.0012099646963179113,low,0.003024911740794778,False,0
805b03254ad2abd95c42c14807952fd39eb868cd,354,CASH_OUT,54077.74,0.00031673724297434094,low,0.0007918431074358523,False,0
ced786950d4522499db049bbd46ca47bd6df6152,395,PAYMENT,15987.34,1.791982213035226e-05,low,4.479955532588065e-05,False,0
1775868af6703823587a334bdc47b61f0ab008d7,168,PAYMENT,4970.84,1.6482805949635804e-05,low,4.120701487408951e-05,False,0
64dd848b997ffc00e41c9958647fecae06c9e41a,493,CASH_IN,106592.88,4.902526779915206e-06,low,1.2256316949788015e-05,False,0
6ea4ce96718c37101f4773094f75636dc9061268,326,CASH_OUT,132312.08,0.210101019826252,low,0.0002525495656300336,False,0
854542ef66da9eb394282395cf496660627be75a,18,CASH_IN,465316.62,7.138702494557947e-06,low,1.7846756236394867e-05,False,0
2e87dbf047d769c792319471b275a4e3b8afb456,277,CASH_OUT,155962.53,0.0001467608497478068,low,0.00036690212436951697,False,0
fe54b8bdb96f4d6e12042e24bcd40a280c0ca7c1,163,PAYMENT,5349.91,5.054328721598722e-06,low,1.2635821803996805e-05,False,0
102c3dd5ed0923f1e8fa51a378ae0822a5d7821d,14,CASH_OUT,85604.64,0.00039181755855679514,low,0.0009795438963919878,False,0
72839ed206fac2682124e5506069c1b1d0725529,44,PAYMENT,240.18,0.0002221594797447324,low,0.000555398699361831,False,0
69c804f0e8c8c5b76e89df406daf253ebe698d15,346,PAYMENT,4157.51,1.0616101644700394e-05,low,2.6540254111750983e-05,False,0
0b56cb6815cbc19d95c11b6b73cf846f741db78e,235,CASH_OUT,141490.53,2.3715925635769964e-06,low,5.928981408942491e-06,False,0
ced2b2e26576cf20c34286e587a296cb3fb95675,161,CASH_IN,33467.83,2.6843343221116814e-06,low,6.710835805279203e-06,False,0
1c68dd1cda18b62526b5c77660600a288b406fe3,235,CASH_OUT,26879.12,0.0004440657328814268,low,0.001110164332203567,False,0
8bd4e8c8ac41b136a22d9843961e7546b0b79c29,203,PAYMENT,11178.99,8.598570275353268e-06,low,2.149642568838317e-05,False,0
757ad6ddbebe6b6c64530e2275ee525968185e06,369,PAYMENT,20888.87,3.3353990147588775e-06,low,8.338497536897194e-06,False,0
e5bdcc422e84b50b5ed6ee72e4d6b4f26a1a9f86,136,CASH_OUT,38033.19,0.01567719876766205,low,0.03919299691915512,False,0
72351f2c7f2ead9b63012804cad68024add295d8,187,PAYMENT,576.7,1.4181964797899128e-05,low,3.545491199474782e-05,False,0
02c1ce2330e4f6c9b8d66c9f7a91ac0530ca9cf4,280,CASH_OUT,282510.1,3.518295488902368e-06,low,8.795738722255919e-06,False,0
eb4675359cbc23b427827a6abffcd75557ea37f3,34,CASH_OUT,13746.78,0.0003217261750251055,low,0.0008043154375627637,False,0
9ee8267e3ef752803405bd81f8ba2a2e1785d0e4,328,CASH_OUT,239075.8,0.00035625577438622716,low,0.0008906394359655678,False,0
efabfbf3048972348fecb41ae58e8bdbae3201f8,185,PAYMENT,39157.05,4.9317278899252416e-05,low,0.00012329319724813104,False,0
44d2f1a189d1b41ffe801ce87360fe8a7a23ee58,355,PAYMENT,6891.06,1.070028083631769e-05,low,2.675070209079422e-05,False,0
b10aa2e08bd53f5018b3eb9e5a43ee2298ad5c64,350,CASH_OUT,21383.3,0.00013894063886255026,low,0.00034735159715637565,False,0
f15233cebb5bf09f9f7a0310af538e11adaa7191,355,PAYMENT,5213.64,1.6959231288637966e-05,low,4.2398078221594915e-05,False,0
cd4b089bbf0f3ed7424f795f468543820b0085bd,274,CASH_IN,92666.7,1.4616023690905422e-06,low,3.6540059227263555e-06,False,0
3e5b479a43a6a24ef51847c0fd310775f8d29ac3,157,CASH_OUT,122384.24,0.00018954904517158868,low,0.00047387261292897165,False,0
4bbccfa8b6bef7e9717404d9b62da66748c57d55,166,TRANSFER,241220.8,0.09000892945899978,low,2.232364749943372e-05,False,0
676513a381a5a1d5c9151f80a15e12a4cc062607,284,PAYMENT,17461.35,1.594358909642324e-05,low,3.9858972741058096e-05,False,0
c2e80b9e6168dc0be9be44c7a8bbd6eb33ac49b3,281,CASH_IN,197644.14,3.5740136809181423e-06,low,8.935034202295355e-06,False,0
4f98b5cd46fb6344cadf3973398b7f0ed8d7c509,251,TRANSFER,513196.97,0.09035836915485562,low,0.0008959228871390224,False,0
3dc64bac79e5fe78ad1fe257ffe7310adbe5362a,350,TRANSFER,718667.2,0.0900030223529393,low,7.555882348242449e-06,False,0
c98fb773b4c6882a544ef61b252b3bd215bb752e,36,CASH_IN,271315.56,3.560303957783617e-06,low,8.900759894459043e-06,False,0
9e2ba590bcb3bfbdfadd6f2e9638949fa3799270,235,CASH_OUT,41248.18,0.00026384659577161074,low,0.0006596164894290268,False,0
c7be8e510d34dde38bae26ffa443e2bfddf54b1e,252,PAYMENT,46539.98,9.336535003967584e-06,low,2.3341337509918958e-05,False,0
d4ef6e5b109473a7ce717f71c06c3856ff8b3f83,259,CASH_IN,182385.88,7.670891500310973e-06,low,1.917722875077743e-05,False,0
d5c86dfc3d49243e63ceb592ee23483fd53d54e0,522,CASH_OUT,58730.78,4.245086456649006e-05,low,0.00010612716141622514,False,0
e48acf6443c8f157d76c357c6b99cb5a54521172,396,CASH_IN,266602.84,7.515350262110587e-07,low,1.8788375655276468e-06,False,0
90697f1d44ce5f44479bfe622624bd5ae574eb40,183,CASH_IN,418145.1,4.983554845239269e-07,low,1.2458887113098172e-06,False,0
914a8c4982194b9aac4ddde62bb1144b532c7879,96,PAYMENT,14096.76,3.357093664817512e-05,low,8.39273416204378e-05,False,0
35dc23480987e3cdef2b90de1b383f1b0ae0acf6,331,CASH_OUT,164425.3,0.21342077948153018,low,0.008551948703825474,False,0
85574c6eee30da33882309068696d04b31bee3af,312,PAYMENT,10154.17,1.1103613360319287e-05,low,2.7759033400798216e-05,False,0
ba015c85ff9a5121982c18c3a213401e9008eafe,347,PAYMENT,46587.97,1.314136025030166e-05,low,3.285340062575415e-05,False,0
d60504203fd1800f565941b690d13c814f6fc3b8,34,CASH_OUT,151273.7,0.00010063904337584973,low,0.0002515976084396243,False,0
65efe04a413405e0b37fc49fb336c2b7707669ec,347,CASH_OUT,134846.69,8.090594201348722e-06,low,2.0226485503371805e-05,False,0
9a9be1cbc3279e4a0b7dedf3aa01d7aa6b0d7cae,324,PAYMENT,1482.66,3.9276146708289166e-07,low,9.81903667707229e-07,False,0
eae0a80d9daebfce73df77702ab945e1381e4798,402,PAYMENT,1146.13,1.1957565584452823e-05,low,2.9893913961132057e-05,False,0
5c03f64440e880f11e019fd38ca3b4283d9a7032,234,PAYMENT,19704.07,1.9497319590300323e-05,low,4.8743298975750804e-05,False,0
e913d5c3ea56bc6942e899c5ff03993894d0c4b6,400,CASH_IN,249839.98,8.340297790709883e-06,low,2.0850744476774707e-05,False,0
db509f5cc2c19c2dba5bd77b0466f306836a74bf,9,PAYMENT,20525.92,7.958330388646574e-06,low,1.9895825971616432e-05,False,0
b7a3916b377d3344bc13ea8d8c7f14441ec91b9d,404,CASH_OUT,503295.38,0.00043816743418574334,low,0.0010954185854643583,False,0
a88ebf0959f35eea948ea106f3f4850173a0ee9b,163,CASH_OUT,306628.7,0.00039478861726820473,low,0.0009869715431705117,False,0
05d5d2d7197847da19959f78c8cec170d6d95fa9,550,PAYMENT,1889.34,1.0789356019813568e-05,low,2.697339004953392e-05,False,0
861b050daf87dbc0ccd73e3c9035b7cce3f37e37,401,CASH_OUT,32445.01,0.000714662577956915,low,0.0017866564448922873,False,0
824e540959e3873ae45f05d931b26235e01f5c5e,16,PAYMENT,15691.72,1.8780613027047368e-05,low,4.6951532567618415e-05,False,0
9d6d85df177446781ff398a70eaa2b037cd9b129,179,PAYMENT,6951.19,9.694185428088532e-06,low,2.4235463570221327e-05,False,0
17b11e6861f6cbf3ec85f2b76c6418cdce857df8,235,PAYMENT,9516.71,1.942070412042085e-06,low,4.855176030105213e-06,False,0
40dba454a2555efa3dfdd1cd4f71573fe8eb9e27,349,CASH_OUT,55783.36,0.00013043782673776151,low,0.00032609456684440374,False,0
0033d00c994f7cbf62dcb237fbe395040792ea4f,255,PAYMENT,2517.68,7.809102498868015e-07,low,1.9522756247170037e-06,False,0
57c7ceb16fa8479bc32a4dac989c0f1eb6be3b9d,258,CASH_OUT,93502.98,0.2109533019736409,low,0.002383254934102297,False,0
9e4f62713980b6d106f9576ea031abcdc0a185b7,546,PAYMENT,11088.04,1.0034608749265318e-06,low,2.5086521873163292e-06,False,0
e5565e926985f6b5e2c658f51d92bb47f6a67145,469,PAYMENT,5958.8,1.0747006308520213e-05,low,2.6867515771300532e-05,False,0
c5b19a7610ada8cb18b8b2f3a9ae9baa48e296ad,670,PAYMENT,2895.84,3.0672024877276274e-06,low,7.668006219319068e-06,False,0
4ad3fa61f52360a7d7275097e39142be383fd379,202,TRANSFER,281907.66,0.09011442907853053,low,0.0002860726963263005,False,0
da004518046d4b44368c7a855cf546b5a0bbff33,263,DEBIT,2453.85,1.3540213694795966e-05,low,3.3850534236989915e-05,False,0
55f617f314fad7ce341a44fff1d073b3f05dc33a,551,CASH_IN,133728.6,4.3780579289887106e-06,low,1.0945144822471775e-05,False,0
30a6c98a80f441f6bdc6609cc8066995f2621fe9,35,CASH_IN,76053.73,3.4883803891716527e-06,low,8.720950972929131e-06,False,0
182150613d84188600f69e325a0917181a63421a,208,CASH_OUT,70684.93,0.00041654487140476706,low,0.0010413621785119176,False,0
8a87bbb879960b32855f156c00173e01c2de5db6,354,CASH_OUT,275139.88,2.767829937511124e-06,low,6.919574843777809e-06,False,0
e16a0bd3a2c04978d1b8ca3f8936249666249801,132,CASH_OUT,47799.12,0.0002984113059937954,low,0.0007460282649844885,False,0
2fd7f800465386081fb96b909c6c1f0ed2991bb2,308,PAYMENT,4023.6,5.632890406559454e-07,low,1.4082226016398636e-06,False,0
ce1453b14dab6dff9c750363bcd1023027d4fa94,351,CASH_IN,112474.78,2.87358088826295e-06,low,7.183952220657375e-06,False,0
47895404d74c8e21f3b50f1ebf6fe78dcb5a6269,131,PAYMENT,11350.02,8.598570275353268e-06,low,2.149642568838317e-05,False,0
19242e1dc4b232ff12d958bc1784adb8f4e5e777,401,CASH_OUT,284267.56,3.806409949902445e-06,low,9.516024874756113e-06,False,0
16df776967ebc35aa8c8f7316168183ca2c83a97,44,PAYMENT,14501.18,8.629893272882327e-06,low,2.157473318220582e-05,False,0
76c717b086ae0d1bac8343d2f051691c049c857b,23,CASH_OUT,7415.62,0.0001631162245757878,low,0.00040779056143946946,False,0
fa7f845539bcf2f7fe01e5e0e749f47138e78279,322,CASH_OUT,1997.83,0.0002693372778594494,low,0.0006733431946486235,False,0
3acf2bf3d76a6e8a2b944228ecb9ce1715d56780,37,PAYMENT,4481.91,1.470094684918877e-06,low,3.675236712297192e-06,False,0
20e11ebb3bf3838756e6666333658a784d2da809,207,CASH_OUT,107187.88,0.00018774578347802162,low,0.00046936445869505405,False,0
40d2925b7d7d0927e09bf046413609abb4a0201c,154,CASH_OUT,215471.23,0.27728251576423646,low,0.16820628941059113,True,0
51523b9e5de9ea9588d7a26b7f92a825ff8dae8c,44,PAYMENT,12188.35,2.2540072677657008e-05,low,5.635018169414252e-05,False,0
346a96278f851351fc3bdb8af54dc69bca1c3952,322,CASH_IN,104117.63,2.008560477406718e-06,low,5.021401193516795e-06,False,0
8ae625fe5d44fe496ecc7ef80476c578af9907e9,161,CASH_IN,332027.2,9.302903345087543e-06,low,2.3257258362718858e-05,False,0
655a361c2c2ab58f7686cd2a970deedb98f0f747,567,PAYMENT,6210.58,4.321473170421086e-06,low,1.0803682926052716e-05,False,0
dd0f534286b6ee1ea0256f5007830c4244e6eb16,44,PAYMENT,1663.59,7.500843366869959e-07,low,1.8752108417174895e-06,False,0
8023493196707bcf62249c0e61366103d67f7ec8,205,CASH_OUT,503105.3,1.1293491297692526e-06,low,2.8233728244231315e-06,False,0
ca1471eec60155d99022df061fb7a9241731bc89,310,PAYMENT,7348.29,5.18966990057379e-06,low,1.2974174751434475e-05,False,0
6315673e6aca2fff6605b80d08909c1f80594add,18,PAYMENT,18303.85,1.7078158634831199e-06,low,4.269539658707799e-06,False,0
6b7092f8b926acc4bd1f727a2ee9f7db54efb24a,517,CASH_IN,23995.68,3.342147974763066e-05,low,8.355369936907664e-05,False,0
425d0925a4cd901039d5a90485fe255c74b25409,370,TRANSFER,187822.69,0.09018114474369214,low,0.0004528618592303246,False,0
5369237f62561a61714c9eda4951c2814999b623,249,CASH_OUT,27695.35,0.0009693360887467862,low,0.0024233402218669653,False,0
9fee51a3913e90ccb40f4970d2c2070e6b42cb57,300,PAYMENT,4996.12,1.7455902707297355e-05,low,4.363975676824339e-05,False,0
5e223341a8093233481e57cb9d075b7f7a3a1501,139,CASH_OUT,363006.88,0.0004352239891886711,low,0.0010880599729716778,False,0
566ad2bc1ba52abfb5063071858fb19d555fa2bc,373,PAYMENT,33338.81,0.00022400144953280688,low,0.0005600036238320172,False,0
7f14199c74438500e8b9fe37955bbc457d372b71,21,PAYMENT,3880.54,1.8617352907313035e-06,low,4.6543382268282585e-06,False,0
6366c7fb22c83dd225c06687cf55e50774ab202b,260,CASH_OUT,292780.72,0.00016299173003062606,low,0.00040747932507656515,False,0
b93462607bde6dfea2d8051c179b96b9cc1d0c5f,351,CASH_OUT,166114.19,0.00015668865526095033,low,0.0003917216381523758,False,0
95c16fe442c027dee1dc5ef9e5cc0c8fbbaf9f17,42,CASH_OUT,12981.03,0.00022425951901823283,low,0.0005606487975455821,False,0
f89bdc44b814066d5b9a864028d951148f12dff5,203,PAYMENT,11637.77,4.567422001855448e-06,low,1.141855500463862e-05,False,0
80d2517566bf27ae649e3d8ee315732370be6803,142,CASH_OUT,241896.84,0.0006291699595749379,low,0.0015729248989373446,False,0
07e936385c85f80a4f05fb8f8a072634d1c04a13,184,CASH_OUT,138649.36,0.21164408963173628,low,0.004110224079340696,False,0
43a3b53cbc6768abdd024d4ad0656c144c4c4256,355,PAYMENT,7016.18,1.7301796106039547e-06,low,4.325449026509887e-06,False,0
330aab8541621a8e59d720989c4ba723b1eef965,138,CASH_OUT,54960.6,0.0001972111174836755,low,0.0004930277937091887,False,0
3aa9e97202cc6ca51d95dae6768fbc3e44a983f3,323,CASH_IN,44958.81,6.361463601933792e-06,low,1.590365900483448e-05,False,0
09f84370f91643276f4220457f9c4cab26a11d4f,564,PAYMENT,788.33,1.7952146663446912e-06,low,4.488036665861728e-06,False,0
4f6722b93283230d3ba988608cd585b154d8d998,397,PAYMENT,37394.19,6.596420280402527e-06,low,1.6491050701006316e-05,False,0
e448392645f7588e88f62b0562f73eb14b3f38f6,38,CASH_OUT,412029.8,2.682883314264473e-06,low,6.7072082856611814e-06,False,0
ded52a6054d8d1e078b07eb1a7478b63d0e57716,225,CASH_OUT,334757.78,0.0002820063149556518,low,0.0007050157873891294,False,0
8972000919ee055b3e5a8d6ed822abbaf928b7ec,298,PAYMENT,22647.82,9.821015555644409e-06,low,2.455253888911102e-05,False,0
bbf37def24d346aec2ffdde0da3cba3f0c906752,253,PAYMENT,4200.88,5.860843884875067e-07,low,1.4652109712187666e-06,False,0
2245e253ce2c2723663482c49e57d29ca3fde2ae,406,PAYMENT,20015.01,4.403806815389544e-06,low,1.100951703847386e-05,False,0
1b4f22b24e7317ab43b659e8cd24640e962ce75b,184,CASH_IN,402090.0,1.3493555343302433e-06,low,3.373388835825608e-06,False,0
337e8705dc9fb58e3dac8c7efbed0c5a683b9514,36,TRANSFER,1003024.7,0.09026757016312333,low,0.000668925407808274,False,0
0f5284767c2e5419f94677062743fbbd28c938d6,307,PAYMENT,15554.88,1.9178517686668786e-05,low,4.794629421667196e-05,False,0
bb846a18f3d87d396cdf1f15d31ca53897f19d98,347,TRANSFER,1364376.0,0.09000161915450008,low,4.047886250191368e-06,False,0
e1292068a44f0139250b95dfd67b5893e36885c9,232,PAYMENT,30311.88,6.801539711887017e-06,low,1.7003849279717542e-05,False,0
1bfb3c6dc7bbd2ff0a70082eb726ea038766f0f8,17,PAYMENT,10753.19,4.215698936604895e-06,low,1.0539247341512237e-05,False,0
c29631c27b444a356f30a3aabe55b8caeae437e6,228,CASH_OUT,270938.12,1.3038154975220096e-06,low,3.259538743805024e-06,False,0
e61795ae2247c437ab2dacffcba6b074dc0b4a05,16,CASH_OUT,241410.03,6.096651122788899e-06,low,1.5241627806972247e-05,False,0
6a413a35e2ec19b601d0be96d7ebf695d759657c,34,CASH_OUT,242816.23,0.00015102436300367119,low,0.0003775609075091779,False,0
f091a0b4e86a88dfc68972328c86eb76eee09574,379,CASH_IN,969.51,1.0349695003242232e-06,low,2.587423750810558e-06,False,0
94d5b74397f10dd00f37ada4cbf7e3c8e0c4a102,142,PAYMENT,3195.1,2.4231105635408314e-05,low,6.057776408852078e-05,False,0
d2b8e3688bf628d32f600fa84a22768c235d6382,207,CASH_OUT,42120.25,0.0004617670085281134,low,0.0011544175213202834,False,0
ee5c7572138ce73995c87eb727a1dcd5e08fa92f,300,CASH_OUT,350545.3,0.22172203794121742,low,0.029305094853043556,False,0
413278809551e3a4e35251e83f025dac76f482f3,404,CASH_OUT,116742.73,0.0010236655361950397,low,0.0025591638404875994,False,0
0e4783659212e5c4926eea55ac7d17eb44e0fd45,15,CASH_OUT,241188.23,0.00017427273560315372,low,0.00043568183900788426,False,0
ab85aa1db335ea1d2a20e76287257b07f8acec08,378,CASH_OUT,132167.19,0.21071424832567573,low,0.0017856208141893148,False,0
08976745423c2a0505b5f8f57730f26ef00cdb52,305,CASH_OUT,168204.23,6.25635075266473e-06,low,1.5640876881661825e-05,False,0
1df7cdb540ef7c1861dd8a8bc1615a813fe02eb8,306,TRANSFER,916759.0,0.26851008563631334,low,2.521409078326542e-05,True,0
a648a0f9a01cb109a8b12f4682330509ba9c50aa,331,PAYMENT,24613.92,6.6369742853567e-05,low,0.0001659243571339175,False,0
3316f2943dae3a84b2673467835edc60a4a29d3a,345,CASH_OUT,253444.64,2.4758024665061385e-06,low,6.189506166265346e-06,False,0
7cfaa3681f6c5a36e70d66affee80449a2dcf05b,231,CASH_OUT,41883.37,1.9821575551759452e-05,low,4.955393887939863e-05,False,0
9bed49a304d0ace53f0b683b04f9a644fb985b9a,157,CASH_IN,37208.69,1.1928371350222733e-06,low,2.9820928375556832e-06,False,0
a629b8cb97ac4aab99ff5c152380e2d83545e84f,306,TRANSFER,238269.88,0.09006871341029184,low,0.0001717835257295519,False,0
6b0cb36e0fcc263bad7d381e85d29a52e1e1d1d4,132,CASH_IN,292486.72,4.480815186980181e-06,low,1.1202037967450451e-05,False,0
a23c45cb2377afcde5d505283737dca2e55867bc,184,CASH_OUT,237250.0,0.21029660884756593,low,0.0007415221189148724,False,0
177db4a24aa4709d77eb8fb781d4d6e5a7cc9714,162,CASH_IN,183674.16,5.271157715469599e-06,low,1.3177894288673997e-05,False,0
3ae21917bcd4111e1aa9158cef24ee11ada1a208,163,CASH_IN,272318.72,5.032571152696619e-07,low,1.2581427881741547e-06,False,0
915be2cd0e608f47a8851fbf582afd7a021ac3f4,129,CASH_IN,126989.02,1.72369705978781e-05,low,4.3092426494695246e-05,False,0
fcb7d814963c34e8c1c8ed5b26be6ce18049c2a9,282,PAYMENT,948.28,1.6307101759593934e-06,low,4.0767754398984835e-06,False,0
f615690e0b5fe83f83aaeeb5f44b090e0861101a,206,PAYMENT,29140.02,6.563874776475132e-05,low,0.0001640968694118783,False,0
74ea6c17f96fe091b947f912c4b56d12b2536a4c,188,PAYMENT,5422.23,0.00010217309463769198,low,0.00025543273659422994,False,0
0812d01499e7c4e5aa2abb30def9d5a1499d5853,324,CASH_IN,662637.0,6.911544915055856e-07,low,1.727886228763964e-06,False,0
51bce06347833ddb8d3fa4398066a45bc45de732,307,CASH_OUT,277676.88,0.0004750160500407219,low,0.0011875401251018047,False,0
374ff3bb272eb552bd9ad23d7d934c0c91d7ae57,349,CASH_OUT,199305.77,7.955696491990239e-06,low,1.9889241229975596e-05,False,0
141b19ef8a009fb8b7d89dd0a91da2f7df04db48,134,PAYMENT,46584.95,2.8032458430971022e-06,low,7.008114607742755e-06,False,0
efc131ed23f6436d05303e9121f0260791d0903f,305,CASH_OUT,84664.68,0.00037217573262751105,low,0.0009304393315687776,False,0
7a4e49fe5cfc666bbcc0722d1ba16f527f69e8f8,41,CASH_IN,99567.21,4.753765097120777e-06,low,1.1884412742801942e-05,False,0
f8b4a1155340a3fcfc702efac4e1b7e1bb5cc497,353,DEBIT,1098.93,8.817490197543521e-07,low,2.20437254938588e-06,False,0
a1fca63e76d73538e80f268449e2ecdf385b4773,43,CASH_OUT,90401.31,1.6097910702228546e-05,low,4.0244776755571365e-05,False,0
f092c29a07b377efad3665088bdb5a84753f3304,210,CASH_OUT,259373.67,0.2101900830771774,low,0.0004752076929435134,False,0
16aae080fe9653ab6a826d0733be418453fdfebb,213,TRANSFER,535045.2,0.09015868627233432,low,0.0003967156808357686,False,0
4ccd7f2a41c1eb83adb68eab288a44e258b2f909,135,CASH_IN,306646.88,7.65037038945593e-06,low,1.9125925973639823e-05,False,0
82e73a54c43f0f7ed9203d0c400738b112f0a0bd,229,PAYMENT,5674.47,1.4071482291910798e-05,low,3.5178705729776993e-05,False,0
13bbf481c75a8940a2960fa807dee8f683d92918,165,PAYMENT,11423.17,8.219959272537381e-06,low,2.054989818134345e-05,False,0
aaa669e433e105273f6a3a9a6ff8209c149fc964,226,CASH_OUT,73229.27,0.0015740791335701943,low,0.003935197833925486,False,0
30a2077143cf964630a411a673d36300bd93d78b,188,CASH_IN,155421.83,1.876299938885495e-05,low,4.690749847213738e-05,False,0
e32a27630edab06c6dabd61332af67605efc5fcb,398,TRANSFER,339884.66,0.09014988759066911,low,0.0003747189766727388,False,0
65ccfd5d1c48a1979705a46e1920ac386df09acb,690,PAYMENT,11527.04,9.985035831050482e-07,low,2.4962589577626204e-06,False,0
d4caeafe748069018621261cba58c7909b7e2e5d,429,PAYMENT,3471.23,5.10766803927254e-06,low,1.2769170098181348e-05,False,0
77fac5a657611125b6ff1b689145d6563fc30baf,227,CASH_OUT,189597.98,0.0002413512207567692,low,0.000603378051891923,False,0
1da4ec4ebe6cb51a46edadd7d635cd61e1850243,227,CASH_IN,290054.25,1.5707932470832022e-05,low,3.926983117708005e-05,False,0
aa01c1fbdd2ae92283e38f3827abe75ae1de51fe,19,CASH_OUT,191136.16,6.216485780896619e-06,low,1.5541214452241547e-05,False,0
69cee9281d79b91ba815e290fff8d142615d22a6,249,TRANSFER,796392.56,0.26851627542515055,low,4.068856287631206e-05,True,0
a617159d64aa07ceb05dea45b5ff77ecba516e63,42,CASH_OUT,1218.92,0.04351995885372162,low,0.10879989713430405,False,0
0a6099f789d0738ecb6310090fcee3f8d175585a,10,PAYMENT,19228.48,4.263935625203885e-06,low,1.0659839063009713e-05,False,0
ba1f713246f1c7aec321d369ba617498e449b15c,235,PAYMENT,5464.25,6.827141532994574e-07,low,1.7067853832486435e-06,False,0
249713fd01ecc0dd777d4f55481ae689aa7b4ae1,256,CASH_IN,175939.92,4.002563946414739e-06,low,1.0006409866036847e-05,False,0
b4d311779c395f285814929475dcff1ae2d5a450,19,PAYMENT,12140.2,1.2282072566449644e-05,low,3.0705181416124105e-05,False,0
70b057443e175aba679d77b67cbfa8a53fd8ff91,522,PAYMENT,14990.19,2.1998777810949832e-05,low,5.499694452737458e-05,False,0
c3e9698775666a421bc5e66ca8adafd4c6cdf91e,235,PAYMENT,5364.27,3.6625559005187827e-06,low,9.156389751296956e-06,False,0
4e088484d423aadac11148760ec4bef400723f26,131,PAYMENT,15968.41,1.791982213035226e-05,low,4.479955532588065e-05,False,0
c59c856a9467b68e85146c0d41021a070868f7bc,17,CASH_OUT,319934.03,0.00014832047745585444,low,0.00037080119363963604,False,0
5af5c24b1dfd235f561f8bccc68f8d5bef1a9e39,203,CASH_IN,108959.91,5.3545383707387375e-06,low,1.3386345926846843e-05,False,0
50deab7900f6fba2efa557309d83512a419c3b2e,132,CASH_IN,90473.55,6.949934322619811e-06,low,1.7374835806549527e-05,False,0
3148f486f39b27281443efbcbca7d21af319c7a3,323,CASH_OUT,93126.42,0.001366284303367138,low,0.0034157107584178448,False,0
3a98c39da8b49d3bda411cbe031f41f3cc5dc5b9,250,CASH_OUT,219317.66,0.00010731187649071217,low,0.0002682796912267804,False,0
00b22e0b105d5a337ac5106c361c28a5f86c9c61,261,CASH_IN,54151.5,1.1185875337105244e-05,low,2.796468834276311e-05,False,0
dd68b06534349d6e5f6f9efbe8355d0cd6e71070,226,PAYMENT,35.23,1.518046483397484e-05,low,3.7951162084937096e-05,False,0
e2b7a2e38c96b55319de1cfd2532bc35c57cfdbc,369,CASH_IN,49248.24,8.543648873455824e-05,low,0.00021359122183639556,False,0
bd867fa4d86d04b8680273c0621ecd51ae35cb79,350,PAYMENT,85.43,4.7021098907862325e-07,low,1.1755274726965581e-06,False,0
0db269819f6c7c53012e2d73be99eda44e9adc4e,44,CASH_OUT,89117.28,0.0007734603714197874,low,0.0019336509285494685,False,0
1795197c27b240b91fc793e17575402582c0bd15,324,CASH_OUT,259189.53,3.642759838839993e-06,low,9.106899597099982e-06,False,0
5ea39916e268f83d0fd6b84b0796cebae564cf85,130,PAYMENT,16320.9,1.2102899745514152e-06,low,3.0257249363785377e-06,False,0
1c087bc232d25f8bf3720923392a2ce8a4e80cd1,234,CASH_IN,115278.54,3.118449603789486e-06,low,7.796124009473715e-06,False,0
5f9a9f158197255909d0bc0e0f4657671605b670,207,PAYMENT,2767.01,9.180226697935724e-07,low,2.2950566744839307e-06,False,0
4a2397bbfc932d7dce3e2481c147322218022d91,214,CASH_IN,78474.49,1.3362729805521668e-05,low,3.340682451380417e-05,False,0
6be06909471dfdbff71770e3a892b4c965f5744e,691,CASH_IN,198669.42,7.108131831046194e-06,low,1.7770329577615485e-05,False,0
0ae10338f1ba8686d525cb605c0742a20bbad354,232,PAYMENT,18532.42,7.890640699770303e-06,low,1.9726601749425754e-05,False,0
e7e6b81521afd27646903423f0f95620e3919579,36,PAYMENT,15685.55,1.8260318029206246e-05,low,4.5650795073015615e-05,False,0
487fd771637592c2932195f35d1ee17a02936929,586,CASH_OUT,26765.77,0.0005023653153330088,low,0.001255913288332522,False,0
d9a793ff041853439b24ea1b103bd2e8063aa3b1,259,CASH_OUT,19947.44,0.00042475904338061814,low,0.0010618976084515452,False,0
f4354c1c9d6d89e4ff1bdf6344c10bb469328512,14,PAYMENT,6136.5,1.0747006308520213e-05,low,2.6867515771300532e-05,False,0
caabaec66fb1fcbafca50f216c8de8beae9facbe,594,CASH_OUT,72530.22,0.00035175767261534934,low,0.0008793941815383732,False,0
038526dfe5eee00de60bf147db83bbbb1992e807,23,CASH_OUT,247602.7,0.2127145929634571,low,0.006786482408642769,False,0
2425372594b710cdfd165240654862e7b7a61dd6,469,CASH_OUT,194746.1,4.364732594694943e-05,low,0.00010911831486737356,False,0
481f8da410b9e13dec9481782e17b7f1966032f5,490,CASH_IN,161760.7,7.028209802228958e-06,low,1.7570524505572394e-05,False,0
cca712343516a73e8072eaf3afeeb3b2270fe78b,688,TRANSFER,1237507.4,0.0900373794377083,low,9.34485942707397e-05,False,0
95cfb2ec1e6385adc584d0a5a9308ed7b26c34d8,500,CASH_IN,4692.72,8.417358185397462e-06,low,2.1043395463493653e-05,False,0
adcf5d817bd74bd5595a5cb4c5b6403ea7a8f248,352,CASH_IN,185367.16,4.038398037664593e-06,low,1.009599509416148e-05,False,0
bddc7987e8787be517f699f49bf70e3575c40fe5,403,CASH_OUT,42924.79,2.530907513573766e-05,low,6.327268783934414e-05,False,0
e42ebab9669f8ba42665e37a534be1f6a1cf4797,261,CASH_OUT,171533.88,0.00014069617027416827,low,0.00035174042568542063,False,0
d16f5f269c023ba813b40ca8338f3b2427d4088c,206,CASH_OUT,98849.8,0.2177924720942974,low,0.019481180235743523,False,0
c2cebd4509d25ee9b34d3814659b8faf8b87029e,163,PAYMENT,3172.97,4.1057933231058996e-07,low,1.026448330776475e-06,False,0
e3be1044c0818ce128e20fcc3126214480b3ca4f,211,CASH_OUT,255806.36,5.9502077056095005e-05,low,0.0001487551926402375,False,0
13d881da512ed1df6f013146e5f0e67283a43c22,14,CASH_OUT,428408.2,7.17993316357024e-06,low,1.79498329089256e-05,False,0
fae9047ddb881f10400d23ef241269be099bad5e,394,CASH_OUT,314373.47,0.00041425628587603573,low,0.0010356407146900892,False,0
247e53cff83b5fcec2e42440feaae9a1620b6215,332,TRANSFER,1021931.75,0.2710864481925965,low,0.006466120481491089,True,0
093c18e92ea2fa4fa3473250cb82de5f4d80d5ab,297,PAYMENT,47801.85,4.561431705951691e-05,low,0.00011403579264879227,False,0
9995270f3cd043071a3e3280b140e19ed3788dec,350,CASH_OUT,388981.7,4.283833914087154e-06,low,1.0709584785217885e-05,False,0
bb1dc115e9a6ee5c57309adf5f9e0bec3e595e4d,375,CASH_OUT,169258.52,0.00019980117212980986,low,0.0004995029303245246,False,0
b4cde098ac9230fee6c6f976a82d58083ca9c80b,275,PAYMENT,7835.5,3.4413638786645607e-06,low,8.603409696661402e-06,False,0
58a77cab65b4445df81b69c90cba54edb748cd9f,157,PAYMENT,16371.07,1.986593269975856e-05,low,4.96648317493964e-05,False,0
96d09902d98ec58e5fbdd1e950066dfe6cca9ee1,276,CASH_OUT,1994.61,0.00021035810932517053,low,0.0005258952733129263,False,0
a3f1a79b7b82342474813b1b0ca97bfe4f96fa86,204,PAYMENT,7432.56,3.7267269362928347e-06,low,9.316817340732086e-06,False,0
03749b911f685f9969d8b4d49d012c06662ae861,178,CASH_OUT,79764.19,0.00010183679405599833,low,0.0002545919851399958,False,0
2b0e986140bda9194544129deada6c5173f6e979,370,CASH_IN,305238.16,4.34486209996976e-06,low,1.0862155249924399e-05,False,0
bbcca723d42b57797c8f128714ed66446d3179a4,12,PAYMENT,46613.1,8.296017767861485e-06,low,2.0740044419653714e-05,False,0
44fd4152db794e07ec55b5cba40314c74821d66c,278,PAYMENT,4021.42,4.708685810328462e-06,low,1.1771714525821153e-05,False,0
a0acc4461f6229994627c1e7e4e966f69a1e92a3,351,TRANSFER,2966003.0,0.09019788136705757,low,0.0004947034176439047,False,0
9ad738cf08966b5de211e3c0e886b51f57a090ed,11,CASH_OUT,117204.2,0.000994220655411482,low,0.0024855516385287046,False,0
1cf7f2f4705af942b5e98a0453876ed624df645c,37,PAYMENT,11872.56,1.367699878755957e-05,low,3.419249696889892e-05,False,0
937ff263a53b3683b4d20f827d0b73f8155f8fe6,372,CASH_IN,124911.82,6.175012822495774e-06,low,1.5437532056239434e-05,False,0
f0349a8a6532e28094c30ac10055e39aa4f52362,95,CASH_OUT,148129.97,0.002001235634088516,low,0.005003089085221291,False,0
29aaba714e8ece3ba2700038049881dbba358f50,159,DEBIT,6690.54,5.056369118392468e-05,low,0.0001264092279598117,False,0
cd94557584291521dc7e50923dda803a4afafef3,372,CASH_OUT,75883.6,0.0003196786623448134,low,0.0007991966558620334,False,0
d246eae7d82f0e89d8fe11122c2100d6bd70eee2,260,PAYMENT,3042.53,1.9352407252881677e-05,low,4.838101813220419e-05,False,0
504e748dee60ae013cfd0591e1863cf202ef4ed8,207,CASH_IN,124510.28,3.960783578804695e-06,low,9.901958947011735e-06,False,0
7c3e4f7026836cb7dc9b5ac07e97c9cc9d13889a,380,PAYMENT,24843.03,0.00010100009385496379,low,0.00025250023463740945,False,0
dea8a635c2e1013a9c0827bd30ab6fffccd10d20,13,CASH_IN,45625.8,3.5847970139002427e-06,low,8.961992534750607e-06,False,0
9f8843a11bcd89e599421cc48d78c8d3068f4c91,207,PAYMENT,7549.35,2.227466211479623e-06,low,5.568665528699057e-06,False,0
90e68e3d08f31c3e3c44ae9040106d01c470033a,275,CASH_OUT,58150.29,0.0002516028005629778,low,0.0006290070014074445,False,0
896576aded63c6e4158712996d05b559add82b35,44,CASH_OUT,116045.6,1.7369538545608522e-05,low,4.34238463640213e-05,False,0
49acaf0cd10e88165812d3d2d7ea525ee2cb9456,191,CASH_OUT,62737.4,0.0019397795200347902,low,0.004849448800086975,False,0
e985d8cc9eb98a47b567f95ae49be9ae52209c35,570,PAYMENT,2497.76,1.0871839913306758e-05,low,2.7179599783266895e-05,False,0
0c966b84d9740aa5af3d4f527aa589e1ecff35da,210,PAYMENT,30710.45,7.939151691971346e-06,low,1.9847879229928367e-05,False,0
622e1746ea793565c47f80d31be5e0b58a629602,332,CASH_OUT,221141.66,6.81975216139108e-06,low,1.70493804034777e-05,False,0
9ee2c1a9a2f855aa9305be274c68a57f3a9535f1,15,CASH_IN,172323.42,4.428465035744011e-06,low,1.1071162589360029e-05,False,0
649749a6ac2ec49815210f8c72333ec31e803467,181,PAYMENT,52245.83,3.7716592487413438e-06,low,9.429148121853359e-06,False,0
0f8a28081dd5afdb31eb81faf7456c8e242436e8,139,PAYMENT,8556.78,8.742741192691028e-06,low,2.185685298172757e-05,False,0
323cce1343a9acc87f54a570d599e8bb1885798c,304,CASH_OUT,134411.48,0.21040259626694022,low,0.0010064906673505902,False,0
57f2ad365ffddb86985555117b5bd95fb0c839e7,228,PAYMENT,1336.56,3.822924099949887e-07,low,9.557310249874718e-07,False,0
d8b928d9f10171117b944fe23323c50a87f529ce,306,PAYMENT,15481.61,1.9497319590300323e-05,low,4.8743298975750804e-05,False,0
018b4840df74a5dc77236f023066ef8a506ce13e,250,CASH_IN,516709.9,1.1024822015315294e-06,low,2.7562055038288236e-06,False,0
f061418a4f3595977ab508ae7f3170d3544977a2,378,CASH_IN,121145.84,9.326462168246509e-06,low,2.331615542061627e-05,False,0
8eb95e68e4f27c8958b7e0cb1fbb37fc927a1fe7,167,PAYMENT,5821.48,8.60981090227142e-06,low,2.152452725567855e-05,False,0
78cfe3e0ed0f28e3b1601c85cce6a2801e356e27,134,CASH_IN,195675.31,7.117741624824702e-05,low,0.00017794354062061757,False,0
bcef84fcad8989b150d4914b1ffc4c6c1eba7129,397,CASH_OUT,83192.5,0.0008701006881892681,low,0.0021752517204731703,False,0
2f351bc04cf3218f0c34275be153e2ac37c7409e,120,PAYMENT,5819.64,1.7075572395697238e-05,low,4.268893098924309e-05,False,0
d5c037dcacb15269dd1b065915786c89060071c4,349,CASH_OUT,158715.17,0.0004850439261645079,low,0.0012126098154112697,False,0
9d070c84b5684c39762ffada002cb096221655e9,156,TRANSFER,1910240.2,0.09000164635512194,low,4.115887804800877e-06,False,0
4b4d1863327097b9749e006c3753ae5cf627f8ce,310,TRANSFER,268815.1,0.09041550565510989,low,0.0010387641377747059,False,0
550eeacd803401c30d472c6e8ef1db160c4aca65,308,PAYMENT,20364.99,1.276562106795609e-05,low,3.1914052669890225e-05,False,0
8e6b9b185481c4ad16bf2d00bfdcddc979806e35,205,PAYMENT,9803.6,1.0906661373155658e-06,low,2.7266653432889143e-06,False,0
2ec63476c3144316da2a529f74bcda02296b7cc7,9,PAYMENT,20794.15,2.8745402232743803e-06,low,7.18635055818595e-06,False,0
ee4d84897817f8ab4c77202d2c9353f50382e401,257,CASH_OUT,194763.52,2.968437329400331e-05,low,7.421093323500827e-05,False,0
1e91b79a69d3fa0db2b2e5ad407422365b1b6c93,188,CASH_OUT,72159.47,1.893866719910875e-05,low,4.7346667997771874e-05,False,0
6c0e8600e14ca655f1222c557da6b8fd1df4be70,41,TRANSFER,89066.23,0.00011270461836829782,low,0.00028176154592074454,False,0
f4bc73e7bac1189a3747d5ed7a067c83d0944b40,211,CASH_IN,211097.73,8.875023195287214e-06,low,2.2187557988218032e-05,False,0
db2a4b00a8e2cb5b3df123474999370bec27c331,329,PAYMENT,6865.41,1.0725025640567765e-05,low,2.681256410141941e-05,False,0
ffbe392b6b9b1fcbf0537383b6ae916f5e892171,276,CASH_OUT,453.71,0.0012111294083297253,low,0.003027823520824313,False,0
7218900df9bf8dfdba33120f4ad266713400db35,38,PAYMENT,7194.28,8.057833838392981e-07,low,2.014458459598245e-06,False,0
82e947ea22fe9dfacdf5e58b3208c2592ade5174,252,TRANSFER,881565.3,0.2685444797537057,low,0.0001111993842641823,True,0
e818311598d78b1bc58696fef14d00232dcd52ea,12,PAYMENT,2390.17,4.195568908471614e-06,low,1.0488922271179035e-05,False,0
e60db23b2fbd6c7052e0057df3d7e3f4496b7bac,157,CASH_OUT,94538.12,4.979154909960926e-05,low,0.00012447887274902314,False,0
305ce5e9ae071f03084a3c6e7e8fac16be856eb6,324,PAYMENT,699.87,1.2402870925143362e-05,low,3.10071773128584e-05,False,0
9340c3b59e18aad69a4340e4fcb078268c8fb01d,44,CASH_OUT,21659.07,9.24188134376891e-06,low,2.3104703359422274e-05,False,0
520265286c462bed4cc2fd9ce0074ab97513e4ef,322,CASH_IN,116183.33,1.147205966844922e-06,low,2.868014917112305e-06,False,0
5298b90d39c766367867ec7b93b831c8147ca1aa,301,CASH_OUT,14752.36,0.00013114319881424308,low,0.0003278579970356077,False,0
f16b9393de31afbedbffa444942f63c5f85a31ab,231,CASH_OUT,474878.8,0.000572430482134223,low,0.0014310762053355575,False,0
28ef8346e87807cb715494f7aa009c5cef2384ec,255,CASH_IN,113567.61,1.4462310900853482e-06,low,3.6155777252133703e-06,False,0
177727c1b3ce544dd1827f7ea841f01bf344e6e6,160,CASH_OUT,306601.84,1.333056570729241e-06,low,3.332641426823102e-06,False,0
bf93aba38f7b033524eaf91d6bc8b2295b8748f3,332,PAYMENT,16217.97,3.693955659400672e-05,low,9.234889148501679e-05,False,0
dcc41744019e8c2465ff28c432cf61f895fc30aa,371,PAYMENT,859.04,1.2171594426035882e-05,low,3.0428986065089703e-05,False,0
49cbde3daa265854e5339204c77e3dbd53b42005,190,PAYMENT,10150.17,2.0564682927215474e-06,low,5.141170731803868e-06,False,0
10999a9f68a02e7d81ba51e768d163484e0c8b16,180,TRANSFER,313637.34,0.09012595746666194,low,0.0003148936666548252,False,0
98c27ae4cb4209ebebf90595e01f3a79b35e2c2c,377,PAYMENT,3308.39,5.982306447549491e-07,low,1.4955766118873726e-06,False,0
676e8e50ac69d00b3c8eebcfd13b6dc949840efd,139,PAYMENT,4498.35,1.3725199096370488e-05,low,3.431299774092622e-05,False,0
26d39f121178aa7a335e17a5fb98fced918132ee,21,PAYMENT,792.09,8.137478289427236e-06,low,2.034369572356809e-05,False,0
9b904b34691f5d706e79f6b548830892feb41ed7,259,CASH_IN,109286.18,6.925613706698642e-06,low,1.7314034266746603e-05,False,0
1ab55321e7fd750265649d9abe53a3566bccd6c0,183,CASH_OUT,135440.8,8.357490878552198e-05,low,0.00020893727196380496,False,0
e357e9a4a85a84d460ab0bd01606b4bb5c8cec55,448,PAYMENT,64549.22,7.23534671124071e-05,low,0.00018088366778101772,False,0
1efc4801ec041f656d9d2a41b4910268fef2239d,569,CASH_IN,198255.19,3.3185606298502535e-06,low,8.296401574625634e-06,False,0
91ede8099c08cf9beb7b15c0cbd192e98faf2ab8,229,CASH_IN,166422.55,5.222811159910635e-06,low,1.3057027899776585e-05,False,0
220b1a9ff6880e7ee97fe0fd0fc9ff1579e6d017,544,CASH_IN,284829.66,4.108295615878887e-06,low,1.0270739039697219e-05,False,0
81e84d8a5ffca5c65270b099444cacd2443cbce6,370,PAYMENT,24765.11,6.337847298709676e-06,low,1.584461824677419e-05,False,0
85f8ead5dbd70842595e5f13090d4cc2eb0abdd7,393,CASH_IN,82017.09,2.197712456109002e-06,low,5.494281140272506e-06,False,0
c58db2b5d11711e2091a4a9c02644a2872cd6f87,299,CASH_OUT,134800.06,0.0004622925072908402,low,0.0011557312682271004,False,0
5e58d64b43941833f3741e22b004fb071f2d0593,227,CASH_OUT,18180.26,0.00026688496582210063,low,0.0006672124145552516,False,0
e769b13c57b277e432de9453e45963f4dac36da9,307,PAYMENT,25544.73,5.426031566457824e-06,low,1.3565078916144557e-05,False,0
d397a04bef733b5b6e7698936457e2f19a7096d2,20,TRANSFER,1763070.8,0.09044950949959459,low,0.001123773748986423,False,0
74f5c3e944dc996d139dfa2314f63a94b5a68b45,404,PAYMENT,14899.04,3.693955659400672e-05,low,9.234889148501679e-05,False,0
d39ea98dbbc26c94081b67ba96c9edf0d8123875,213,PAYMENT,1688.38,1.7901444516610356e-05,low,4.4753611291525885e-05,False,0
0e6d5e82184e90ec5a19a412b51a76fe7cc48bb5,206,PAYMENT,3393.81,2.3362992578768173e-06,low,5.840748144692043e-06,False,0
625552bb56ba9d00386d322e279eb470f414620c,16,CASH_IN,86736.56,5.021303877583705e-06,low,1.2553259693959262e-05,False,0
66195aaeaf3c6c348ff74a36b8a4d60761620438,9,CASH_OUT,321307.1,7.569330045953393e-06,low,1.8923325114883482e-05,False,0
6b3530991c94694bca49c6a978552342461578be,255,CASH_IN,184672.34,1.177598096546717e-05,low,2.9439952413667925e-05,False,0
e1d638825123510e618c282362252e8f2ef4b77f,298,CASH_OUT,225048.22,0.00023405619431287052,low,0.0005851404857821763,False,0
1874f5b2077011a6d6372f6620c1c7f38a9aab32,324,PAYMENT,16984.64,1.1534150871739258e-06,low,2.8835377179348143e-06,False,0
76d19661bcce62b189e4e4b5ecb10e86aadbac02,137,CASH_IN,546889.0,4.694918516179314e-07,low,1.1737296290448285e-06,False,0
7e7b9b204667dc476000d269dc571a1c4f0211d5,374,CASH_OUT,278085.8,5.3735831897938626e-06,low,1.3433957974484656e-05,False,0
739cc11a1c28bf403d84906fb91813aa6e061556,225,CASH_OUT,293031.22,0.21003178049519192,low,7.945123797981068e-05,False,0
bb54af6a04c429ef3648535bcd94f671ea47dab5,166,TRANSFER,486703.28,0.09044147362932564,low,0.0011036840733140707,False,0
bd639ec96ab7b4af5eb9b5f72d9beb5b0c3813db,401,CASH_IN,10607.75,0.0009298407472670078,low,0.0023246018681675196,False,0
29f321a90f79c04010279bb5ac649ab0f83b89ec,237,TRANSFER,139355.4,3.5017124901060016e-06,low,8.754281225265004e-06,False,0
4102435b3e9ca281755a866898974f44f67ff848,18,CASH_IN,77556.73,2.1271060177241455e-06,low,5.317765044310363e-06,False,0
eb2794c42e01b7c6472b5e50ed919ce0f829b9d8,133,CASH_OUT,200783.52,0.0003217148361727596,low,0.0008042870904318988,False,0
91718a21b59f81767f930ac8cb4bda1f9e223a89,349,CASH_OUT,189819.92,5.0502047088230036e-06,low,1.2625511772057507e-05,False,0
5faa8459234c8d570b62c1838fc575f63b5d95c0,376,CASH_IN,145470.03,1.1719540634658189e-05,low,2.929885158664547e-05,False,0
2bdfb3342d6d0b9b06e51b0cbeafdbb5f00f70a8,188,PAYMENT,7557.87,1.1723935131158214e-06,low,2.9309837827895535e-06,False,0
d0a7d84898fd4e135ca0f3405f9e8eeb1748279b,305,CASH_OUT,134696.34,0.0004015981685370207,low,0.0010039954213425517,False,0
170aa537804a7af4336aadf7991ffe90bb2011d3,204,CASH_OUT,79167.86,0.0003504661610350013,low,0.0008761654025875032,False,0
9e96019fbd574ac0bbc859cec71fc1f7b7293ac8,234,PAYMENT,3316.2,1.1225222260691226e-05,low,2.8063055651728064e-05,False,0
a6458209b452fbd3a118945ecf4b34c1994d7607,184,PAYMENT,12762.59,5.672936094924808e-06,low,1.4182340237312019e-05,False,0
8d8ab8379002e17887387a079e45488968bdd5f4,370,CASH_IN,23114.9,4.9273738113697625e-06,low,1.2318434528424405e-05,False,0
141ca8daca1891ed00ed4c2acc908400e7ffcb2e,405,CASH_OUT,191786.08,0.0009068486280739308,low,0.002267121570184827,False,0
9b713fc607aba7c11d58ca1debd30fc44997465d,328,CASH_IN,13469.86,1.4309596735984087e-05,low,3.577399183996022e-05,False,0
57e6abe3a59bcbcfc5af175125d3d7b9b94062f2,348,PAYMENT,11385.1,2.0844172468059696e-06,low,5.211043117014924e-06,False,0
e064f52540e4fc675cfb1b541d6b7b8a94142138,22,CASH_IN,234417.89,1.8196921155322345e-05,low,4.549230288830586e-05,False,0
eba472611ddef01105190edf3156cbc8a2e8793e,8,TRANSFER,783104.0,0.09026336412411184,low,0.000658410310279578,False,0
bfa29c3084b1fe8e145c41f337478cfffdd9a384,259,CASH_IN,14393.44,1.2050070836266969e-06,low,3.012517709066742e-06,False,0
97e29068a28ccb1713427096a57b8cbf15dc7cfe,398,CASH_OUT,570356.06,0.21003285834682173,low,8.214586705435067e-05,False,0
4efe813a0212458cfd050d0112c4330e13780058,41,PAYMENT,7049.82,2.2996205370873216e-05,low,5.749051342718303e-05,False,0
98468b0ca0ab0736e444f278349130bade43b047,154,CASH_OUT,397730.78,0.0004911299329251051,low,0.0012278248323127627,False,0
a6eb00d1a550d5a39a0544c77d259f7d6195be62,14,PAYMENT,9473.15,3.4848755603889005e-06,low,8.712188900972251e-06,False,0
4cd8179a49903bd933573a181f7f08b1eafa8672,187,PAYMENT,8743.63,1.0506624676054344e-06,low,2.626656169013586e-06,False,0
124ee6235a2b86e7dd786384eec679778c513df2,191,TRANSFER,23303.55,0.20606791973114014,low,0.5151697993278503,False,0
4f610570a06c3d854cfcd7abfe2532f957ba2fb2,186,PAYMENT,4715.56,1.3953355664853007e-05,low,3.4883389162132517e-05,False,0
a8479941525884472dee90649cfa1495740df61d,354,PAYMENT,20720.45,3.153644138365053e-06,low,7.884110345912632e-06,False,0
4563a6c0558c9130335004e70445b71e483259e8,542,CASH_OUT,290320.44,0.00012760076206177473,low,0.0003190019051544368,False,0
1bb78cd117523ddffcc892910174883f997ffd1d,135,CASH_OUT,129199.56,0.00015506820054724815,low,0.0003876705013681203,False,0
dd0520008bb647f3f84f810f65a4153b29ca28fb,8,PAYMENT,8259.1,3.2625364838168025e-05,low,8.156341209542006e-05,False,0
def0f6b553341ef0bb62bed0d18cbf97e70c66d4,358,PAYMENT,17388.23,4.1106925345957285e-05,low,0.0001027673133648932,False,0
a61823b820060eb107c35950fe9e9d6d3fd16ee1,251,CASH_OUT,234578.8,1.0474758164491505e-05,low,2.618689541122876e-05,False,0
cb116c2648b3af08b20a27338a82d8a70d8696ca,256,PAYMENT,9429.7,9.521848369331565e-07,low,2.380462092332891e-06,False,0
b95059442fbd0cc6626a201ae568862dbd215586,135,CASH_OUT,269603.7,0.0004473661072552204,low,0.001118415268138051,False,0
ce14d532f2ded5eacd0c45a1d83c5e2a265dc1ae,258,CASH_OUT,82024.23,0.00031460002064704896,low,0.0007865000516176224,False,0
3a3f769b3acd8ac3f48a4905d5dad04dd557bce8,400,CASH_OUT,94832.63,0.0007788722403347493,low,0.001947180600836873,False,0
6609f22aafc4bcb7347d6f62b9bb5496ff638e6e,321,CASH_OUT,6205.86,0.001747167855501175,low,0.004367919638752937,False,0
7ef565428b42b766d3522b4f66abfedf17aa8997,225,CASH_OUT,514652.47,0.21005266641965134,low,0.0001316660491283983,False,0
50333a4b9b714199b20e0897157746639d7c820e,308,CASH_IN,190003.8,1.5789853932801634e-06,low,3.9474634832004085e-06,False,0
3f80d43ea3fdb61989982676847c034d27cfd41d,298,PAYMENT,24796.66,7.468792318832129e-06,low,1.8671980797080323e-05,False,0
24b58d72378d748f9e9d20796345779fb5dab264,404,CASH_OUT,334270.06,4.147279105382041e-06,low,1.03681977634551e-05,False,0
5c4f09a20b30db3772ec21a4f320c04aa973760d,324,PAYMENT,32099.51,3.349472171976231e-06,low,8.373680429940578e-06,False,0
f5f7bac7c7081f0f94057df1d360c0a6083a8e8c,322,CASH_OUT,69163.6,0.11260482072830201,low,0.281512051820755,False,0
e1ae78a7e921c17ec0c05f744a074e9eccd9d051,302,CASH_OUT,462116.25,7.761704182485119e-06,low,1.9404260456212796e-05,False,0
41e201fc806351b9b55b0e1c8501ab871ac2620e,33,CASH_OUT,27999.21,0.0025787463411688807,low,0.006446865852922201,False,0
92e8e8651b4e0ad1c3b7c2f5d79cc42b107d0b02,548,CASH_IN,324686.88,7.208027818705887e-06,low,1.8020069546764717e-05,False,0
2e6aaa8788203108466ad0322422ac50e8eb6c1e,256,CASH_OUT,65463.95,7.207219605334104e-05,low,0.00018018049013335258,False,0
45a0eb46294ef8a8127dfcb3153f7d2ae417b001,239,PAYMENT,5577.98,0.00011581243015825749,low,0.0002895310753956437,False,0
7bdf023ff8e1477e887c328f3e2b625a4e60edf6,133,CASH_OUT,168733.02,0.00012520140735432507,low,0.00031300351838581264,False,0
0ea66e65379dc465a5610bce3fdedc2dcacbe2bd,137,CASH_IN,76715.63,4.6653782192152e-06,low,1.1663445548037998e-05,False,0
d416db6a15682e8255963164a3d70ddf481290f1,298,TRANSFER,433484.0,0.09012364698341117,low,0.00030911745852790773,False,0
2af8f1ea7f69c03ad12df26868f153da8d56331c,211,PAYMENT,8965.18,4.416601223056205e-06,low,1.1041503057640512e-05,False,0
1aa801fb1b68d054a34c6b8d8a4bedbe7cb28c12,524,CASH_IN,61899.78,1.7563115761731751e-06,low,4.390778940432938e-06,False,0
17971ea70a03c5d4f56652dcc2ba9e2086914c8b,303,TRANSFER,414943.75,0.09012387883616613,low,0.00030969709041528404,False,0
18403bc9c2e81f4ea5b2d20556f16cf1b32ca623,514,CASH_IN,310167.3,4.564787377603352e-06,low,1.141196844400838e-05,False,0
6ee937b1d0f6e2332df3c77682b42fbcfc9a04e7,306,TRANSFER,67158.75,9.528768132440747e-05,low,0.00023821920331101865,False,0
d4ec3dd2e6f383432be023b88102ff2b5f6e83b5,331,PAYMENT,9907.9,4.2457493691472335e-06,low,1.0614373422868084e-05,False,0
2327d4e96e066959358cf79b8a6f8b0e0c1ee678,137,CASH_OUT,392129.16,5.648912338074297e-06,low,1.4122280845185742e-05,False,0
2f5ed24723022d64e2bab5a71127a6815cb18083,18,PAYMENT,13148.65,1.414707221556455e-05,low,3.536768053891137e-05,False,0
107d945eaa4fd15acc026e8da260ee9287ee8fdb,321,CASH_IN,43787.83,2.2932077627046966e-06,low,5.733019406761741e-06,False,0
3d72a972bc964c8960012e5e30e1eca3821b99cc,141,PAYMENT,7608.53,4.370944952825084e-06,low,1.092736238206271e-05,False,0
3841975f8240380a9ebbecec7bd43ac72557c29c,13,TRANSFER,1255665.8,0.09000151021467902,low,3.775536697503412e-06,False,0
1eb3d3100eb5df62e5169de6a520207eea8af092,143,PAYMENT,1261.52,2.563423913670704e-06,low,6.408559784176759e-06,False,0
c76e371d5ee48da691dac11bd2fb9ff71394186a,256,CASH_IN,82299.58,1.7814822058426218e-06,low,4.453705514606554e-06,False,0
975f7ca52f8ce8512288e98388a1c093afafed35,180,CASH_IN,234604.97,4.8400124796899036e-06,low,1.2100031199224759e-05,False,0
a8b7b4475e477483328883c7e85695e92d901f41,159,PAYMENT,7983.14,9.712757309898735e-06,low,2.4281893274746835e-05,False,0
ca16b57bc3a56204d8ddefbb496c7de1496b93fb,324,CASH_IN,230439.86,7.977691711857916e-06,low,1.9944229279644787e-05,False,0
e117cf6e83b4a6e838ed2364557307fc5ca4b506,14,CASH_OUT,20806.3,0.00037580851931124927,low,0.0009395212982781231,False,0
e66f17cac34cd0f04228c10d1360f938fa028e42,156,PAYMENT,12252.34,1.201569011755055e-06,low,3.003922529387637e-06,False,0
89c9e781c1b140c5d8e893978b0a64a25efd22c0,397,PAYMENT,7961.58,1.0193422349402681e-05,low,2.5483555873506702e-05,False,0
2cfb0270c3993dc3c26dfabe6f8d7d3b0ed21694,323,CASH_OUT,241311.06,6.808645557612182e-05,low,0.00017021613894030452,False,0
4b1e28bb668ab9514a90b8bf824d49e6565445b9,332,PAYMENT,1291.25,2.907223279180471e-06,low,7.268058197951177e-06,False,0
e166c9b5f42616194d04bccc5d54017fe253006f,334,PAYMENT,17287.57,2.1254137391224506e-05,low,5.313534347806126e-05,False,0
a0459ac965b7671ad763bee9a7670e8fa5c0e8fb,40,CASH_OUT,333906.7,0.00044619143009185793,low,0.0011154785752296448,False,0
fb7fa5939499e5a6b0ced8f19a9db3a3e6a6f76e,210,CASH_IN,107990.76,3.363517680554651e-06,low,8.408794201386627e-06,False,0
d072f1d7e9059e670606f1dc03e5597761076644,396,PAYMENT,49998.38,3.9512688090326265e-06,low,9.878172022581566e-06,False,0
fb7cb427943669f7bdf5d479703ab7fc643c8133,331,PAYMENT,18457.5,1.9178517686668786e-05,low,4.794629421667196e-05,False,0
99433db5dd0472b1e6553047b8f0f85aefce51cc,210,CASH_IN,234361.12,1.4487711268884597e-06,low,3.621927817221149e-06,False,0
bbb71cae09ae7fb2b8b6ad52d33d3b04e330121e,238,PAYMENT,324.88,2.939476325991564e-06,low,7.348690814978909e-06,False,0
a677aba261e04738d8aa99292cdb58c38150ccf0,156,CASH_OUT,391745.47,0.21049457047134637,low,0.0012364261783659458,False,0
a1ac5743307b3a8d0550e590be02759cdc14a2d4,380,PAYMENT,15809.47,8.047877781791614e-06,low,2.011969445447903e-05,False,0
fcef1e942f5a16155a49de5ace293d6d968f044f,351,PAYMENT,4665.45,1.28328989376314e-05,low,3.2082247344078496e-05,False,0
b9ac6cb2c579ca14236c59476191d731f141e891,397,CASH_OUT,124449.8,5.826863925904036e-05,low,0.0001456715981476009,False,0
798abb666458230d2fae16770205a142a14a1aef,253,PAYMENT,28808.92,1.0625085997162388e-05,low,2.6562714992905967e-05,False,0
9c498a7a54c81f53c6b36063c846ae9b1b0b1836,188,PAYMENT,1512.73,2.2286304738372567e-05,low,5.571576184593141e-05,False,0
ec187188ae8d050ab48f7cc46ef4283b30a77942,357,CASH_OUT,40791.39,0.0007612189278006555,low,0.0019030473195016384,False,0
06a5cbd1b18f990c8a26a498777c49c3447b12d8,141,CASH_IN,55270.91,3.704135306179524e-05,low,9.260338265448809e-05,False,0
b76e3ebed507325a6079b4546fda27d502a595c7,300,PAYMENT,19672.33,1.1488738527987154e-05,low,2.872184631996788e-05,False,0
7304ac2d6c3daa8182e689075b3398aae086c07a,322,CASH_OUT,312469.03,9.767523733898998e-05,low,0.00024418809334747493,False,0
0833dfec9a67429b214d34238c98f31cc302efbc,329,CASH_OUT,362323.66,1.9757186237256975e-06,low,4.9392965593142435e-06,False,0
77016fe930c895b649177434f1a768f4ef5fb809,369,CASH_IN,300162.88,4.801257819053718e-06,low,1.2003144547634292e-05,False,0
77b5d86605948ad9b2a7e21b2840779ad451f86a,404,CASH_OUT,65816.17,0.0003458711318671704,low,0.0008646778296679258,False,0
f3c0e0eebed8ce1d8f5c0ddee53c16d5a69958d1,43,PAYMENT,7390.23,1.244450395461172e-05,low,3.11112598865293e-05,False,0
b9668c64a636a60967b48862c1c2b2f5e58ceadf,260,CASH_OUT,73819.5,0.0006605962291359902,low,0.0016514905728399754,False,0
416a4c86b1a8a4af7011ead27b7b01ec4276a720,372,PAYMENT,5441.06,1.529638539068401e-05,low,3.824096347671002e-05,False,0
cc5b3045cf74342bceccf7effabb167e3102f38c,345,PAYMENT,10163.32,9.104487253353e-06,low,2.27612181333825e-05,False,0
9776cb102758c408020562e1b84e61e32f0b36a7,139,CASH_OUT,63579.02,0.00041286526247859,low,0.001032163156196475,False,0
b9766d5664822970d7a6468fd6852b0430013cf4,298,CASH_OUT,103654.83,2.485361765138805e-05,low,6.213404412847012e-05,False,0
a5d289d9c498308f72d53a47e433e5166285be7f,398,CASH_IN,334932.7,1.0067100811284036e-05,low,2.516775202821009e-05,False,0
b9991e0bb1bd18ca4e2e34054fc6150c375dc703,379,CASH_OUT,192632.47,0.00017167977057397366,low,0.00042919942643493414,False,0
1ef20c72549cd88031b37beef43cc1838ae18027,226,PAYMENT,13643.68,1.136222781497054e-05,low,2.8405569537426345e-05,False,0
0d15f5e629f1dc87ab7070143277ef0ced3ecb5a,305,CASH_OUT,180075.95,3.0837651138426737e-06,low,7.709412784606684e-06,False,0
5c908252d0674ce52c38445c5bbbc25d8941cbe0,589,PAYMENT,15431.16,3.6891382478643212e-06,low,9.222845619660802e-06,False,0
1d6ba3c158b915334fe444baee8e1bb89b22bb30,278,CASH_OUT,124624.67,0.00022695017978549006,low,0.0005673754494637251,False,0
a2852c5026fcc410d3bdc5469f8dbbd35d22abe7,17,CASH_IN,148200.6,5.335255991667509e-07,low,1.3338139979168773e-06,False,0
aeeb15c0d0464bf6fbaf93331c4b4a0823f8fd75,12,TRANSFER,220052.48,0.09065090991556646,low,0.001627274788916111,False,0
f547d745dd90a06dc604c6498d753e348d009085,396,PAYMENT,5683.32,1.2934174446854741e-05,low,3.233543611713685e-05,False,0
7121a60a4dad375231703a4aafae3e5d06818839,286,TRANSFER,44154.42,0.10992631912231446,low,0.27481579780578613,False,0
c09ad1c23919b5fa201d2937e359063ba64ca3ac,284,PAYMENT,916.66,2.4229142582044005e-05,low,6.0572856455110013e-05,False,0
c22f7e0a644fa705dd080e5efb5aa4246225a1a2,524,CASH_IN,387547.44,7.519413338741288e-06,low,1.879853334685322e-05,False,0
1987187253cb8b2e67024fa90b5fa6b6b0f54930,394,PAYMENT,46286.23,1.0811304673552514e-05,low,2.7028261683881283e-05,False,0
e400f1cc36a0f84c57f47b22e5242b22da9f9072,347,CASH_OUT,14689.38,0.0003985939081758261,low,0.0009964847704395652,False,0
1fa47e938e5a7cb7391ef6b73c46cc6b1c740380,345,CASH_OUT,285455.5,0.00022098009940236808,low,0.0005524502485059202,False,0
b8d5a4388885d697faed2f00e0c15156af8ed73d,35,TRANSFER,217180.73,0.09004672169161496,low,0.00011680422903737053,False,0
48394c9acf364d94f1d0486db27dcf6ec7c6d3a2,281,PAYMENT,216.46,2.186586425523274e-06,low,5.466466063808184e-06,False,0
233a03f1b6005aeb7d14b5a3520c79661a8403b6,373,CASH_OUT,3007.87,0.0002310924930498004,low,0.000577731232624501,False,0
4eedfc668076abc5037effeb1b4f487eb4901b56,594,CASH_OUT,121215.1,0.21615341551601885,low,0.015383538790047169,False,0
abf3c1a0c73d6282f02bae747f22fb793e98dc73,163,CASH_OUT,4321.05,0.010245580226182938,low,0.025613950565457344,False,0
8bcdd7f30e618d2631653f882d153785bc79a2d1,355,CASH_OUT,71221.65,9.638287592679263e-05,low,0.00024095718981698155,False,0
b95bbdf7157002ac8cadd201df4e93f616a8a039,138,CASH_OUT,488059.38,1.2253355635039044e-06,low,3.0633389087597607e-06,False,0
99258aa72c884d18ae469d2c1911cd99fc3eaa83,140,CASH_OUT,36610.45,0.002664661593735218,low,0.006661653984338045,False,0
cfa7997ac0291909d3257c256a556c6901b2a81f,162,CASH_IN,142087.12,3.894773180945777e-06,low,9.736932952364441e-06,False,0
22e25c8102089c8bbc86c615d48d6161c4ed709a,159,CASH_OUT,115929.84,8.853019244270399e-06,low,2.2132548110675998e-05,False,0
e89492863a57da9d67a372e5a94fe06bf08feb38,154,PAYMENT,32039.13,5.1410956075415015e-05,low,0.00012852739018853754,False,0
fa15a90751e563e299ea64a812684ef85c378288,36,CASH_OUT,71583.35,8.556823595426977e-05,low,0.00021392058988567442,False,0
cf7cceba1cfdaf9b527d2f8a4dd5b96feae0cce5,381,TRANSFER,87186.63,0.0005036992020905018,low,0.0012592480052262545,False,0
9d21ecbeef3e7d66d1045d920906366f128d0a9f,226,PAYMENT,29753.0,4.8486468585906555e-06,low,1.2121617146476638e-05,False,0
abe6e9a0e9f6c48f9aba14b3014d38859f6723dd,137,CASH_OUT,370197.34,1.4613404346164316e-05,low,3.653351086541079e-05,False,0
29f4ebc7398abe9d79bf42875a5f57a6052a83d8,252,CASH_OUT,8862.38,0.0001915081171318889,low,0.00047877029282972217,False,0
0bdafb2173c979b88df4a69ca066c3fcc4e8c0c3,46,PAYMENT,11446.46,0.00023719212040305138,low,0.0005929803010076284,False,0
ad337b72988ac9f8bb452aab0e5ab7dce61a7513,252,CASH_IN,196007.05,4.686470128945075e-06,low,1.1716175322362687e-05,False,0
22d8baa8569c5ed89c91d8b3b29e20d4d35d92e1,408,PAYMENT,23074.44,5.493279313668609e-05,low,0.00013733198284171522,False,0
ddbf16168fb6692453021d18aa26effb4420de29,307,PAYMENT,11600.77,5.100186899653637e-06,low,1.275046724913409e-05,False,0
ff39546d82f2d46f44255a2997838294585c8c99,334,CASH_IN,313338.97,1.1110647028544919e-05,low,2.7776617571362294e-05,False,0
3ebfc452232fd6e69441908622c51585ea1c2e3c,379,CASH_IN,15964.75,5.252466144156643e-06,low,1.3131165360391606e-05,False,0
dd0e7996bd93d7e66614348f139c15aff91e3c2e,214,PAYMENT,2944.04,1.0698312689783053e-05,low,2.674578172445763e-05,False,0
0e7051391978e9ec21796884de3fafb0ce30fa89,277,CASH_OUT,206152.7,7.090516010066495e-06,low,1.7726290025166236e-05,False,0
22dbdce581ea06eba0e5a9af6e742d10f7a73c95,226,PAYMENT,8300.98,8.034933125600219e-06,low,2.0087332814000547e-05,False,0
9b7c36142b03770424099d2906e3053fbf280b94,265,PAYMENT,285.59,1.1127081961603835e-05,low,2.7817704904009588e-05,False,0
c8addb5b456405ce1414a7ee4052841ead75597b,305,CASH_OUT,196039.97,4.295296093914658e-06,low,1.0738240234786645e-05,False,0
9b5115104cc6ae6758db3d342266757bbd5b7dad,207,CASH_OUT,107110.19,2.3056702048052102e-05,low,5.7641755120130256e-05,False,0
a98f2c21c3ca473d7ccc37700632f9825cd16be8,328,CASH_OUT,238876.38,0.0003443222027271986,low,0.0008608055068179965,False,0
6cabddac1850b941daaf9ec4764e82ca145783c6,259,PAYMENT,9056.81,3.5010580177186057e-06,low,8.752645044296514e-06,False,0
f616d54ae704acea1fce155233e3d04fbc5f2f03,375,CASH_IN,165309.6,7.697375258430838e-06,low,1.9243438146077096e-05,False,0
4ca253020376ae4c18148f41340fca4cd2aedb5a,307,PAYMENT,5335.23,1.6959231288637966e-05,low,4.2398078221594915e-05,False,0
d3104c2f603f9dda487892d2248beb51d4d44152,394,PAYMENT,24203.73,4.604930290952325e-06,low,1.1512325727380812e-05,False,0
28de10d515bd8f5e56a56c9dfd304b90efb0b9d2,301,TRANSFER,351778.16,0.09007085658144207,low,0.00017714145360514522,False,0
8a1d6ea5fdaeb27af2596fd1c4deae1b24599174,138,CASH_IN,103071.18,1.478702779422747e-06,low,3.6967569485568674e-06,False,0
20123fb253931976c5541a37c6846015314c6505,17,PAYMENT,8946.09,1.0172573092859239e-05,low,2.5431432732148096e-05,False,0
e983f245dacbf1376aeefdaafd3939d761ec4b9e,399,PAYMENT,3451.57,1.28328989376314e-05,low,3.2082247344078496e-05,False,0
82cff00a4dae1e491abacbd3efd5d0c06f7137b0,155,CASH_OUT,12262.88,0.09824281334877015,low,0.24560703337192535,False,0
05684fd27a02824f35facfe7b43c68833696fe04,331,PAYMENT,6678.85,3.758485763682984e-06,low,9.39621440920746e-06,False,0
7d959e8e0ff04a8fc9c7bf5cc335fb7ba13c4b07,8,PAYMENT,12269.24,3.825901876552962e-06,low,9.564754691382404e-06,False,0
818eb081ff82dc26c2c17c8a03885f17d185d7c6,216,PAYMENT,1010.52,4.888087860308588e-05,low,0.0001222021965077147,False,0
8b282f7b652e0b148a13e80aa38aa4ef9b687c94,136,PAYMENT,15608.44,4.033117147628218e-06,low,1.0082792869070545e-05,False,0
de1a222b804eed2413b35516b219e7cc6adc8145,404,PAYMENT,22061.96,1.3476461754180491e-05,low,3.369115438545123e-05,False,0
1f6580242faf39db431c305f4575b1884885c399,215,PAYMENT,276.48,3.510466194711626e-06,low,8.776165486779064e-06,False,0
046542fafaa964218f8ab42a279135d676045bfa,255,CASH_OUT,90828.48,1.4754274161532521e-05,low,3.68856854038313e-05,False,0
afde63c219a34e71be19890d7103511b55422469,377,PAYMENT,2476.26,1.0721157195803243e-06,low,2.680289298950811e-06,False,0
aebbcce21eae7f15b4513cc90580f0e3ba142303,235,CASH_OUT,305645.12,0.00031278613023459916,low,0.0007819653255864978,False,0
65d6e999fc41bf556602857f566dcf93ec36e04c,230,PAYMENT,29369.38,1.4022373943589629e-05,low,3.505593485897407e-05,False,0
10427c0cf0fe818c145d0dbb973d7e76b20b1d0f,133,CASH_IN,154627.84,4.173743582214229e-06,low,1.0434358955535572e-05,False,0
5326de01489cada44fba98f90844af414826b67b,326,PAYMENT,21735.01,3.6691355489892887e-06,low,9.172838872473221e-06,False,0
a8c7e419f08aa1bcdbb40b75fc5994e81dcd46b1,249,CASH_OUT,8209.1,0.00013193876948207618,low,0.0003298469237051904,False,0
bdecab6c68f5b8c7e70c2fcbf291c3b9ac27acb2,326,PAYMENT,3380.9,5.957625489827479e-07,low,1.4894063724568696e-06,False,0
f4565b87da9a3ee5474e8556f0276299f7d333e7,153,CASH_OUT,173086.88,2.6365811936557294e-05,low,6.591452984139323e-05,False,0
0b1295130d46bc0d2387ceb74c7134eb026c437d,202,TRANSFER,230398.22,0.09000162075193659,low,4.051879841426853e-06,False,0
abf0f59f34c95c5a535e14de451bbe652867bab7,209,PAYMENT,2422.14,5.127150143380277e-06,low,1.2817875358450692e-05,False,0
182ee1fe6ca6d37858c2e60b79292930311df508,139,CASH_IN,260240.25,1.5039684512885288e-06,low,3.759921128221322e-06,False,0
ad67d8857f09af0427ca15cefcb3a1386ad13178,131,CASH_OUT,214698.31,0.0004983420483767987,low,0.0012458551209419966,False,0
cfb507656f347dd8b3c6e48a9b424abccbea4e76,208,CASH_IN,193847.94,6.356151425279677e-06,low,1.5890378563199192e-05,False,0
a9759589ad2d403c1a2c6b96a707bab5e470b9c6,212,CASH_OUT,173537.06,0.0005599331576377154,low,0.0013998328940942883,False,0
418d1490c7f14f722bfa40ab383f0dbdb92594cd,404,PAYMENT,11605.32,9.344988211523743e-06,low,2.3362470528809354e-05,False,0
210a2325500ace02c5ffdb60e51288a198c3c3d9,371,CASH_OUT,228846.8,0.0005704409442842007,low,0.0014261023607105017,False,0
128f277769ec0cdaf5a570daedc445cadfb2cf34,20,PAYMENT,6711.41,6.577448948519305e-06,low,1.644362237129826e-05,False,0
344e9880526a8bf96615052680ca9e8e62d914ae,297,CASH_IN,285814.03,4.388454181025736e-06,low,1.097113545256434e-05,False,0
a2434c0493dba78c8273d41e5330a6dff0dfb768,396,CASH_IN,272757.25,1.074255760613596e-06,low,2.68563940153399e-06,False,0
ee587d0d1f4727f4f2aa58f8205e19073bbeef01,331,TRANSFER,734395.06,0.0900072542236012,low,1.8135559002985246e-05,False,0
4315c8917b405501850b9f97ea9ce22fdf16039c,20,PAYMENT,10786.3,9.43319082580274e-07,low,2.358297706450685e-06,False,0
ee53e12d4bc8ced37ba4a45f155228f863a874ea,46,CASH_OUT,22820.65,0.0006207843776792288,low,0.001551960944198072,False,0
d60e5c99494ad2537900d9bcca732518e6f8c976,162,CASH_OUT,210303.73,8.600001456215978e-05,low,0.00021500003640539944,False,0
d2989602540c43d141a13c081800af7813f86a35,37,PAYMENT,5972.19,9.425252937944607e-06,low,2.3563132344861515e-05,False,0
df41272b872d579fd2c12bc98a5b5184c69e336f,353,PAYMENT,25546.16,1.0566338460193947e-05,low,2.6415846150484867e-05,False,0
fed6dcabb560e96194ea70b0e9963df8e6ed173f,16,TRANSFER,189955.05,0.31407581543922425,low,0.11393953859806061,True,0
682ae1d3bb1287de7c6806124dd449fdbbbe2e44,323,PAYMENT,59178.07,2.163122371712234e-06,low,5.407805929280585e-06,False,0
e4440c914498fe97089efa560bd7b91d843b2ca2,253,CASH_OUT,224847.69,0.00012773695634678007,low,0.00031934239086695015,False,0
eb9f37ae13e869842e343feaccba0e1a5a6d6b0f,44,PAYMENT,695.91,8.346066169906408e-06,low,2.086516542476602e-05,False,0
157eac7188f5bdb6af2e2a5a9093c500a4b12ab9,353,PAYMENT,16491.72,1.8780613027047368e-05,low,4.6951532567618415e-05,False,0
53e21e09d8d52e9c09e73f5ab6dc4a2770a7ff2b,308,PAYMENT,2847.35,1.7493365157861265e-05,low,4.3733412894653156e-05,False,0
4b9fb0e67294d04e0b71613cc1b8e56caf7f4f5e,377,PAYMENT,1556.96,6.422534625016852e-07,low,1.6056336562542128e-06,False,0
e896baddd4ea0bb9632878ed4770149ec8a551dc,298,CASH_OUT,182268.6,0.4611724233627319,medium,0.6279310584068298,True,0
256124cd345aecf607871b8d5c1a62ae5005fa6b,130,CASH_IN,34507.03,1.8825421648216434e-06,low,4.7063554120541085e-06,False,0
808f2c01a23a77f3abeb8f2a93bc8609a13a24a9,587,PAYMENT,10227.67,3.9773818571120506e-06,low,9.943454642780125e-06,False,0
bfabbca8dc5b8e4ff4cb8551b96fbb22dde7beaa,180,PAYMENT,2414.13,3.198108242941089e-06,low,7.995270607352722e-06,False,0
d908c1ba16df64bf44ef0f898a6ab6716d26f672,331,CASH_OUT,152588.1,6.53459646855481e-06,low,1.6336491171387024e-05,False,0
efbbd386c9b7ff915e4b41fed0588b731ebc8858,141,CASH_OUT,172139.66,0.2199438764154911,low,0.02485969103872776,False,0
ba7c915493d442a9789391775f7584946b7578b2,348,CASH_IN,47376.19,2.2010430257068946e-06,low,5.502607564267237e-06,False,0
071c47354dcef4b09a2f90f9d5a9d83ce9fbbeb2,137,CASH_OUT,266501.38,0.00015249495627358558,low,0.0003812373906839639,False,0
bd241f6fdbcc3b34959a472c1a864b061ade0593,184,PAYMENT,4694.53,8.0389145296067e-07,low,2.009728632401675e-06,False,0
cb5536e0fbc15683083dda831b67f92ba6650c17,162,PAYMENT,11834.52,6.897981802467257e-06,low,1.7244954506168142e-05,False,0
afc4bdc57b840de2ebbf244f35d52f5295bdb1e6,327,CASH_IN,305303.25,7.2249713412020355e-06,low,1.806242835300509e-05,False,0
3adb9560e4019a3c742e804681ae2cb637b0277a,375,TRANSFER,184895.3,0.0900751453335397,low,0.00018786333384923637,False,0
caec6ef4e8e976789a4405ae4ab6255dc1d3295e,215,CASH_IN,33928.86,1.6545540347578937e-06,low,4.136385086894734e-06,False,0
faff81632d39c339199cd7c05a88fcab1bf0f9cd,204,CASH_IN,71703.68,2.5620993255870417e-06,low,6.405248313967604e-06,False,0
2259e29d2b45ecbac300a49419554e733b34193c,136,CASH_IN,226553.44,4.810253358300543e-07,low,1.2025633395751356e-06,False,0
765dc6d872887c10cf848f7d11b4749cc61902eb,687,CASH_OUT,71861.93,0.00032157492823898793,low,0.0008039373205974698,False,0
b4faf3618a4e2f405a74ef19440d350529e3e357,231,PAYMENT,11809.81,6.459582800744102e-06,low,1.6148957001860254e-05,False,0
9aad12d6c939167303fb9b669fef0acd1cc50ef0,304,CASH_OUT,270246.6,0.00017138152616098524,low,0.0004284538154024631,False,0
9c5baa070cca29b055ba49ccf386667a009977e4,226,CASH_OUT,13284.23,6.2949766288511455e-06,low,1.5737441572127864e-05,False,0
16c27ae86314d8fdad8fe44e6656c2a4ddb7c161,160,CASH_OUT,14564.87,0.00041610300540924073,low,0.0010402575135231018,False,0
897c4fbb85cd60600bb5a6be26a78e27bb7a5955,232,PAYMENT,19812.73,4.420899495016784e-06,low,1.1052248737541959e-05,False,0
2708348fde53e2735a08673ed1b186f435f14d9c,9,CASH_OUT,88653.38,0.0003104527015239001,low,0.0007761317538097501,False,0
6cd14a108f7d0bb2b1fb97a84ad223128347f15c,228,TRANSFER,895032.3,0.09009622512734496,low,0.00024056281836237758,False,0
916cffdb3dcfd386fe2524d9e869bff6a983a18f,258,PAYMENT,12512.51,2.3725471692159774e-06,low,5.931367923039943e-06,False,0
c90e58c26fd94977d782a3fb12d5e64147c6f4cd,181,CASH_OUT,3298.84,0.00018109777010977268,low,0.0004527444252744317,False,0
786e60531ac4ada53d2c63b93ab086610312d5eb,9,CASH_IN,64428.87,1.6437523299828172e-06,low,4.109380824957043e-06,False,0
232d4a83ed3c303cf623ac712b4b1164a98c9914,130,TRANSFER,725149.5,0.09012598268222065,low,0.0003149567055515945,False,0
5a67e7122ac5ce105333753fff922fe694f517d2,332,CASH_OUT,132271.27,0.0005689612124115229,low,0.0014224030310288072,False,0
9ca3b612ac01349202b90d3ae6f7175f31cc8b4c,325,PAYMENT,25633.57,4.832047488889657e-06,low,1.2080118722224142e-05,False,0
84528cc60f0289965983ce10a1a42b61bc4ca750,179,CASH_IN,226870.52,5.384463293012232e-06,low,1.3461158232530579e-05,False,0
9bc2bf0309256c19bbd1d31d1592e65b2a85b3b9,15,PAYMENT,11330.06,4.352161340648308e-06,low,1.0880403351620771e-05,False,0
369e783b200eb6a1a1f22f158f3773c51113e5f6,232,PAYMENT,9137.37,1.0172573092859239e-05,low,2.5431432732148096e-05,False,0
35fc48e5cd75fdd7fd6b014adf128637f27d1f5b,201,PAYMENT,7586.89,8.25636598165147e-06,low,2.0640914954128675e-05,False,0
89641bf85f20d8a2c84d1e8db966ce052ee861aa,181,CASH_OUT,178975.11,0.0005898495204746724,low,0.0014746238011866808,False,0
575508b9451ee8d7fbaefebc232c04a1f91e43f9,187,TRANSFER,16573.86,7.362003816524521e-06,low,1.84050095413113e-05,False,0
458653287a38a3a7db5af9453828706ad89bab33,373,CASH_OUT,98125.44,0.00017461678944528103,low,0.00043654197361320257,False,0
a7ef378a5de6ac25fc80ca1a1d329fb707b50902,14,PAYMENT,24561.51,6.853765225969256e-05,low,0.00017134413064923137,False,0
41eedb2c004e32d6d4cbbb0e004ab098731bfa04,276,TRANSFER,175867.0,0.09002406665589661,low,6.016663974151015e-05,False,0
7d461326478d8391055ecf7d669dadc0423828e8,9,CASH_IN,290034.88,4.760152296512388e-06,low,1.190038074128097e-05,False,0
a3892a177b8cbe39ad7a437f049a469355aef0f4,335,PAYMENT,301.97,1.758150028763339e-06,low,4.395375071908347e-06,False,0
844bcde8832d84036966ec753c413684db849910,230,PAYMENT,11346.38,9.532406693324447e-06,low,2.3831016733311117e-05,False,0
e0e8740c7fc1aaa2c49977d37e8b9a758281edf9,282,CASH_IN,193460.02,1.8325101336813534e-06,low,4.581275334203383e-06,False,0
ba32fe2900e6204b800034cf6b813a7689c8224b,21,PAYMENT,12497.76,1.0907502291956918e-05,low,2.726875572989229e-05,False,0
2bef1a73e9060afdbaf63be459e5a07a9705705f,188,CASH_IN,96452.55,2.154247522412334e-06,low,5.385618806030834e-06,False,0
ac709f59883d991982585f1bdf4f3962f6431e72,212,CASH_OUT,8071.12,0.00025804010219872,low,0.0006451002554968,False,0
c3cc64e613b5ce17a130c7646bd35832a6bc32ef,164,TRANSFER,5107.35,0.00025389580987393855,low,0.0006347395246848464,False,0
5d20489a2ad002aed15bc049d51a7658b637020d,168,PAYMENT,14158.25,5.380146831157617e-06,low,1.3450367077894043e-05,False,0
e97599002eede2a5c645681ce246b2d4384dac3d,378,CASH_OUT,80211.06,0.2265729209780693,low,0.041432302445173264,False,0
bb0a17f3ecb0fb1f399c85f5e573f4c499bfe613,260,PAYMENT,5937.01,1.3579655205830932e-05,low,3.394913801457733e-05,False,0
7eb072f15bfd7521abebb90f50852bb34d43bd9d,20,CASH_IN,128029.82,6.731930625392124e-06,low,1.682982656348031e-05,False,0
07b14be1028f3a6344a72d427aeccf2be3ab208d,44,CASH_IN,130108.22,6.020856017130427e-06,low,1.5052140042826068e-05,False,0
c5e83cb3501e934e7bc2f0fb47fd438bf9cc25e9,548,PAYMENT,12884.26,3.3804841223172844e-06,low,8.451210305793211e-06,False,0
3c2a21d38aec35a01fc7ea4c4e964366e723799e,251,TRANSFER,9402.21,2.3257332941284406e-06,low,5.814333235321101e-06,False,0
5965617dc7053d87352f03b7531b6f84966e2c05,281,CASH_OUT,187883.62,0.00042492193169891835,low,0.0010623048292472959,False,0
9a74598adb12b18a9f7cf1999dda084c7abf0217,299,PAYMENT,16297.51,4.115911360713654e-06,low,1.0289778401784133e-05,False,0
66d03d5a38e53b6dfc66d2937d66e0f3bc571da2,156,CASH_OUT,203296.7,0.00041567394509911537,low,0.0010391848627477884,False,0
cbc4318d212dc7cf66b17b221d4b2adb54c8e2ab,132,PAYMENT,15378.77,1.9667177184601314e-06,low,4.916794296150329e-06,False,0
61b7202645fea486e6ca17199de465c385b15099,259,PAYMENT,14393.31,1.3924563245382161e-05,low,3.48114081134554e-05,False,0
2b38380035aaca8736021904549e20ab146f8d9b,686,PAYMENT,6756.97,8.939722647482995e-07,low,2.2349306618707487e-06,False,0
a655db248abce91c30f03fd992263f6a00ce05f3,347,CASH_OUT,421543.66,0.5062664127349854,medium,0.7406660318374634,True,0
f5354a9d29a2531ffda7a76a9178a8efff01ddda,298,CASH_IN,57285.58,1.378870820190059e-06,low,3.4471770504751476e-06,False,0
7161a292daa84105b6506c670cfaa31a5f8ac3b0,330,CASH_IN,111520.55,1.2829359548049979e-06,low,3.2073398870124947e-06,False,0
7ac9096541399c725841a6ddcdf48136256a3797,261,PAYMENT,5184.3,1.6532582230865957e-05,low,4.133145557716489e-05,False,0
eb2a584cdf8baab779341fea56d14b4d2d7c2fc8,46,PAYMENT,4712.1,2.2134504979476334e-05,low,5.533626244869083e-05,False,0
e39fad7d777e8c88492f9dd8600be4e4a2b79c66,253,CASH_IN,121399.96,2.6072333639604043e-06,low,6.51808340990101e-06,False,0
dcaa87f31bf0c4daa423fb96edd007f9af663629,180,CASH_IN,71764.8,1.4208252650860233e-06,low,3.552063162715058e-06,False,0
7fcf375822615d4be35e388dc22db140a6c7d056,282,PAYMENT,6784.39,4.15409122069832e-06,low,1.0385228051745798e-05,False,0
f743eb32032654bb9143a9dff4f70592adcd7583,212,PAYMENT,8795.83,1.7306940571870657e-05,low,4.326735142967664e-05,False,0
eeca0949e50f7e2f2cb37fecd00257daa8e471a7,276,TRANSFER,33964.05,0.00014515636721625924,low,0.0003628909180406481,False,0
fb58e406e4b72f4144354cef46da46d4e4f8b563,234,CASH_OUT,82966.52,0.0006672040559351444,low,0.001668010139837861,False,0
d8ca133b9d848df7aab4ba9a069feb942d3fd91d,369,CASH_OUT,312494.53,0.21459230877459048,low,0.01148077193647623,False,0
7554b7c6d71b10882a624002bc26b976b8f7743e,180,PAYMENT,10019.62,6.0355159803293645e-06,low,1.5088789950823411e-05,False,0
17b69ae758966b61c2e8f3675eee444a7fb96a14,157,CASH_OUT,29390.69,0.0009523058310151101,low,0.002380764577537775,False,0
7fc241671eaa4dc299362b36235aafedfbef61ea,183,CASH_OUT,251043.16,1.5923789760563523e-05,low,3.9809474401408806e-05,False,0
c5d7f168c7f60cc3ec4b4a450ca7a6bc898812db,16,PAYMENT,12175.34,2.3452843379345726e-06,low,5.863210844836431e-06,False,0
f41e9425079c350bba0e07a42d20af182a052170,397,CASH_IN,10276.84,2.9902084861532785e-06,low,7.475521215383196e-06,False,0
4be7ae21f0dd80a92e6ec86f9772492dbae0a324,298,PAYMENT,76893.89,1.6871772459126078e-06,low,4.217943114781519e-06,False,0
e3f965bd9851706efbf34a1c363bc5c2987c0452,44,PAYMENT,17878.19,1.1944209109060467e-05,low,2.9860522772651166e-05,False,0
ace43b34f52407ac9a21b7ac4f7d07a245ebc966,306,CASH_OUT,71553.58,0.00022748098708689213,low,0.0005687024677172303,False,0
4ff700d9cb84779451f777fbb7cbfa1b8674c4bc,230,CASH_OUT,65315.88,2.7710816357284785e-05,low,6.927704089321196e-05,False,0
738568177f7b04289bca84430973e5396cf832b6,185,PAYMENT,11582.41,9.250751463696361e-06,low,2.31268786592409e-05,False,0
9234bdba6f79d0802970fdda8055c1f305fded15,18,PAYMENT,3432.24,7.530816947109998e-06,low,1.8827042367774993e-05,False,0
59421d668022a1d119946fc2a9133f4474ead2c8,302,CASH_OUT,177353.84,3.499359081615694e-06,low,8.748397704039235e-06,False,0
7f5896b8a759329687efb89d423719042caedad0,10,PAYMENT,21087.78,1.5026680193841459e-05,low,3.7566700484603643e-05,False,0
9b32c5210a82a641307a5e27c7b5ad4024c58f51,301,TRANSFER,155893.05,0.09010792380198837,low,0.00026980950497090816,False,0
5f8bf91003e53d334a6003cd501ececb13fd1bdc,41,PAYMENT,12483.11,1.2929784134030342e-05,low,3.2324460335075855e-05,False,0
c3058e2f5762a3bb2321a0b0aa0d3203ebc51f92,524,CASH_IN,95436.86,3.0965198675403372e-06,low,7.741299668850843e-06,False,0
d3dad1192e177f2f9ad6e69fcc7d1f447572a017,139,PAYMENT,9770.36,1.078171317203669e-06,low,2.695428293009172e-06,False,0
cf8a115023e44a1bb71f00d0e59d42d5456a80db,308,CASH_OUT,89724.07,3.4944203798659144e-05,low,8.736050949664786e-05,False,0
08c7a4d7b3a51386a57e6b1cc140225e446e418c,161,CASH_OUT,53771.96,0.0003745923284441233,low,0.0009364808211103082,False,0
4006299e9238690fc42c90ce625ad71c9ed537ec,188,CASH_IN,181804.27,8.862525646691211e-07,low,2.2156314116728026e-06,False,0
cca4d2958410028a2af847f2d2f445d54749fda4,235,CASH_IN,48601.46,5.225506174610928e-06,low,1.306376543652732e-05,False,0
18e492b36271efe321ecdb7739193e8098bf167f,299,CASH_IN,281489.7,4.768781218444929e-06,low,1.1921953046112321e-05,False,0
807871fe2cd434a0913260986a086fcbb13e50b0,165,CASH_OUT,99775.16,0.00011242761975154281,low,0.000281069049378857,False,0
98b25235728b3b54722e9893e5964b3e845d2f86,305,CASH_IN,208772.48,1.0784973710542546e-06,low,2.696243427635636e-06,False,0
66d46e99ffe73c5c912018854a9f51d17e87d997,279,TRANSFER,360736.94,0.09015895948745312,low,0.00039739871863275766,False,0
c28640e649ed085eaa705298362d31c5f689ef44,346,PAYMENT,1337.71,7.765856935293414e-07,low,1.9414642338233534e-06,False,0
6fb95ebffb7680e73d9f38496798ff77fd53291a,324,PAYMENT,20655.48,7.12853143340908e-06,low,1.78213285835227e-05,False,0
8cdef3e6a187b9d3eb700ca18636fbe94c808976,307,CASH_OUT,24869.7,0.0006406327709555627,low,0.0016015819273889065,False,0
56eb92287c5d335b2fbdfe5aae22b68575655c4f,595,TRANSFER,154253.61,0.09007978309877218,low,0.0001994577469304204,False,0
0eb9c2bff72293aeda361d9f2d6affa916483f88,153,CASH_OUT,290301.25,0.000202609458938241,low,0.0005065236473456025,False,0
e63b952476eb3ded9ef498c7f4ced65c3b22b5d1,18,PAYMENT,3735.66,1.189246540889144e-06,low,2.97311635222286e-06,False,0
88b841bdd11f83ed9cf7e44e3a56b19547562355,11,CASH_OUT,125982.38,4.5670286635868254e-05,low,0.00011417571658967063,False,0
dbff01928ccf1aa3c6642d31691e3ecf2d2d9306,225,PAYMENT,14354.5,1.9809538207482548e-05,low,4.9523845518706366e-05,False,0
ea5b9cdbb9cbd392bb02bac04ecde921ca06956d,205,PAYMENT,22627.08,2.1206429664744065e-06,low,5.301607416186016e-06,False,0
80186897e90169787ce2f57a7e9af0bb2f202e6a,394,PAYMENT,18213.66,1.5659323253203183e-05,low,3.914830813300796e-05,False,0
53e22e9161db7fedc62d6e40071191e942aff8d0,282,PAYMENT,6351.22,1.0808077604451682e-06,low,2.7020194011129206e-06,False,0
aa0f1f1bb4a5308f80bcde58ace0ea0d1786b5c3,596,PAYMENT,6696.04,1.824682694859803e-05,low,4.561706737149507e-05,False,0
ec9a7d234ff78f5b3255c60d6279e1ab81052b43,371,CASH_OUT,410005.22,0.00026502881664782765,low,0.0006625720416195691,False,0
7fbf15b07087fc52b768bae7612326785781aafd,357,CASH_IN,248087.7,7.3929186328314245e-06,low,1.848229658207856e-05,False,0
f61cd86f527f1166121d956ba60fc1fe8f49b4fc,22,PAYMENT,9430.56,1.0964590910589323e-05,low,2.7411477276473306e-05,False,0
03c976d7929f93db5397e76de641353ba637573a,16,CASH_IN,14214.32,1.0856247536139563e-05,low,2.7140618840348907e-05,False,0
98a281ada5dfeea3900bfeaec203436946fcfd58,260,PAYMENT,11175.4,1.3917251635575667e-06,low,3.4793129088939168e-06,False,0
8d08a570d4dcecc45c58bad4cebf730ff01a8312,333,PAYMENT,2533.02,1.6272848006337882e-05,low,4.06821200158447e-05,False,0
74fcf501394effbf52fffacd05f415467835f5d5,348,CASH_OUT,262469.12,6.239395588636398e-05,low,0.00015598488971590996,False,0
abc9268cd1df5f70e06259675883eb3b3bb33338,129,CASH_IN,111548.76,2.6162299036514016e-06,low,6.5405747591285035e-06,False,0
90a3df88ff82d4d264ae0c4392de8330cff3032f,250,PAYMENT,17009.84,6.207220576470718e-06,low,1.5518051441176794e-05,False,0
caee35d26ca4c1505cb9689f471579b793b37d14,213,CASH_OUT,69529.27,4.0644416003488004e-05,low,0.00010161104000872001,False,0
d1d66dbf52391d8dd4841da3fcd8569976e7754a,345,CASH_IN,224861.52,6.618228508159518e-06,low,1.6545571270398796e-05,False,0
ef56a90f17282e73fb883ef653f0f59e8e855cea,400,PAYMENT,28884.32,5.280425830278546e-06,low,1.3201064575696364e-05,False,0
ebe75e95e03d5e731689dd98cedc9171b3cbf660,234,PAYMENT,7451.39,3.969079625676386e-06,low,9.922699064190965e-06,False,0
692c600a9f49d2137418e827e4d61e4fb2f61272,300,CASH_OUT,81576.44,0.0020521661266684533,low,0.005130415316671133,False,0
884f6978d5b9b3425912851c169b73c7df905d54,323,PAYMENT,31274.04,3.863211168209091e-06,low,9.658027920522727e-06,False,0
c93eb1d514ac46eada8d0b22050a3c5c754f382e,309,CASH_OUT,83749.42,7.557516801171005e-05,low,0.00018893792002927512,False,0
4ec3eafc0bff82934cdc3d7312173d894b3ad597,596,CASH_OUT,156093.17,0.00017648282228037717,low,0.0004412070557009429,False,0
9882737f22dc0d262cf333731ad695a155698ce5,380,CASH_OUT,130257.36,0.21409521535038947,low,0.010238038375973701,False,0
6d52bd8f0bf583f91e96114a47e73a2a1c511ffb,260,TRANSFER,368733.0,0.4533545074462891,medium,0.46213626861572266,True,0
cf8cc8da157cfd501cc4cbdabcd6cccff91ae3d7,408,PAYMENT,39436.1,6.176189635880292e-05,low,0.0001544047408970073,False,0
17c0ec91bc00e2d9ceaa4e8151cfa593c0e4e9cd,237,CASH_OUT,229868.75,0.00047600413672626023,low,0.0011900103418156505,False,0
de1bd91a15631579bebcf86f9c0bbf96f9d204e0,286,PAYMENT,15985.6,5.486426525749266e-05,low,0.00013716066314373165,False,0
396e28d79c148c831f8e5d4852bb505899edbc36,157,PAYMENT,370.34,4.1071011764870495e-07,low,1.0267752941217623e-06,False,0
82f701cfd00263f05b13224514fb84cdc81eef2f,43,PAYMENT,24397.73,9.183614020003006e-06,low,2.2959035050007515e-05,False,0
af99f27805aa2a5b6ff7d6cb07b3d6038f80d9de,375,CASH_IN,257209.6,5.348393460735679e-06,low,1.3370983651839197e-05,False,0
09e392d7d773a0e2c3a4b856351a4dfe913a33ca,17,CASH_OUT,30773.67,0.00015411453787237406,low,0.00038528634468093514,False,0
60cd7d51017f543b6b32e98d851fe776458f30af,15,CASH_OUT,10966.78,9.199115447700024e-05,low,0.0002299778861925006,False,0
bfcc82127982b5fe77bb46e7e1f427e4ae8883e3,163,PAYMENT,9563.58,9.840684651862831e-06,low,2.4601711629657075e-05,False,0
ce8ed8c1c7187ad9e51c0405bd5803f02a9653a6,159,CASH_OUT,219837.83,0.00021908462513238193,low,0.0005477115628309548,False,0
875d5b417572eb290338fe9e725881524007d6a2,249,PAYMENT,2863.92,8.608628559159116e-06,low,2.1521571397897787e-05,False,0
99362f21a97054befbf11acabdeec800de87defd,256,TRANSFER,60403.5,3.373649960849434e-05,low,8.434124902123585e-05,False,0
ef1806838bd2ebe6d72e7f9291c68da4fb7739e7,375,CASH_OUT,241048.66,4.438375617610291e-06,low,1.1095939044025727e-05,False,0
f8bccf34cd008886b62e99b8ca93eaed28ecea85,43,TRANSFER,451909.72,0.281465589761734,low,0.03241397440433502,True,0
285d60b1eff2ad28542c71ad590d783b0dbe2f58,19,TRANSFER,743971.4,0.26851338078727716,low,3.345196819282137e-05,True,0
063639f45634f007559c1bf2279aeba5f824280a,202,CASH_OUT,206622.88,0.00012668789131566882,low,0.00031671972828917205,False,0
9df43614bc477a8efb6c00edb4c1315001ef2bb7,305,CASH_OUT,99392.73,0.00037781612481921914,low,0.0009445403120480478,False,0
4efd0174375a5fe09640a92b39f7eb4a1f4a2e5f,228,PAYMENT,29780.56,8.466426515951753e-06,low,2.116606628987938e-05,False,0
40b1c18b8c71008c0e303f42372f23f40f667a53,163,CASH_IN,160766.47,8.128780791594181e-07,low,2.0321951978985453e-06,False,0
cb1a352e1fa449086fb64dab1a2ec4b9a7dd3bae,306,CASH_IN,36809.91,2.5275694497395307e-06,low,6.318923624348827e-06,False,0
6f96a0bb2c8bbd1ea184c40b9f473c5c0c2b66c4,401,CASH_OUT,239675.89,6.7213455622550105e-06,low,1.6803363905637525e-05,False,0
0a91cc88a31dd51129d11e64764218d4cb9620fd,234,CASH_OUT,414066.3,0.21044544907286764,low,0.0011136226821690798,False,0
0115a704eed0e2009062fb24404f8f05ab8fdab1,253,CASH_IN,382847.5,4.2420074350957295e-07,low,1.0605018587739323e-06,False,0
3de5ef6bd3ba2558966c0bbf0fe0af26edbc6b2f,8,PAYMENT,101.42,1.2248822713445407e-06,low,3.0622056783613516e-06,False,0
df49c682067c27897be440c4bf98dd0faa3b9ec9,163,CASH_OUT,182880.4,0.00022417563013732433,low,0.0005604390753433108,False,0
1c2fcbdf308e7fff64c56beedf4e8ea4d47eb525,474,CASH_OUT,224852.81,1.4459833619184793e-05,low,3.614958404796198e-05,False,0
b2d6c126f5cbf63d4193f3d6907bc71f159b0319,321,CASH_OUT,315254.4,0.00043082330375909805,low,0.0010770582593977451,False,0
5a4115498e17dac113bb09d72a0bb49260413e8a,165,PAYMENT,7128.96,1.5509118384215982e-06,low,3.877279596053995e-06,False,0
791818502e7db2da00b33a94aa1b5ad94f3b6cde,14,CASH_OUT,146560.9,6.963940541027114e-06,low,1.7409851352567784e-05,False,0
64682e45ba8e7039556ee5aee7be9a7b089dc8a4,13,PAYMENT,32158.27,6.522018811665476e-05,low,0.00016305047029163688,False,0
ef1a8d0615813bae7ccc9bf23ac9aedbe483472b,130,CASH_OUT,60073.67,0.0002381319645792246,low,0.0005953299114480615,False,0
b29de62d89fba9c28b913d2f22e9ec6004b965c4,8,PAYMENT,1415.82,5.354037784854882e-06,low,1.3385094462137204e-05,False,0
2ea50c53f1ebca53678b870c20307bac3d96da27,139,PAYMENT,11972.28,1.4294992070063017e-06,low,3.5737480175157543e-06,False,0
2f4d16c0febabbdeee9b30de7df3e4f9496ac3e1,375,CASH_IN,213023.34,1.094980470952578e-05,low,2.7374511773814447e-05,False,0
7dd8d2e36aa8cbbef45bf74313a1612bd50da56f,307,CASH_IN,178795.14,4.5247743400977924e-06,low,1.1311935850244481e-05,False,0
8cebc681e9a3a8946a14a32d04f13049a439c19b,372,TRANSFER,417171.4,0.0900158806462423,low,3.970161560573615e-05,False,0
49f4614ba5bae6c524f3cb3e79ff5a2e9fba9541,160,CASH_IN,12110.94,7.716065010754393e-06,low,1.929016252688598e-05,False,0
48d0e5c39923e23863056da133a3f946215c7694,255,CASH_OUT,27742.78,0.0008516637608408928,low,0.002129159402102232,False,0
dc27f4280bfa92558d5f3009a71c4a59995c9c26,594,PAYMENT,2515.74,1.0871839913306758e-05,low,2.7179599783266895e-05,False,0
2ec5c8324777b06b7c59a72f513a75a992d2a997,256,CASH_OUT,124898.64,0.21430961698293685,low,0.010774042457342148,False,0
7a0fafe775c55caa634c206d431b5466722c9fea,203,CASH_IN,272285.72,3.516091965138912e-06,low,8.79022991284728e-06,False,0
7a50659f99aa6c381910c07ebaee9bd27f621257,234,PAYMENT,3088.05,1.2027224875055255e-05,low,3.0068062187638134e-05,False,0
d05578b6ff52c72f2a6fcb711e79ecadfc36cf64,226,PAYMENT,1750.85,9.235414472641425e-06,low,2.308853618160356e-05,False,0
12560bf575e83e7a3b88e3c8aae45536238f2780,278,CASH_IN,305641.34,6.793190550524741e-06,low,1.6982976376311854e-05,False,0
f3bcecb7494f573c8a4f098a3bc47f451b5bc0d2,332,CASH_IN,150102.5,3.5687411582330245e-06,low,8.92185289558256e-06,False,0
491f8d5af91219bf7e7f5259561ad202e8d3725f,229,PAYMENT,2360.34,4.335167886893032e-07,low,1.083791971723258e-06,False,0
c9f45dd25dc95d27e59f54543e9a6b1e638a3898,235,PAYMENT,8145.25,1.0388102236902342e-05,low,2.5970255592255853e-05,False,0
ecc22224e4a4f592b60d7754632424603e7b58b8,258,PAYMENT,15264.87,1.9497319590300323e-05,low,4.8743298975750804e-05,False,0
6230c8fb59e43c3741a94202dcc8ccde3468abf7,282,PAYMENT,24441.6,6.747287698090076e-05,low,0.0001686821924522519,False,0
6a3974f4f72de858033d8f87f1e95ca0bdd76af1,42,CASH_OUT,284975.6,0.00018947931239381434,low,0.0004736982809845358,False,0
e621793bfd7a6fa974d9cebcde4026c38755dd1b,381,CASH_IN,44346.45,2.0525969739537688e-05,low,5.1314924348844215e-05,False,0
c168a33df1e211f907ada2d5fd6b8fb62d41cd87,253,CASH_OUT,150009.11,7.308002386707813e-06,low,1.827000596676953e-05,False,0
956653004fd25efd3df1ddb216ed1c77e7036a25,298,CASH_IN,264884.16,3.2187494070967663e-06,low,8.046873517741915e-06,False,0
011c17d02bab6ebfe74d52f7cdec614f14f27e4d,369,CASH_IN,247088.88,3.901962372765411e-07,low,9.754905931913527e-07,False,0
13dfbd3cdb8e7358e1d4c45eb60b5c0f6d50dce8,326,PAYMENT,1357.4,1.2141904153395445e-05,low,3.035476038348861e-05,False,0
7a111b18f597fee561e868bfbb8b964d97c921d5,184,PAYMENT,41049.81,6.810341437812895e-06,low,1.7025853594532236e-05,False,0
69acc868f71d8d09c8b16e0c14bedaf84acc9ebb,130,PAYMENT,9213.0,7.331205415539444e-06,low,1.832801353884861e-05,False,0
0ba56cc6f9a9ab49f0986e8ab537f94f8c199e34,34,CASH_OUT,56056.4,3.815996169578284e-05,low,9.53999042394571e-05,False,0
d9dedb848f84612392165a7d4931c753bc4f3aba,178,PAYMENT,5930.27,5.530287126020994e-07,low,1.3825717815052485e-06,False,0
1988f12765487d50cfe7c1f6a7d17726faf93509,158,CASH_IN,42828.59,4.933411037200131e-06,low,1.2333527593000326e-05,False,0
6343878fe35f5da5e8c38ed518d3c2d36adb9167,187,CASH_OUT,391598.66,0.0006301309913396835,low,0.0015753274783492088,False,0
119567cd616727bb232f3a96afb475c5845ea0cf,162,PAYMENT,19870.11,2.831135680025909e-06,low,7.077839200064773e-06,False,0
ad9ad8f48d9bbe1e05ab055f04973f452ac75b66,324,CASH_OUT,124736.99,0.0004214236978441477,low,0.0010535592446103692,False,0
33815ac575ab48d5a1067f3175a3a7b2d635abd8,44,CASH_OUT,213514.78,0.00029372514691203836,low,0.0007343128672800958,False,0
e5dcd38e093956662d9661d47e29fbd5cb2bb04f,399,TRANSFER,531525.25,0.09012269078288228,low,0.000306726957205683,False,0
3abb898c2d829cd4465062c050094a89d805ac2a,305,PAYMENT,12736.4,1.3627031876239926e-05,low,3.4067579690599814e-05,False,0
35ba976ea1c2ba27775a3e1c9b87d0ed07559c98,276,CASH_OUT,419726.53,1.2855312888859772e-06,low,3.213828222214943e-06,False,0
ad952d897999f087e80e5eb9385f9ead781cd145,208,CASH_OUT,176914.61,0.2111238560080528,low,0.002809640020132065,False,0
82592b8a3b9cb4cf61b1b1bded270933477b4e6e,9,TRANSFER,1588464.5,0.268912575295195,low,0.0010314382379874587,True,0
0ef321275fc3fd570121805b8940b7f5d0b99a2e,94,CASH_OUT,25275.34,0.002104771137237549,low,0.005261927843093872,False,0
1adb740a0faa2dd94f1f5afd8872cc11367ce662,11,PAYMENT,17094.79,2.7188398235011846e-06,low,6.7970995587529615e-06,False,0
7727bf581c94d010f2abb2678f53a6d6b92d3cfa,206,TRANSFER,324161.75,0.29857099926471714,low,0.07517749816179276,True,0
9a642bbc59bb5248e6334d7954308101b916202c,254,CASH_OUT,134190.05,0.00015116443391889335,low,0.00037791108479723334,False,0
8c82c30ddc3336e2ea1bca1ace9503c3e473aa16,203,CASH_OUT,480952.88,7.139512308640406e-06,low,1.7848780771601014e-05,False,0
c2852cf9c728209bcff6fb20ffc6f0b2d0d96062,301,CASH_OUT,325259.88,1.691365832812153e-06,low,4.228414582030382e-06,False,0
9fc9f266de1030c9b0f26e5b5ae1d82641d29278,214,CASH_OUT,272320.9,0.0006513435393571854,low,0.0016283588483929634,False,0
443abc7dfd38733f3571585c8f9e18391b1d2eb5,373,CASH_OUT,80415.78,7.072589942254126e-05,low,0.00017681474855635315,False,0
3a9c978bf9cd65d43c0c41515893f932b8fc1b36,137,TRANSFER,1395712.2,0.09007002080674284,low,0.00017505201685708016,False,0
493d280a6613083f8729c10333530fb911e6d400,378,CASH_IN,250009.8,4.14108180848416e-06,low,1.0352704521210399e-05,False,0
f4874c2f9c59071f51fa36d9ac02fce1f9febb28,185,PAYMENT,60463.91,7.324368343688548e-05,low,0.0001831092085922137,False,0
663135db163e94ce36a7b24fc4506bc9d9ec5a3c,168,CASH_IN,99400.55,5.175613478058949e-06,low,1.2939033695147373e-05,False,0
f09c8102986dbd7bea1eecead5b6425d466cf05b,157,CASH_IN,212350.88,9.0469911810942e-06,low,2.26174779527355e-05,False,0
ee23bf7668a500a2da36746a32c751cfbd259758,215,PAYMENT,10498.02,7.065702811814845e-06,low,1.766425702953711e-05,False,0
8869d5ebf3fa2f7c253144126453b08e54ea8ce7,162,PAYMENT,23648.18,4.883420187979937e-05,low,0.00012208550469949841,False,0
28e5d48d4fe22a5237da2c64c09615cd187c81b7,301,CASH_IN,358196.22,2.9827408070559615e-06,low,7.456852017639903e-06,False,0
760aabe446e08da0caa69097011f393cd1ca6fd4,205,CASH_OUT,22425.73,4.392775008454919e-05,low,0.00010981937521137297,False,0
a52c7d0df2ef4731671d90442c72ac3a5c00a8cc,402,CASH_IN,47704.82,2.515080632292666e-06,low,6.287701580731664e-06,False,0
6b156e5e80cfc3b3b32f93dc555ac5783688946c,284,TRANSFER,660713.94,0.09010702628642321,low,0.0002675657160580158,False,0
d7b569affbb968a030040d7b12625540ff95ef8d,306,TRANSFER,639956.4,0.0900728157174308,low,0.00018203929357696325,False,0
2f3f33b54f47136a0d3f8a18cc2a0fa5a746a62d,378,CASH_IN,124062.93,3.3846939913928512e-06,low,8.461734978482127e-06,False,0
e7c148b93192bf5c31507254b151d3cf88053a23,45,CASH_IN,82106.81,0.0009913652203977108,low,0.002478413050994277,False,0
dd48f4e95eea3e5a030ebbec7b8ced889c9c4bea,372,CASH_OUT,13065.42,0.00034003134351223707,low,0.0008500783587805927,False,0
cfc4cbd9f3ce4d64f2717d37c8b7ed84335d54ad,297,CASH_OUT,5680.25,3.052981628570706e-06,low,7.632454071426764e-06,False,0
f0291898fa9f3873bf2a143ec072ecbc3c2ba0f8,202,PAYMENT,12821.58,2.1072541130706668e-05,low,5.268135282676667e-05,False,0
0e47620d4a0e182b761b01b3210ba164f70605f2,375,CASH_IN,8873.98,5.406899617810268e-07,low,1.351724904452567e-06,False,0
47bec1624e9fad8713bb8b5002a9bae9a35cdac1,158,PAYMENT,6325.34,1.9261673514847643e-06,low,4.815418378711911e-06,False,0
cc3cf5ae5e1f5652817aeeebfa5bd05766ad0ca7,177,PAYMENT,3513.55,1.1376576367183589e-06,low,2.844144091795897e-06,False,0
ee6ba3b99ad2b178d6c593ddfe7232c9090fbd5b,10,PAYMENT,15301.24,6.605453381780536e-06,low,1.6513633454451337e-05,False,0
76371362e6b0fb467044376f94458aa1bc7b1a7b,226,CASH_OUT,59428.73,5.866927094757557e-05,low,0.00014667317736893892,False,0
15c0db719f914368b370c9d3c4d6eba2c2a78069,300,CASH_IN,349263.16,4.270536373951473e-06,low,1.0676340934878681e-05,False,0
c545cceec047a5d614be06e8c737e3cdeecfcf5f,401,TRANSFER,299308.28,0.09005388990975917,low,0.00013472477439790964,False,0
aef4a324869dcf23a4b0a4aa6f685d17394bf3d1,133,CASH_IN,71538.35,1.2664268069784157e-06,low,3.1660670174460392e-06,False,0
2ca0ee8baaf09f36be50448bb503f939c4fa8ed5,328,DEBIT,11464.24,1.1608661225182005e-06,low,2.902165306295501e-06,False,0
aac279ff96cdf76143864b6a0d062f2f826b2be8,134,PAYMENT,4184.55,9.565754226059653e-07,low,2.3914385565149132e-06,False,0
fea5a0e1b93dca212ffe100e58bbeb6a242bdaf1,262,CASH_OUT,152154.6,0.0008754342794418335,low,0.0021885856986045837,False,0
798827f84966b4107edca8f881e3406a14d0c9ca,329,PAYMENT,4467.94,1.3440434122458102e-05,low,3.360108530614525e-05,False,0
e7236099f86ee1e3f3f37a0dd7fbf2a6c4c3bdad,132,CASH_IN,81126.56,1.684010567259975e-06,low,4.210026418149937e-06,False,0
68ec5a0a316acbc9e84bb0663c91f8476ae23a38,19,PAYMENT,4211.52,1.160011743195355e-06,low,2.9000293579883873e-06,False,0
d3bb94e92e5e9f6eb188f46755e0065a8361a2bd,476,CASH_IN,220600.83,1.2184170918771998e-05,low,3.0460427296929993e-05,False,0
3610c01ed182390334e4fb129663153ed458ccdc,161,TRANSFER,842189.0,0.09008200823212975,low,0.00020502058032434434,False,0
4a733f1455637c7ba30656ae15f35c3361b23723,397,PAYMENT,32265.11,1.0286505130352452e-05,low,2.571626282588113e-05,False,0
392e8431e9ff681dd4c6b1925b4f5bf72cd36b56,131,PAYMENT,19982.3,1.098978191294009e-06,low,2.747445478235022e-06,False,0
5a0e43abc0e257af420e115457cf2de8268d7896,12,CASH_OUT,286542.9,0.00027401014231145384,low,0.0006850253557786345,False,0
6adff5bb81cc56110a6a087fc70fce5da043d018,188,CASH_IN,208528.12,1.0900077177211644e-05,low,2.7250192943029106e-05,False,0
06dfa4aad86a4ee74ad38de23c8b2c49380a4a36,210,PAYMENT,7251.37,1.1796336912084372e-05,low,2.9490842280210927e-05,False,0
8a5e3abcd2bd793b74c24198dd34c3666766153b,350,CASH_IN,95497.68,5.27028925716877e-05,low,0.00013175723142921925,False,0
b24e97acf1c521c0ba2012439f451fe8a393c0d6,324,PAYMENT,24431.0,3.896136695402675e-06,low,9.740341738506686e-06,False,0
24485cc60c679ec7154751405314dfed820fad22,357,CASH_IN,38984.28,2.244262032036204e-06,low,5.61065508009051e-06,False,0
560a9c88852dca506cceb5be7caf478df7f73a98,20,CASH_OUT,7120.99,6.677104101981968e-06,low,1.669276025495492e-05,False,0
5824e9efe899e15dbe13026e9c895fe614128c6a,233,CASH_IN,360675.2,4.0163440644391813e-07,low,1.0040860161097953e-06,False,0
062e2d429798fbc52ea3d75b5da43d1c24d05df4,451,CASH_OUT,257511.48,1.6997160855680705e-06,low,4.249290213920176e-06,False,0
bcb5936b7eee651798510c084ba47b5567eed4ea,40,PAYMENT,8028.62,1.0172573092859239e-05,low,2.5431432732148096e-05,False,0
1691c04fdfbec616c44ca0c0b9091205d8ae6aa1,300,PAYMENT,7201.27,1.046573233907111e-05,low,2.6164330847677775e-05,False,0
ea21b73f6e7e6df8d023ecb752acc45765d75f75,328,PAYMENT,10879.69,9.874282113742083e-06,low,2.4685705284355208e-05,False,0
16a151dc93e7636705c0bc931554a5b3b9746e48,251,PAYMENT,11237.96,8.598570275353268e-06,low,2.149642568838317e-05,False,0
473465dd7e6b341e4f3e3036effea3faa3343680,158,CASH_OUT,113421.73,3.2603251747787e-05,low,8.15081293694675e-05,False,0
1397abbbf13f6ed41df486bc58d8f429043a78a6,350,PAYMENT,24339.76,6.853765225969256e-05,low,0.00017134413064923137,False,0
26f18a2a120ecd708c61834b83b10b78363ed31a,33,PAYMENT,3038.72,4.032801734865643e-06,low,1.0082004337164108e-05,False,0
a2e0a86b5f815dfa463a80908d94b0f30b837c01,284,PAYMENT,27215.41,9.67283791396767e-05,low,0.00024182094784919173,False,0
65077b234862922646b608509e04b469e21e13f3,403,CASH_IN,143423.62,4.84414522361476e-06,low,1.21103630590369e-05,False,0
706ffd2893d6ec5c78e361b74c375ed62d714032,231,PAYMENT,2489.78,2.183167089242488e-05,low,5.4579177231062204e-05,False,0
908213e2d3fdd9a8f413911b8d03f3f84b43a130,400,PAYMENT,55595.44,6.744361016899348e-05,low,0.00016860902542248368,False,0
dd6bf2f793a13671cf5719096a732d0379151b93,15,PAYMENT,16649.52,1.154787514678901e-06,low,2.8869687866972527e-06,False,0
ec378de70fb66b17f5f02671dc7d5d8dadfae3e3,228,PAYMENT,9149.06,9.369546751258896e-06,low,2.3423866878147237e-05,False,0
fc9701ad8378cbaa1da712ba294ba49dad5e53a4,276,PAYMENT,13272.57,7.826518412912265e-07,low,1.956629603228066e-06,False,0
ac165e4adbbd15f1f4d6b98f44d3a51729fd40fe,131,CASH_OUT,73728.59,6.345974979922175e-05,low,0.00015864937449805439,False,0
f9559a15e4e8ae3db00e25ed6aeac7f10999d0f0,260,PAYMENT,1757.75,5.8803645515581595e-06,low,1.4700911378895398e-05,False,0
9384d28adff17257d38c2c93156145b18fbd7e71,378,CASH_OUT,139414.97,5.4126350732985886e-06,low,1.3531587683246471e-05,False,0
e7026b244eb6e861fc578f15c87dba3e7398df71,397,CASH_OUT,113542.18,1.3349051005207003e-05,low,3.3372627513017505e-05,False,0
a9a5134bba146a060541324540db2fd62e964d21,361,PAYMENT,9485.82,9.372754720970989e-06,low,2.343188680242747e-05,False,0
cc75974f0fdf381ab092952af6b12c3994bd0bc1,186,CASH_OUT,173582.6,7.180371903814376e-06,low,1.795092975953594e-05,False,0
8d2810207039ea510637904ad055a9c538573e33,227,CASH_OUT,13388.07,0.00023861315567046406,low,0.0005965328891761601,False,0
eb63ed10fadf2bba2533269f95ecf181f1473d45,210,PAYMENT,250.45,1.7612293595448138e-05,low,4.403073398862034e-05,False,0
1838d4ea8a2d0f829dad60abde47203fd5544561,642,CASH_IN,19509.83,1.3934091839473695e-06,low,3.4835229598684236e-06,False,0
03dbe17924ba80bb45f4f89809f7dccfb5dc28c0,18,CASH_OUT,66282.93,5.428512813523412e-05,low,0.0001357128203380853,False,0
f861fe3ad5a46033b831ff39f44510c7201cf957,346,CASH_OUT,182281.22,0.21011441871756686,low,0.000286046793917194,False,0
a48860fd1dd182a0d72865d4daf225e54c370513,526,PAYMENT,1621.39,4.767407881445252e-06,low,1.1918519703613129e-05,False,0
68915fb59db20cc6929a26e31f698a473eefb4db,141,CASH_IN,277058.47,1.2074389815097675e-05,low,3.0185974537744187e-05,False,0
7528a51427858f3a84af36ff96ae38e85abe1d38,179,CASH_IN,30599.57,1.6346901247743518e-06,low,4.086725311935879e-06,False,0
810636cb918d61f713d9d23e57214de6e49a4b86,160,CASH_IN,30852.52,1.950930709426757e-06,low,4.877326773566892e-06,False,0
3c5961677132f59f32b6db9846b45065f8d1764f,18,PAYMENT,2555.96,5.377228717406979e-07,low,1.3443071793517447e-06,False,0
e8b93cf24e94209fc1493bf0445b908e48142033,402,CASH_IN,264166.72,6.276161002460867e-06,low,1.5690402506152168e-05,False,0
7d3cd12a3a06966f34fc9a0ca5bf9cac29ef5e6a,236,CASH_OUT,344386.78,0.0006088077556341887,low,0.0015220193890854716,False,0
55c77ec756bfb154120e14da1e0ab39e9dc4da79,225,CASH_IN,26598.92,2.9992728377692403e-05,low,7.4981820944231e-05,False,0
94eb05b089fd765280522e3f08a51d374d741aff,345,CASH_OUT,23146.49,0.23707685470581055,low,0.5926921367645264,True,0
68231883952d376fb69bc2b90af4afd954886d61,298,CASH_OUT,185015.14,0.21097240405157208,low,0.002431010128930211,False,0
dd3fec842c6d9525354d4ea750ccf2d89efa70ca,240,CASH_OUT,321889.03,0.210423952518031,low,0.0010598812950775027,False,0
1503a222d6d70b9e720025ad55ebffee8fc74782,305,PAYMENT,18029.85,2.291801865794696e-06,low,5.72950466448674e-06,False,0
440eb4f21eccf9cde30abc058034a40176033ce7,140,PAYMENT,5976.94,3.2971442124107856e-06,low,8.242860531026963e-06,False,0
93d9991da2bb2d231360bb2249481abb339f5f8c,398,CASH_IN,328869.94,2.2044294382794763e-06,low,5.51107359569869e-06,False,0
519ba203b2e367ec5cac40dcc7c7997694aa0b68,212,CASH_IN,92777.55,9.380077972309665e-06,low,2.345019493077416e-05,False,0
ce4c1fe715bd71a29fe73634f9a1f972a243aee5,404,CASH_OUT,90979.62,5.234773852862418e-05,low,0.00013086934632156044,False,0
5c619fc6a5786c0e49f3c93fc57587701ea07426,238,PAYMENT,6045.69,9.801170381251723e-06,low,2.4502925953129306e-05,False,0
37fd3b0b6b02d253c4bca61ebe5b0154a685aa3a,551,PAYMENT,65.52,1.724256253510248e-06,low,4.31064063377562e-06,False,0
32940705256ff78e4a99d200ebd2ccdb9b99e1c0,141,PAYMENT,5100.84,6.071962343412452e-06,low,1.5179905858531129e-05,False,0
f4b01c1f0a1024094900d0be68430fc6f0e35a62,40,CASH_IN,135222.55,4.024165536975488e-06,low,1.006041384243872e-05,False,0
fe26a789fa82a8dfd7ac30dc9bf523739fb6bf7a,229,CASH_OUT,180256.77,2.1592219127342105e-05,low,5.398054781835526e-05,False,0
c6b9b47a3c760c55322ee5217a86e8b8ad485de2,284,CASH_IN,286965.84,3.8138732634251937e-06,low,9.534683158562984e-06,False,0
f3cfa7d4ce125a8e8628832db427a6da6c1a2e6c,181,TRANSFER,198319.66,0.0900554231053684,low,0.0001385577634209767,False,0
78de16c1cfb813f8cd684470e397d3fd4eed1562,34,CASH_OUT,102408.81,0.00011161880102008582,low,0.00027904700255021453,False,0
3fac1b22744de223eb42f38d874d8605590b31a3,207,PAYMENT,6208.5,8.441445061180276e-07,low,2.1103612652950687e-06,False,0
78be551195f2d90883110e34e63a722676355980,300,CASH_OUT,129442.77,0.0003597050439566374,low,0.0008992626098915935,False,0
9dd373bfd9574fdfe82057c2931beebc57d1af4a,179,PAYMENT,16307.74,4.368511508801021e-06,low,1.0921278772002552e-05,False,0
27bc8dc55b26599a6dae42ea2c7aa4df64d06d8b,20,TRANSFER,382912.0,0.09009731224854478,low,0.00024328062136191875,False,0
aa7e26d8f3dcf1681a19b13a8aa0be0d67b8ad56,227,PAYMENT,32884.64,1.0157391807297245e-05,low,2.539347951824311e-05,False,0
d493f565cf7adbc3d37e6f7e9e3455e8f779e6d4,158,CASH_IN,197876.48,2.3841427173465492e-05,low,5.9603567933663726e-05,False,0
22dbc3a6e74d36924f77bc7b831aa0ef05e76f28,355,PAYMENT,5808.7,3.6625559005187827e-06,low,9.156389751296956e-06,False,0
e713eb7014a845021602483f4db8592a5caf308c,251,CASH_IN,57873.05,1.017184549709782e-05,low,2.542961374274455e-05,False,0
3c575a4d1c8a83c0be54d849f07f89b9b86e7ed5,252,CASH_OUT,312421.03,4.5031811168883e-06,low,1.1257952792220749e-05,False,0
0fc7f0c5403ac7b75f20e034f287543c7a8ef07a,378,CASH_OUT,233259.33,0.0002286560367792845,low,0.0005716400919482112,False,0
c62233f2b44e565372746af2c7ec4c35f3cca9d8,301,CASH_OUT,290220.88,0.00018971001263707877,low,0.0004742750315926969,False,0
dc014d1aa9ffc115f75ebefa342a02ee0315b3f0,321,CASH_IN,205712.55,5.9269065968692305e-05,low,0.00014817266492173076,False,0
ecd143373802e77e05f88ac0781437a6a1c2eb14,351,CASH_IN,167899.95,4.3913638364756485e-06,low,1.097840959118912e-05,False,0
b4f35cb99d88b9adab94c40ede6ab49d88696759,232,PAYMENT,12385.31,1.2929784134030342e-05,low,3.2324460335075855e-05,False,0
360919884a3d3859bb026203c41187f897848a32,10,CASH_OUT,278413.5,0.0003927941899746657,low,0.000981985474936664,False,0
6324ff996b087856cf31ae183a853a8470afe6cd,282,CASH_OUT,138203.53,4.124359111301601e-06,low,1.0310897778254002e-05,False,0
98a4833411329e3cb75b7c150570ab186bea439a,260,CASH_OUT,54397.45,0.00016715392703190446,low,0.00041788481757976115,False,0
8d6194088065eb43625745c1a9b35f81e466d753,228,CASH_OUT,95222.2,1.1042431287933142e-05,low,2.7606078219832852e-05,False,0
336ab1182501f0805954d3261e19a8b30efa5bd4,397,PAYMENT,22425.62,3.589870539144613e-06,low,8.974676347861532e-06,False,0
e3e1002504ef1798121091434a92e0a273658278,10,CASH_IN,71159.9,5.523501022253186e-06,low,1.3808752555632964e-05,False,0
2867b7608d925aa754255b97173c35e4ba60dac7,135,PAYMENT,20782.22,1.7207259952556344e-05,low,4.3018149881390855e-05,False,0
5b428f5a5d22f21a04d8ab75b17c1d5646b802a2,187,CASH_IN,429308.22,9.561112528899685e-06,low,2.390278132224921e-05,False,0
af9f61d5707985553095becf6e25b6c00143d8c4,129,PAYMENT,10088.54,9.104487253353e-06,low,2.27612181333825e-05,False,0
85ea703c0f13ad85bbc1b5883f6f863c70653f23,332,TRANSFER,463277.5,0.09019423804478721,low,0.00048559511196799576,False,0
f9cbb3dd4a4039fb37d89bd5236855bb45a41a32,12,CASH_OUT,124456.01,0.21132503444328904,low,0.003312586108222604,False,0
fd9b26624734e801da95f694fcc49381c2e57a61,692,CASH_OUT,270032.12,0.2121816210821271,low,0.005454052705317736,False,0
f8930410e4d36eda78064931cf015ea49cc955a3,210,PAYMENT,2205.28,1.1132867075502873e-05,low,2.783216768875718e-05,False,0
4a8374d8b7bc6197666f70212cdaded5c7deef5e,257,PAYMENT,11621.69,2.4921146177803166e-06,low,6.2302865444507916e-06,False,0
58b4ed534fe8a22bcf63f3b7f9f1e706995cec1e,395,CASH_OUT,2557.85,6.28898967988789e-05,low,0.00015722474199719727,False,0
ec9c43c80c3d6fed3fb6aff55d299bad95054156,688,CASH_OUT,38676.2,0.0004456850700080395,low,0.0011142126750200987,False,0
181b73ae1440a66f1a56a474cedc9381df468643,373,CASH_IN,83447.07,2.7301239242660813e-06,low,6.825309810665203e-06,False,0
ba31db8db4aef19c0a936d5240ba51ea3a5ab0d7,231,PAYMENT,13710.64,1.215760421473533e-05,low,3.0394010536838323e-05,False,0
c18f91757dd625356a0567b080bce47f53f736bc,12,CASH_OUT,259759.28,0.0005508421920239926,low,0.0013771054800599813,False,0
90b1e9ee9bf2d729e15a6d0edd440afbd4d2a60d,403,TRANSFER,85512.17,4.12951922044158e-05,low,0.0001032379805110395,False,0
9daad5d05d88d2df08511c4a426ca7602a29c837,394,CASH_IN,161116.6,5.571070505538956e-06,low,1.3927676263847388e-05,False,0
a229132d452530f3cea90d4ddccc42e63618b5f5,178,CASH_IN,7923.09,5.853052243764978e-07,low,1.4632630609412445e-06,False,0
996aa3c0513dca2f8a2c2974c6a56c0e10282f7e,256,CASH_IN,249097.55,4.447955689101946e-07,low,1.1119889222754864e-06,False,0
f6670bbf79afdb906aa84193bf0fca540b98a51f,381,CASH_IN,95987.57,3.4277181839570403e-06,low,8.5692954598926e-06,False,0
0500d459170c382465028af5013711676c3b64e3,403,CASH_IN,84040.55,3.1046809453982862e-06,low,7.761702363495715e-06,False,0
a035f5bfc3ea64b8d56c6461eebbc9b41bf90848,206,PAYMENT,9216.46,1.0193422349402681e-05,low,2.5483555873506702e-05,False,0
eccde1cefea1e608bda5a4d56f931fa72a444c9d,156,CASH_OUT,518479.62,0.0003912701271474362,low,0.0009781753178685904,False,0
033cb66c88f72138dd52c4771b342bb19d92f891,19,CASH_OUT,105124.22,2.2656701912637803e-05,low,5.66417547815945e-05,False,0
4014ba35d86796b7624869362be61917da15ecd2,372,CASH_OUT,77510.71,0.21202380251139402,low,0.00505950627848506,False,0
6ef3918b25260314a0581d9191566b25d745cc45,309,CASH_OUT,33704.38,0.022397303581237794,low,0.05599325895309448,False,0
8c93581f65460d4dc9e3d0962f398c3d7458c6dd,380,CASH_OUT,316398.62,0.009246062487363815,low,0.02311515621840954,False,0
6191e4a44ccb334e3420872b81c5bce0a8ebbf8f,395,CASH_OUT,132089.7,0.21083861527964473,low,0.0020965381991118193,False,0
88fbc666c935302f17fee779e6fcbecf9a002e03,15,CASH_OUT,258212.5,8.88305832631886e-05,low,0.0002220764581579715,False,0
19387d9182934416816c65c321a4b48507ea2278,311,CASH_IN,149539.84,7.5342140917200595e-06,low,1.883553522930015e-05,False,0
9faad4e948afece863f6cd84b7da03f0beda65cd,381,PAYMENT,46536.19,9.264285326935351e-05,low,0.00023160713317338377,False,0
47db85b7f705ce981b9953f562cf720fe0d18232,179,CASH_OUT,154200.77,0.00017493168124929073,low,0.00043732920312322676,False,0
4789d9f1186c999280f3964a70ab75a6fd128416,191,PAYMENT,83.36,2.2440694010583683e-06,low,5.610173502645921e-06,False,0
b04784ae9f382389ad7431ac7b93a292c12245ee,37,PAYMENT,54635.81,6.9044319388922306e-06,low,1.7261079847230576e-05,False,0
c95aa2d8e74830a77a811350fe458b80818c2d38,395,TRANSFER,143250.69,9.892451998894104e-07,low,2.4731129997235257e-06,False,0
014524c55a8350835584afe41717149298a57ada,165,CASH_IN,46543.22,9.663679520599544e-06,low,2.415919880149886e-05,False,0
38737d70f1dee19b33339a2ad1b1c08a7eba42e7,35,PAYMENT,4798.79,5.400725967774633e-07,low,1.3501814919436583e-06,False,0
d5e67c904728269300f5b3f56288bdf49c56d16f,325,CASH_OUT,26906.94,0.0006186688318848611,low,0.0015466720797121525,False,0
3fe5c5899bb4b2bc33c0aa357c9d3e50da516138,381,PAYMENT,16295.16,1.9413755217101426e-05,low,4.853438804275356e-05,False,0
a6ab10618771bde56a6e193c97ffdafcb849c74c,155,TRANSFER,2185965.8,0.09022338568232954,low,0.0005584642058238387,False,0
6505fbd3beb20f610555ad313f3745544ca3a4f3,308,CASH_OUT,234941.95,0.0005361161660403013,low,0.0013402904151007533,False,0
0894c1f6976e77b0c8cde7334d6a713157ba3f17,129,TRANSFER,1433716.4,0.0900019003493435,low,4.75087335871649e-06,False,0
be640f0a73d18785470769d2d8df58f25c9dbfb1,15,PAYMENT,3363.04,4.640586485038512e-06,low,1.1601466212596279e-05,False,0
e1b12e1f58adf2ae02e4599ed6d2709248fa8dd9,307,PAYMENT,2294.65,4.6830482460791245e-06,low,1.1707620615197811e-05,False,0
4b27d0fdb74bc65357a82962667c1705000fd073,396,CASH_OUT,91150.53,0.00019756625406444075,low,0.0004939156351611018,False,0
19c6e489ac547d44726ffb0c81a64de7d2e4ee0e,299,CASH_OUT,194466.23,0.00012478111311793328,low,0.0003119527827948332,False,0
ee9f68e0ae0a79adf86fd801332d3845895324d7,131,PAYMENT,14353.14,2.0985047740396112e-05,low,5.246261935099028e-05,False,0
2e87d471a82eb92d79ad65552746465c70380086,158,CASH_IN,177481.53,2.4758661311352626e-06,low,6.189665327838156e-06,False,0
54aa6b3a4e6bef3bf6657e5187417c260d4a429d,237,CASH_IN,319443.7,2.2274321963777766e-06,low,5.568580490944441e-06,False,0
df76e43787210137b5097d9025d72f773f74c35e,397,CASH_OUT,104484.87,4.290016950108111e-05,low,0.00010725042375270277,False,0
2c3f5b44d3fd99e2f86e1c122580556a93aa5db5,302,CASH_OUT,63830.5,0.00029577547684311867,low,0.0007394386921077967,False,0
edee62ec6026b21b91ceb8da2544942b3394f05f,358,CASH_OUT,11682.39,0.0004433399997651577,low,0.0011083499994128942,False,0
bf117ae243b1e631801caadf35b651fa12d3f4be,310,CASH_IN,9213.61,1.913100568344817e-05,low,4.7827514208620414e-05,False,0
0e2355025bc56c3d9919961b9a956adc531e42b4,564,CASH_IN,353106.75,8.142756996676326e-06,low,2.0356892491690814e-05,False,0
4f8461cd16660ac226df3607e9f8b50b661ac522,356,CASH_OUT,295203.22,0.0004150364547967911,low,0.0010375911369919777,False,0
4c410e4d21c264e04fedeb5339085668b91d3745,346,TRANSFER,3749716.5,0.09011237147264184,low,0.0002809286816045642,False,0
b9a073397783112199e6aa8c9e07800c319bd868,120,PAYMENT,2102.11,3.479205479379744e-05,low,8.698013698449358e-05,False,0
79f75ce37f2a10b537cd997a4ec4952b82940735,330,CASH_OUT,74683.68,0.00043592294678092004,low,0.0010898073669523,False,0
1a97f252f22d915af10bd1f042c5f8d2d3330756,163,CASH_OUT,93579.35,0.00019073047442361713,low,0.0004768261860590428,False,0
ef0ea1d2127f4e5c44feca77b30fcbd74d4406d3,208,PAYMENT,6881.81,1.0725025640567765e-05,low,2.681256410141941e-05,False,0
9e5714493e87253f43c80d239af2cd8809266572,302,PAYMENT,34872.05,5.221014725975692e-05,low,0.0001305253681493923,False,0
2de48dff5e470af422ea65a2aa0e0c3371ba605c,138,CASH_OUT,44999.03,0.0003998273052275181,low,0.0009995682630687952,False,0
afb157bf576858a326c126049f93e73380763da6,592,CASH_OUT,70432.11,3.273774636909366e-05,low,8.184436592273414e-05,False,0
18a266865b146de45b24cc9aa025705c2c42b88c,164,CASH_OUT,91589.49,0.0005946962162852288,low,0.0014867405407130718,False,0
f52afc02bb48d03149ff075478b824ddd311c90e,355,PAYMENT,6301.99,3.9858492527855565e-06,low,9.96462313196389e-06,False,0
a02df37bcf6bc05054b841a6e58a71b539a19b43,162,CASH_OUT,27530.68,0.0023508122190833095,low,0.005877030547708273,False,0
458f8a7fc4957cd8956198d81787ddcdd096a7c7,203,CASH_OUT,525797.44,0.21002820184163282,low,7.050460408208892e-05,False,0
02c806d0a7f77a3ba803c83ba56c2695215c5c6c,184,PAYMENT,4205.24,5.357619102142053e-07,low,1.3394047755355132e-06,False,0
8880d386956ad16d424f7529b46ecbbfec27a673,212,CASH_IN,36812.27,2.0789686823263766e-05,low,5.197421705815941e-05,False,0
ba34d04ea507e3a61a71d252e23c28b257ad6238,205,PAYMENT,3093.27,1.1903398990398274e-05,low,2.9758497475995682e-05,False,0
3b8960e565891af6f90ba1536b82589ba1c48463,325,CASH_OUT,284839.66,0.00046873101964592937,low,0.0011718275491148233,False,0
326f80f1e15fa07e454b15b338908d137e5dbdc7,355,CASH_OUT,112341.54,0.0004297145176678896,low,0.001074286294169724,False,0
b46741ad9b80c6df87de1289260bf9cc55b07612,379,CASH_OUT,28384.3,0.0007484841626137495,low,0.0018712104065343738,False,0
249ce8dbcce60f10fb6f34b1fcddf080bbd8dfd4,356,CASH_OUT,159478.73,0.0008910849690437318,low,0.0022277124226093292,False,0
d88836122487441003097bf6c3ef5a703fdda239,155,CASH_OUT,259319.77,0.0002997910138219595,low,0.0007494775345548987,False,0
ec535c3fa81cad0dc510c090c9d97370bf435f31,184,PAYMENT,9325.86,2.178768045268953e-06,low,5.446920113172382e-06,False,0
f3a97472eef4df7447561c2913956a5c5ce8faf4,206,PAYMENT,15994.95,1.986593269975856e-05,low,4.96648317493964e-05,False,0
56050c6f80bff376543f3f53029b4b2271cc20b6,325,PAYMENT,17956.39,2.1132558686076663e-06,low,5.283139671519166e-06,False,0
53246c077218077ba8133d65ca6123505050915b,212,CASH_OUT,91245.41,0.2226556187868118,low,0.03163904696702957,False,0
761a5df3acf4f4e85b6237c28bc4291b85a6e265,321,PAYMENT,17899.7,1.2868599151261151e-05,low,3.217149787815288e-05,False,0
a89ee02e1446df2ad3ae47abf25bbd8f957b3595,420,CASH_OUT,88117.63,0.0002602296182885766,low,0.0006505740457214415,False,0
84d46bf5695c5da416985e9cfb46a87c58d10839,379,PAYMENT,8235.85,5.164943286217749e-06,low,1.2912358215544373e-05,False,0
87d0b4609d109b4f9f2aaa289b4295b6a7f61b80,542,CASH_OUT,330831.34,0.21007279725396075,low,0.00018199313490185887,False,0
47983a770943caf1299492a2cd2eb69851f4e754,45,PAYMENT,4340.54,1.5755289496155457e-06,low,3.938822374038864e-06,False,0
0330aa7095f5304c8040bfb889ce428cdc9fe714,402,PAYMENT,28821.82,5.1915361837018285e-06,low,1.297884045925457e-05,False,0
597656d70eaed9c077f81d6f01273e8098c9b4a9,595,CASH_IN,61973.37,1.442483062419342e-06,low,3.6062076560483547e-06,False,0
52d62aa24824e59c39c2f623b32c3b850a21bdf4,307,CASH_OUT,1547.2,0.00015501476591452958,low,0.0003875369147863239,False,0
835b9a710bb8661a92c91b998fe889ba6dd8eae1,305,CASH_OUT,270204.3,0.21006465955520978,low,0.0001616488880245015,False,0
42f4acbdb30d76d3dea63b5e266ea1afa6631024,183,CASH_OUT,208866.12,7.4838724685832865e-06,low,1.8709681171458215e-05,False,0
d207dabe717219fc6495f30721739208003ac8fc,158,TRANSFER,552106.2,0.09012370217591525,low,0.0003092554397881031,False,0
91994556cd9d018261480b4b97e52d088efcabd7,236,CASH_IN,51300.96,1.5850762792979368e-06,low,3.962690698244842e-06,False,0
0a900e8f896b5a5ca302791f085270aa554ffe5e,137,CASH_OUT,110169.35,0.000324806896969676,low,0.00081201724242419,False,0
a8a3c59af97ebdbf6a0dce10b5d3de9c896c05a6,37,CASH_OUT,47628.57,0.0005346155725419521,low,0.0013365389313548803,False,0
43b1d8fffceb0772b5425515212f2290481e850e,299,PAYMENT,12577.11,1.5083262042026037e-06,low,3.770815510506509e-06,False,0
163e6e2abfa337aec1f32941686fb7213873503c,346,TRANSFER,719530.44,0.0900832967052702,low,0.00020824176317546517,False,0
d99fe49d764b724ed892b201e01b6ebc299a74c3,183,CASH_OUT,267891.38,2.0296045477152805e-06,low,5.0740113692882005e-06,False,0
83279761b3ce8a3d284aff6b42ade1fe6f7c88cb,278,CASH_IN,79220.35,2.155990296159871e-06,low,5.389975740399677e-06,False,0
cd8977f97897ca12a5caafb5a6739046956ec929,404,CASH_OUT,57850.06,0.0002916945843026042,low,0.0007292364607565105,False,0
1005fca6d5ed97c402ca09637def61f8854c4c85,201,PAYMENT,4314.3,1.3902908540330829e-05,low,3.475727135082707e-05,False,0
f12ae687363808b3b09e1996f5f572cdacd80bdc,332,CASH_OUT,118817.08,0.24865544199943543,low,0.09663860499858856,True,0
0494e36123bc62378eab63455311cb1747c67c7d,695,PAYMENT,11729.79,1.566172722959891e-05,low,3.9154318073997274e-05,False,0
93b3c1c7b2828299b5694f9528493ca120c2c491,395,CASH_IN,410691.25,5.95120854995912e-07,low,1.4878021374897799e-06,False,0
03dacaee1e570d74116451a04d83a58e80be3b6f,136,CASH_IN,63281.77,1.580767820996698e-06,low,3.951919552491745e-06,False,0
706bf82481c918fb2177847900b1766913cf15f1,203,CASH_OUT,17437.66,0.0001937947585247457,low,0.00048448689631186426,False,0
403f8e0b0307cb46b1372129a3064fba04f3b594,377,CASH_IN,205441.2,6.237467005121289e-07,low,1.5593667512803222e-06,False,0
3166cfe30b261e2f547274917023d116d126fcc4,281,PAYMENT,11215.35,9.875956493488049e-07,low,2.468989123372012e-06,False,0
472006f5391a900e02ed6db0b601d28c3b2c05a9,356,CASH_IN,221178.95,3.6838260712102056e-06,low,9.209565178025514e-06,False,0
39193da0a86f53cd3cb14f849f6e7145f250123c,307,PAYMENT,24396.34,3.660202492028475e-06,low,9.150506230071187e-06,False,0
66a68f267cba1c0d7f9fb996f5e3886b160a8a3d,133,PAYMENT,49209.81,0.000466324994340539,low,0.0011658124858513474,False,0
d535a102b0708dde0d6b2932bd1a902ccf282866,204,PAYMENT,4864.07,4.5441092879627834e-07,low,1.1360273219906958e-06,False,0
ba82586385f869cbd9ab0d41bca6097b346f3a6d,164,TRANSFER,181794.27,0.09016673164209352,low,0.0004168291052337736,False,0
6cd964c58f8f972d1f91156b16580a961b053f2e,302,CASH_OUT,217406.9,5.982616858091206e-06,low,1.4956542145228013e-05,False,0
356e2f086d3b13dc1d40d0ae8b05b1419ad84a96,323,PAYMENT,8800.66,6.385700544342399e-07,low,1.5964251360855997e-06,False,0
8863739a8656ca4acfee706da86c19c4444217da,21,CASH_IN,210171.23,9.267770110454877e-07,low,2.316942527613719e-06,False,0
698a1369a0599f3ec4fb261cfd5ec341bee570c6,256,PAYMENT,4766.29,1.3440434122458102e-05,low,3.360108530614525e-05,False,0
8144a472541160940e4e3c146346e01595af0515,43,TRANSFER,434816.34,0.09007746632327326,low,0.00019366580818314105,False,0
e273163ecd1da4e5986ae7a21bb59aa44715dfdc,16,CASH_IN,104711.35,2.363570274610538e-06,low,5.908925686526345e-06,False,0
5076348ac8e1212b90021fda49f66dabb2058bb9,261,CASH_IN,42664.9,2.2145371985970995e-06,low,5.536342996492749e-06,False,0
920f97f0db57a251a2c15fa52dec1e71bb66e83f,36,PAYMENT,10465.36,9.60073884925805e-06,low,2.4001847123145126e-05,False,0
4bcf5ab03032953f5bae7752433d0097549184a7,36,PAYMENT,4044.4,1.2379437976051122e-05,low,3.0948594940127805e-05,False,0
8a0400bf0f33409091a33e5466ed8f37cd6d541f,8,TRANSFER,401182.03,0.09021473190281541,low,0.0005368297570385039,False,0
59a8dab9b113733a0a94946f4d116d148a06fc65,214,PAYMENT,51433.1,0.00011272545671090484,low,0.0002818136417772621,False,0
582676916ac02fa245f8f81ab462026e75bbb2ce,279,PAYMENT,5963.37,1.3667971870745533e-06,low,3.416992967686383e-06,False,0
8dbd71ab97ce0b7e53924910375029e97d207236,331,PAYMENT,10724.34,4.2457493691472335e-06,low,1.0614373422868084e-05,False,0
50ba4d8575dc595b0bfa3eb01fc4e3b26ddd6187,157,TRANSFER,461158.62,0.09000061200212259,low,1.5300053064493113e-06,False,0
af431c2a4b9e16616ff99ac4994c1305c40d809f,232,CASH_IN,494047.03,4.157987132202834e-06,low,1.0394967830507085e-05,False,0
31d2bd219eb78c5a598c7db8fcc51ee9d3db2051,212,CASH_OUT,79439.89,0.0009665063582360745,low,0.002416265895590186,False,0
78dda8dd454698c5b829a09dc1432b40433e960b,250,CASH_OUT,398741.38,0.0002329416573047638,low,0.0005823541432619095,False,0
3a85bb688ce64ae9b9518f5cce92defb66eb0df7,301,PAYMENT,3155.83,6.225326160347323e-07,low,1.5563315400868305e-06,False,0
d33618250c0d41940d31eb5834d087e56680ae73,308,PAYMENT,11201.45,1.5109074593055994e-05,low,3.777268648263998e-05,False,0
6a6619ea756cbca9b1f85ba50092c7aa6391303b,396,CASH_IN,113646.09,2.376208794885315e-06,low,5.9405219872132875e-06,False,0
2eaf70abdaa7fe12795ccd80914d9940aa855da3,35,PAYMENT,16263.39,9.854082236415707e-07,low,2.4635205591039266e-06,False,0
69b245ee4b005e5052d7ade506f18a21fc35686a,372,CASH_OUT,175685.45,0.0005325264763087035,low,0.0013313161907717586,False,0
73721b1f736a09c8c835f00c1050d79c4a9386bd,186,CASH_OUT,107230.75,1.1482583067845555e-05,low,2.8706457669613883e-05,False,0
3c618f4540531615b49939739766c0882c6b639d,325,CASH_OUT,456054.2,0.0002246447140350938,low,0.0005616117850877345,False,0
c3e38afcfac38223506f40f47384c05e40472f46,187,CASH_IN,41758.39,2.4455237507936547e-06,low,6.113809376984136e-06,False,0
226fed4559b4eeb460834bc6ac9c64b6356f5b2b,227,CASH_OUT,196507.89,0.0006041504442691804,low,0.0015103761106729507,False,0
39828e85ec326477c2f9629839475dc0a840ec1d,564,CASH_OUT,132769.69,0.00023636096157133581,low,0.0005909024039283395,False,0
ff44032db2094f8c6b440cd38965e3802df4672b,373,CASH_OUT,203979.95,0.0006807269528508186,low,0.0017018173821270466,False,0
e85e89a082d130b2d07db6bb0b783f05f4c97026,359,PAYMENT,10627.93,2.0128652977291497e-06,low,5.032163244322874e-06,False,0
421064ebe1396d25fd376a998899c67fc96e2008,241,CASH_IN,177294.72,2.8421907336451115e-05,low,7.105476834112778e-05,False,0
dfe25dc712786a3fc10499d10b5a9bb182c4a0a9,235,TRANSFER,752447.75,0.09020902755204589,low,0.0005225688801147044,False,0
78bb4cdd7b5ed020a0ee18411c5b02bac95ed846,35,CASH_OUT,225001.23,0.00010205364087596537,low,0.0002551341021899134,False,0
02617d900e52c94ef6712d1c918b28a920e03cf3,211,CASH_OUT,227993.55,0.00046029840596020224,low,0.0011507460149005055,False,0
551fa7860a0baf5a39c8da7f0fe61513b3083286,153,CASH_OUT,71853.4,8.31933633890003e-05,low,0.00020798340847250074,False,0
e347aab54e703db1aa182813f6f6d0f05375b8aa,188,CASH_OUT,293354.9,0.00039940280839800835,low,0.0009985070209950209,False,0
c424b431458412dfc133d4a4045c53a2ecbd744c,136,PAYMENT,28610.12,6.224385579116643e-05,low,0.00015560963947791606,False,0
5eafa998a64fec03a0829329903bc8c39e839504,303,CASH_OUT,43159.01,7.938676862977445e-05,low,0.00019846692157443613,False,0
47a5a278df1977e6529876ec9c9013565823b503,201,PAYMENT,1781.33,7.331049800995971e-07,low,1.8327624502489925e-06,False,0
6c47bb468b34f3fd59ced2bef18536806d0bf58c,322,PAYMENT,6950.26,8.471296314382926e-06,low,2.1178240785957314e-05,False,0
fab4d14169e818f8b162321d4b2eee0f7e953340,47,CASH_OUT,67484.64,0.00034404227044433356,low,0.0008601056761108339,False,0
4497efdd98c0e42da50c688596efa2ae035b4a1b,13,CASH_IN,76244.61,1.2774529750458897e-06,low,3.193632437614724e-06,False,0
42bb2ba6358c55a85aa05a4a9cc1a088cd14c07e,209,PAYMENT,487.81,1.5335528587456793e-05,low,3.833882146864198e-05,False,0
2f6cc7bf3e9b005e92d7f856ef58dfbb0a4ca767,43,CASH_IN,69293.03,1.7667322026682087e-06,low,4.4168305066705216e-06,False,0
a7917625ff7f1c427746e7623d4dd5ebefc31725,139,CASH_IN,169947.55,8.055256330408156e-06,low,2.013814082602039e-05,False,0
8ab6fb69950907d66732c7ffe1f3ed39930cd749,132,CASH_IN,61741.14,1.086832708097063e-06,low,2.7170817702426575e-06,False,0
75efde8bff6ec02770fded80e8d34fa4e34469e9,261,PAYMENT,6640.05,3.615033347159624e-05,low,9.03758336789906e-05,False,0
8697143a931d54f23ef964edf727b632a4b0a97e,153,PAYMENT,502.91,8.67976268636994e-06,low,2.169940671592485e-05,False,0
5bd711a1b50f1bee3c0fa8e5a29c26ee17b6f2bf,38,TRANSFER,1246488.2,0.2685060798829509,low,1.5199707377178129e-05,True,0
c37a11fbdea2cf6d4649d639b7ab23721fe12d26,354,PAYMENT,3988.8,1.3953355664853007e-05,low,3.4883389162132517e-05,False,0
7e17ca672cacabb46f5eb7020f50dfd09b67807d,323,PAYMENT,20783.07,2.0589193809428255e-06,low,5.147298452357063e-06,False,0
6b3ea76534a083526dacf0e88ea4aad30e290632,203,CASH_IN,162642.39,2.5669884053058923e-06,low,6.4174710132647306e-06,False,0
2746981193fc5fc48f37e7717914bc719ea677da,131,CASH_OUT,572034.25,0.00018304726108908653,low,0.00045761815272271633,False,0
440d30a5d629b2c5392a5aa65eb2272aae6782de,134,PAYMENT,24026.58,6.853765225969256e-05,low,0.00017134413064923137,False,0
7e748691b93d416ed8f23aa6687d68d56edbb9e7,298,CASH_OUT,23299.64,0.0006352150347083808,low,0.0015880375867709517,False,0
38cf27d6d710546472a08de1e87f0f3dd24a6267,299,CASH_OUT,16178.44,8.799713396001608e-06,low,2.1999283490004018e-05,False,0
4a20e9760885da67da1b918380ecd8a1d1678233,284,PAYMENT,11998.15,2.2540072677657008e-05,low,5.635018169414252e-05,False,0
0687d3a56f2afb37e2b8bc01a6f24274664cd976,16,PAYMENT,22401.27,2.5942121283151213e-06,low,6.485530320787802e-06,False,0
af43f33443509df0957282393a650d5a661c2f6f,329,PAYMENT,12704.33,1.3627031876239926e-05,low,3.4067579690599814e-05,False,0
099dc8b1a97807ac45ea1f56b8cc28b182a5de39,207,CASH_IN,279912.47,6.101150647737086e-05,low,0.00015252876619342715,False,0
78b7d2f44287fbc31c500d94dd8fc044685c1d96,520,CASH_OUT,120869.26,0.2145262612402439,low,0.01131565310060978,False,0
90fd78f6c5795e3f0be71003bf22426e64e0b195,20,CASH_OUT,118425.58,0.00029975043144077064,low,0.0007493760786019266,False,0
c5448051ce6532bbc227da8058b38f869d72eebe,139,CASH_IN,478650.0,5.708117441827199e-07,low,1.4270293604567996e-06,False,0
65f719028dada569dae53f50a8761f4691d357e2,406,CASH_OUT,476513.78,2.0388024859130385e-05,low,5.0970062147825956e-05,False,0
3ec5aac6cc2c57bdb35820133bd1d16b3841020f,234,CASH_OUT,337262.0,0.21012967713410033,low,0.0003241928352508694,False,0
6281806e5d5440224151228383a32cc939a40506,350,PAYMENT,12155.88,4.618828461389058e-06,low,1.1547071153472643e-05,False,0
aaca2d11d250786567a8acc3cc39abce6823e68e,347,CASH_OUT,119082.27,9.294887422583998e-06,low,2.3237218556459993e-05,False,0
d5ee1a2b0263407c29d465b2fc89bfcea84e2e59,670,PAYMENT,10915.06,8.856633940013126e-06,low,2.2141584850032814e-05,False,0
66388496e82dec88eb5d47ea398fd83daefbd729,305,CASH_OUT,53556.08,0.0002518613124266267,low,0.0006296532810665667,False,0
044afc3cf159a3514e3797e602fc5b5ace1674ec,180,CASH_OUT,112510.73,0.0006918124854564667,low,0.0017295312136411667,False,0
dc87f8e5424c8c6d7a4edc71e08dc53791307fa1,328,PAYMENT,7164.9,1.0725025640567765e-05,low,2.681256410141941e-05,False,0
72030acf63e1b6b22d5a1d3817b570d285a87e6d,232,CASH_IN,686790.2,1.1665637430269271e-05,low,2.9164093575673178e-05,False,0
bb844a8ecb9bddcf6b31b4456700a9a36dade8f1,232,PAYMENT,740.93,2.057774872810114e-06,low,5.1444371820252854e-06,False,0
a0206b2bf854025f6333bc788eb3481bb5ff1e68,187,PAYMENT,7566.27,1.0388102236902342e-05,low,2.5970255592255853e-05,False,0
ef415ddcc69c39da97ce45e0819ed008e16f3a38,399,CASH_IN,314924.3,6.552269042003901e-07,low,1.638067260500975e-06,False,0
1264d46de21d28bfabf71b408ca33addcd160c96,262,TRANSFER,358195.78,0.09103229638189078,low,0.0025807409547269344,False,0
dcf012636b462dd02c90178998751830af12888a,179,PAYMENT,13353.45,1.3002441846765578e-05,low,3.2506104616913944e-05,False,0
293e59fe5a1fb049b9400f4b0523fa1ac645f3e2,307,CASH_OUT,5808.71,0.0001661502989009023,low,0.0004153757472522557,False,0
7678496809589a47a67852c054a06f3993c01ac9,305,CASH_IN,99023.87,1.5360201359726489e-06,low,3.840050339931622e-06,False,0
d879e3de7d2810bba2057f0a676011dffa71620f,405,CASH_IN,276829.7,6.083751213736832e-06,low,1.520937803434208e-05,False,0
fe3bff23596dc0a42e8e92fa5a2fd6c6fb988941,21,CASH_IN,87272.48,3.0523238820023836e-06,low,7.630809705005959e-06,False,0
54a6c1d99ec4c375cf85cc3a4a32950ed2d8cd9e,404,PAYMENT,19716.05,3.568346437532455e-06,low,8.920866093831137e-06,False,0
8f54d66576b5dee7e94c27c6c08d4277984fe712,256,PAYMENT,14406.18,1.3635662617161871e-05,low,3.4089156542904675e-05,False,0
90e42f4b6ee9717ba7b6228c30e52fc4ec9f758c,209,PAYMENT,3492.8,1.3440434122458102e-05,low,3.360108530614525e-05,False,0
bb94d86110e9af3e367d994d903a1ec9975e294e,258,CASH_OUT,14781.63,0.0003744965186342597,low,0.0009362412965856493,False,0
146fd4921f24bedf49346853c5ed7ddaa3ce7866,305,CASH_IN,144215.22,1.1226078640902415e-05,low,2.8065196602256037e-05,False,0
bd606047f0ee3c232d91ebb36abee02eae9e408c,379,CASH_OUT,98767.76,0.0007175369653850794,low,0.0017938424134626985,False,0
edbc30c5ebfe8908b447b435daf246a49c669ca8,158,CASH_IN,174660.88,7.195575744844973e-06,low,1.7988939362112433e-05,False,0
97915420279709c2d4fe1da2a1ffc4fc19686455,254,CASH_OUT,244001.19,0.21213284157216547,low,0.005332103930413723,False,0
b2793343efbd340f8ecfec6dc69c714df835aa78,404,CASH_IN,89947.59,1.3626974578073716e-06,low,3.4067436445184285e-06,False,0
a76eb2cb5ef736f3448cb2882b868022d856733f,617,CASH_OUT,125340.25,1.0991474846377969e-05,low,2.7478687115944922e-05,False,0
c5dcd2e00c9314efe53a85bdb1fe28b8955644b3,308,PAYMENT,13933.81,3.1077051971806213e-06,low,7.769262992951553e-06,False,0
446c69deec94d3f70de4b701d3b0803982b8aa65,160,PAYMENT,729.72,1.7815704268286937e-06,low,4.453926067071734e-06,False,0
4eb2b5298ee7e1a6de937d0963a57c96edfd05fe,206,TRANSFER,126609.76,0.0001721487264148891,low,0.00043037181603722274,False,0
2833836a51410fb1e41d91d98273a049982e3674,41,CASH_IN,85191.06,3.229304638807662e-06,low,8.073261597019155e-06,False,0
eabc2db3a7e55db8366ef142904ea3ac5030d341,211,CASH_OUT,458.77,0.0017708955332636834,low,0.004427238833159208,False,0
fcb34b56af2ca59b0b17274cdddb758dc55754d1,329,CASH_IN,213027.89,8.135629286698532e-07,low,2.033907321674633e-06,False,0
4fd5507574ea27c353a2fcc78776bb26ccbf8343,373,CASH_IN,49439.56,2.31937192438636e-06,low,5.798429810965899e-06,False,0
0c4a8a512e4475c5deb17a4343774f38759b410d,9,CASH_OUT,141893.78,0.00033231647685170177,low,0.0008307911921292543,False,0
fb23905280e0c7f9b82370216a9b0e009b18ac5c,37,PAYMENT,19181.97,2.232480801467318e-06,low,5.581202003668295e-06,False,0
18d1bbfafab98af3e58ac4f0c72cf3b330309498,373,CASH_IN,283844.7,8.249848178820685e-07,low,2.062462044705171e-06,False,0
80e19dc9d4e576c351c8a2d182cf8b37d44b3186,235,CASH_OUT,35882.08,0.0006681598257273436,low,0.001670399564318359,False,0
67aa72b3653689d59f735cf3045623a5752138a1,586,CASH_OUT,240845.94,0.0001770502654835582,low,0.00044262566370889544,False,0
bfbcd3fea100b5b4cf4102ae9cf860445c9fafc9,253,PAYMENT,1556.85,4.1330340536660517e-07,low,1.0332585134165129e-06,False,0
64b9d6bb85d5aa17baab328ab16820c76807b955,161,CASH_OUT,74864.07,0.0003009792184457183,low,0.0007524480461142957,False,0
0a8a46b9901901962935aff6920f16c3f4e8c065,156,PAYMENT,8494.43,9.369546751258896e-06,low,2.3423866878147237e-05,False,0
61203fc424972baca69339c58928d157999769d0,303,CASH_OUT,129776.77,4.278371125110425e-06,low,1.0695927812776063e-05,False,0
a88f7eb6180b1598b58af737f91e783bdbdc1d78,379,CASH_OUT,167998.8,0.0003783104941248894,low,0.0009457762353122234,False,0
5db564ebdac669a7f523b2a53fca821aafca352b,161,PAYMENT,16481.41,1.8780613027047368e-05,low,4.6951532567618415e-05,False,0
5bc74b0f1bad4f13206f655a52497d8cac1d6562,404,PAYMENT,14190.12,2.3770575353410095e-05,low,5.942643838352524e-05,False,0
c685e43a8782140e34afa35aae4e12932ce295b9,135,CASH_IN,150002.86,8.125340173137375e-07,low,2.0313350432843436e-06,False,0
c24d8924a947c8a4199b40499e15955430dd8fe6,17,CASH_OUT,70730.09,0.00036983564496040344,low,0.0009245891124010086,False,0
e8080cef009e27c0169feeba1b273e6f4bb4f90a,249,PAYMENT,21558.38,2.6460793378646486e-06,low,6.615198344661621e-06,False,0
4fcb807d6c9c1597a4b25a44797b1dd2353b6b7e,43,CASH_OUT,119436.57,1.1884229752467946e-05,low,2.9710574381169863e-05,False,0
521737a151def22ce1e0dbd180efce7cad517abf,684,CASH_IN,20233.65,4.305302718421445e-06,low,1.076325679605361e-05,False,0
b7a61b88591497a73053c1f359b3a32920888937,403,DEBIT,2846.15,1.7388141714036466e-06,low,4.347035428509116e-06,False,0
9716b532bea20bd2d016f9c646ace827469aafd3,393,CASH_OUT,255363.62,6.505199417006225e-06,low,1.626299854251556e-05,False,0
4fcbcfec86cb60cef487a2a483469e613299f900,544,CASH_OUT,14828.53,0.00034969509579241276,low,0.0008742377394810319,False,0
b2c94be3c60a853a544efadfbd7bd0dba692d020,278,CASH_OUT,46317.56,0.0005875622387975455,low,0.0014689055969938636,False,0
c15b2c36a9da5c4d74b582fb24b5d911b62fde2f,206,CASH_IN,120465.5,2.2305059246718885e-06,low,5.576264811679721e-06,False,0
89337222eff582098e01de79008becc74017d6e9,16,CASH_OUT,173630.92,0.0001589708495885134,low,0.00039742712397128344,False,0
ab32bce6bc09b1dd40feb7aac32d52438e89864e,208,PAYMENT,17782.96,6.676721386611462e-06,low,1.6691803466528654e-05,False,0
9d1015c7aa89601070875cc2045be22bd656d807,42,PAYMENT,10840.37,1.0251113417325542e-05,low,2.5627783543313853e-05,False,0
4335f765c3cb2eb25378b6683a8e0a0dfc7ad8a9,19,TRANSFER,1852854.8,0.09021715054754169,low,0.0005428763688541949,False,0
47fc1d48ccc478561b7147bf82f810e13cd612c0,330,TRANSFER,34935.47,0.0002434347989037633,low,0.0006085869972594082,False,0
737077cb1a4fe970471754e7889fb677252eac1a,18,PAYMENT,12417.67,2.6462763344170527e-06,low,6.615690836042631e-06,False,0
f74762da4205e1f978608467baacda1de1062dc6,282,CASH_OUT,41423.48,0.00016229324974119665,low,0.0004057331243529916,False,0
5d1dd5bbcf9e2aa6072401869de41d7f4d00fc16,184,CASH_OUT,612849.8,0.24193305432796477,low,0.07983263581991196,True,0
7e188d26868f8457e582c672984efa01c8a0ad03,397,CASH_OUT,259465.9,3.0738498026039452e-06,low,7.684624506509863e-06,False,0
5aa444337195ab07fc88300782b5172ce91625c2,136,CASH_IN,212301.84,4.947965862811543e-07,low,1.2369914657028858e-06,False,0
1db64dc529052597adac97d2abeb9b0fde29cb06,351,CASH_IN,5378.02,6.314911843219307e-07,low,1.5787279608048266e-06,False,0
a01fb20a5a4b2cfb357bc8b34d0aedcbd8c28336,20,CASH_OUT,45578.16,0.0003455924335867167,low,0.0008639810839667916,False,0
7ef414c6bb6a211764e766235287d0685587abd0,208,TRANSFER,944575.0,0.09022401425521821,low,0.0005600356380455196,False,0
950602f9097f8d5038d75d198a90686dcd48a97c,20,CASH_OUT,166466.44,1.641419512452558e-05,low,4.103548781131394e-05,False,0
6744fa4648295df5b192783e462a393a7a74c88c,257,PAYMENT,7089.42,1.0725025640567765e-05,low,2.681256410141941e-05,False,0
da35587664a50447e925b5f4f729909782a34c9b,187,PAYMENT,4019.62,1.3725199096370488e-05,low,3.431299774092622e-05,False,0
4083f31ca2f1e381ebee1ee2068b4321d83fa9bb,308,PAYMENT,4329.82,2.2866552171763033e-05,low,5.716638042940758e-05,False,0
72ccaf3fba6181691b908dd4dbc4fd31dafa1cfc,231,PAYMENT,5544.55,1.5856690879445523e-05,low,3.964172719861381e-05,False,0
89df517a14eeaad654488ee8a9f0f1d25dcd0dd0,345,CASH_OUT,155783.0,0.00024677524343132975,low,0.0006169381085783243,False,0
75329950c95d80fce8f93cecc6dc68a88ece0a13,208,PAYMENT,5554.7,1.660737179918215e-05,low,4.151842949795537e-05,False,0
aabdf5b121cad4a7161580fa123b9dd0d5473978,393,PAYMENT,8290.16,1.0400929750176148e-05,low,2.6002324375440367e-05,False,0
cc864b5d583e33d829e2bcaca8aec9725a624721,40,CASH_OUT,292779.16,0.21016326556215062,low,0.00040816390537656844,False,0
816978742f75fd628e710585009fea25b1e7e0b5,163,CASH_OUT,56945.2,2.9096752405166627e-05,low,7.274188101291656e-05,False,0
2578c0a4491bd06c9122fb33b89b0d28b0418051,326,PAYMENT,28381.6,6.563874776475132e-05,low,0.0001640968694118783,False,0
d2d84a550147509b849d5ffb65b8ee6e84409f30,230,CASH_OUT,5179.48,0.0001725239446386695,low,0.0004313098615966737,False,0
85dda19ade2e1cd43f9d969b739cbbf6de714576,260,PAYMENT,3161.11,1.9352407252881677e-05,low,4.838101813220419e-05,False,0
b2102c23ec96f881145e4b957f3c6e047ef31f01,309,CASH_IN,86187.63,7.592450128868222e-06,low,1.8981125322170556e-05,False,0
fbffa08f56f1f8c5f512233b47c1b1629cacfa0c,162,CASH_OUT,49336.6,0.0003466880647465587,low,0.0008667201618663967,False,0
faec75d959a3ef9b2f90c68cb7a5352a1db2ce14,352,PAYMENT,10741.25,9.874282113742083e-06,low,2.4685705284355208e-05,False,0
7292a892727fd943e245b6308fe7d5c5b1ccac3f,371,CASH_OUT,216954.73,8.516167872585356e-05,low,0.0002129041968146339,False,0
5f678e0b4203cbf1a2fa8ba434e1acd9dbcc858d,235,CASH_OUT,29760.76,0.00033393902704119687,low,0.0008348475676029921,False,0
b011c08f8a5d348f48663504a7dfa14a8a5765c5,687,PAYMENT,11849.97,1.2345331197138877e-05,low,3.086332799284719e-05,False,0
242f90f031fcdf13da5a6bb6c785b10763f0a729,14,PAYMENT,7904.58,8.982451618066989e-07,low,2.2456129045167472e-06,False,0
6b5a7302aad87f9f2675aaa8bc4e89d9184d5af8,522,CASH_IN,159616.38,5.225720451562666e-06,low,1.3064301128906664e-05,False,0
7e679f63db69a8899f80b059c9fdc1271de0913e,159,CASH_IN,560376.4,1.235350500792265e-05,low,3.0883762519806623e-05,False,0
1f69f8dbb408451dfb72dc45f8650f15a91e3d5c,234,PAYMENT,14911.11,2.1998777810949832e-05,low,5.499694452737458e-05,False,0
ac0c557fc1a0348e9ea20d0f46d6fc117ed916d5,228,CASH_OUT,139146.88,6.362242856994271e-05,low,0.00015905607142485678,False,0
fee7a678589571008577b04a2fcf0aaae8c69dae,188,CASH_OUT,141502.48,0.00033695353195071224,low,0.0008423838298767805,False,0
89b59c99bb77ed2bc0ddca1a05fa970b93e711a8,159,PAYMENT,8203.01,9.712757309898735e-06,low,2.4281893274746835e-05,False,0
dd4997a832e775892c37921c476daba1429049c8,212,CASH_OUT,238601.11,5.070047336630523e-06,low,1.2675118341576308e-05,False,0
7a024c93fe48720f01ee80ee58d7fb8fb9ff4f28,377,CASH_IN,20065.09,0.0008224071934819221,low,0.0020560179837048054,False,0
60f2bf33dd6b2695599fc41d8f796c4404d09578,286,PAYMENT,28913.01,9.821865241974593e-05,low,0.0002455466310493648,False,0
a749c401fe22c5420adc924747a9c113b3f655a4,15,CASH_OUT,138538.36,6.148842512629927e-05,low,0.00015372106281574816,False,0
2873d978538a694b4555de3d0c74ce42e38f32c5,137,PAYMENT,27688.62,1.2088745279470459e-05,low,3.0221863198676147e-05,False,0
7a99bff078dbb5486512abab8a98fb46cdd01cbd,321,PAYMENT,4452.0,4.65445691588684e-07,low,1.16361422897171e-06,False,0
94a9757f88c14ea3c4f40f198e3186f7977a8a7d,210,CASH_OUT,205763.55,0.23760756015777587,low,0.0690189003944397,True,0
8ad0b45747c4ab2f18f8b998a9ac2db331377969,304,PAYMENT,6115.08,1.0045464296126739e-05,low,2.5113660740316845e-05,False,0
2efdd2a1b11bede113e27cca01696b23ef0f12e4,16,CASH_OUT,309107.5,0.00013481215573847295,low,0.00033703038934618235,False,0
523e5c500c77406f78f819ff6445dab2686de348,18,CASH_OUT,268242.88,0.21053125601261855,low,0.0013281400315463543,False,0
e5a2f160f78f4df8c74c57fa217322e095a87c65,321,CASH_OUT,368988.72,2.015131758525968e-06,low,5.037829396314919e-06,False,0
de89e7643873f29f04e43a533058927a9f47b604,372,PAYMENT,6175.22,9.87838866421953e-06,low,2.469597166054882e-05,False,0
039f79e5cd4abe7d378f3643c7ee76d57af4e98f,374,CASH_OUT,135266.42,0.0001493526389822364,low,0.00037338159745559096,False,0
8e696f4650e2b6cd7a60538238da30c092c07ac9,278,CASH_IN,413709.5,8.6801424913574e-06,low,2.1700356228393503e-05,False,0
fd6f8c6318f257ba425d9f1609c315d56a4fc871,119,PAYMENT,17892.49,4.1106925345957285e-05,low,0.0001027673133648932,False,0
bc168a4f0f1412227506c977eb5f8d7cbe980416,10,CASH_IN,163718.12,4.479888593778015e-06,low,1.1199721484445035e-05,False,0
0ebaa8f30138fe0ccd181ce4d6bf78fd966b4920,354,PAYMENT,11459.85,4.205451477901079e-06,low,1.0513628694752697e-05,False,0
29616dbab766af6d6993c45f7a2d891d7b7de849,164,CASH_OUT,92846.84,0.0002098507480695844,low,0.0005246268701739609,False,0
d1bf8a4956eb9f6a5236083344fafd8720bae91d,253,CASH_OUT,212557.02,0.00014690475072711708,low,0.00036726187681779265,False,0
df8848d8ad9e1c50ce293aa9bea50061d8e8f35f,141,CASH_IN,58732.23,1.3549080904340373e-06,low,3.387270226085093e-06,False,0
40ed0b679d5c2d05230bc5750ac8ac683cfeee12,589,CASH_OUT,95695.33,0.00016973939491435886,low,0.00042434848728589714,False,0
91a096c0f4fd572bae62a9f472c8a6984a048a54,187,CASH_OUT,16285.63,6.504560587927699e-06,low,1.6261401469819248e-05,False,0
57c1130a35fbe05ee8cec06862b70a7fcad9a2ac,185,PAYMENT,5352.68,4.654712029150687e-06,low,1.1636780072876718e-05,False,0
b0b2c6347e8df9cf8214fb7655713a64ba586da3,403,TRANSFER,26066.55,0.00020026010461151602,low,0.00050065026152879,False,0
6f782fc9db73a10161f72d118611938f4e370209,323,CASH_OUT,296732.28,0.21028386504855007,low,0.0007096626213751733,False,0
2bd026dcbeb3d03b74bdc3b0f4fff825c2e3dac4,332,CASH_OUT,9519.75,3.7775738746859137e-06,low,9.443934686714783e-06,False,0
ce177b7c648b4857b57b823636d2498f0526d2dd,348,CASH_IN,324563.1,9.731421596370638e-06,low,2.4328553990926594e-05,False,0
45ca0c5fe4dab9483dfbe634c2916846aed24090,324,PAYMENT,9824.03,1.0332014790037647e-05,low,2.5830036975094117e-05,False,0
3a951e99fdc1c00304ef2b2760775c4da3322de8,281,CASH_OUT,4271.9,5.757002509199083e-06,low,1.4392506272997707e-05,False,0
a0b2d83c2675c3dc25fe78c71a881a213ae391a5,235,PAYMENT,24.21,1.7324311193078758e-05,low,4.331077798269689e-05,False,0
a1cd1158ca4cd9131c77edb53e403c109e5fff6b,538,CASH_IN,65429.59,1.3522862900572363e-06,low,3.380715725143091e-06,False,0
bbe934a52ff029cbe01f076a34fba3d73039d8c2,356,CASH_OUT,28150.39,0.00020919598173350096,low,0.0005229899543337524,False,0
3aab6e1cafb95de92b97e0e2a0484870ff0545e4,44,CASH_OUT,168918.89,0.0002702104160562158,low,0.0006755260401405394,False,0
429686b34ea59e4932aa7bf35b09f2b6d0e3c32d,333,CASH_IN,30295.16,1.7769414625945501e-06,low,4.442353656486375e-06,False,0
021cf0b5d46fbd19c9183ec75c1f4c706294a670,8,CASH_IN,31975.43,2.057814162981231e-06,low,5.144535407453077e-06,False,0
f6aeb2165b9b110d2cc771e86dc5e7d00a18ee2f,179,TRANSFER,1502941.6,0.09008739443146625,low,0.00021848607866559178,False,0
ffdfd0f909380258d6eda9a1fdc382fbc2bc6cbb,164,CASH_OUT,31229.34,0.0031685806810855866,low,0.007921451702713966,False,0
94d18b9d3a8de0ae0c495a12d7dd9e15ff698fac,19,TRANSFER,251760.17,0.26850974245194814,low,2.435612987028435e-05,True,0
f33013b213a1a44bdc65087fd578a8b15244a45f,262,PAYMENT,32.89,9.799437975743786e-07,low,2.4498594939359464e-06,False,0
c0e60455104d9d3ee2b1e4e8f9200238c82a5ab2,33,CASH_OUT,42728.11,0.0004647768568247557,low,0.0011619421420618892,False,0
152dbadefbeb99116b693c1028a399bce20a8156,395,TRANSFER,70963.47,1.4821329386904836e-05,low,3.705332346726209e-05,False,0
7757e5f4039c1003c4eb23596a58a0f7d61db903,308,PAYMENT,16865.44,2.779208589345217e-05,low,6.948021473363042e-05,False,0
9c6bb127f9a8758383da8916d4c288cb285c3cc7,298,CASH_OUT,139349.25,0.00013287932379171252,low,0.0003321983094792813,False,0
0bef386be9bd44929cada5cc9e127b390b09ffdf,8,PAYMENT,10366.79,0.00018699946813285353,low,0.00046749867033213377,False,0
6e26c9b500bb0ce382a35ef487121289acaf9cf8,305,CASH_IN,205121.9,6.55077601550147e-06,low,1.6376940038753673e-05,False,0
270b0da4f65b0fcaaf83212a460a6004cc2eb984,39,CASH_IN,255557.14,5.291515844874084e-06,low,1.322878961218521e-05,False,0
753795f27441921b0d4d59b4302a466d44f240c6,255,PAYMENT,3550.06,1.28328989376314e-05,low,3.2082247344078496e-05,False,0
6019e84cd7a44610c7b6ea9796987bda889eb232,371,PAYMENT,11820.46,6.451862282119692e-06,low,1.612965570529923e-05,False,0
7ec97515d8bc7390f131398fb5a048807971f3ea,43,CASH_OUT,227026.52,0.0001563291531056166,low,0.0003908228827640414,False,0
8002674f983fd1ea9bd177bffa7ece76210e2a20,7,PAYMENT,6188.09,7.399096648441628e-06,low,1.849774162110407e-05,False,0
a509bf3962db7f59f6584ccb590517ce9a6380bf,163,CASH_OUT,1258.9,0.0001138905412517488,low,0.000284726353129372,False,0
af92b27652c5904ae4f65a9aa3dd4b8a3f0b39ca,285,TRANSFER,72367.6,0.002024456486105919,low,0.005061141215264797,False,0
99a7d33f8f6eb6a0cee8dfc5da06308442a7859d,185,PAYMENT,20481.51,3.2214949897024782e-06,low,8.053737474256195e-06,False,0
2d8226411ee51891756089fe3bf55c405fce6906,19,TRANSFER,1004942.5,0.09021652183495463,low,0.0005413045873865485,False,0
19b556f125b3dca0137469525564b4974dbfc797,140,CASH_IN,217376.34,1.4409946743398905e-05,low,3.602486685849726e-05,False,0
8f092848710cac2a98c743c9e9dce19f2c5bf747,275,CASH_OUT,88021.26,4.300157597754151e-05,low,0.00010750393994385377,False,0
10f433fca3724c13ba2afe2db7d1400cd82221fe,332,PAYMENT,3981.33,4.117917706025765e-06,low,1.0294794265064411e-05,False,0
2500e1ebc22a2264746e1323c7e681efa0a731e8,157,CASH_IN,385712.6,5.0323629693593835e-06,low,1.2580907423398457e-05,False,0
dd3b8e69ed974c4195304e963ea64381bd5dd63a,301,CASH_OUT,269471.62,0.0005285002756863832,low,0.0013212506892159581,False,0
60b6d8163e0a89b7f4ef67754dbfe479c28e7e6a,324,CASH_OUT,360688.3,6.551807018695399e-06,low,1.6379517546738498e-05,False,0
549711b8c0ea621c4b9b046effb05c85e3e7a9fa,380,CASH_OUT,254565.7,1.8872751752496697e-06,low,4.718187938124174e-06,False,0
ce79bf8f08cb7a7e130cf5f76560bb58fe8314f9,238,PAYMENT,7197.13,5.526541281142272e-06,low,1.381635320285568e-05,False,0
78e4ac679d4157fde610059ae99d3ef9195390da,323,CASH_IN,116938.07,1.5578998500132002e-06,low,3.8947496250330005e-06,False,0
85a33d1d71f1d0c9802fdfddef995bc2f3e89e4e,332,CASH_OUT,264806.9,7.3336530476808555e-06,low,1.8334132619202137e-05,False,0
55fcd1affd7f99e4488a1127db3dba03a164dee8,451,TRANSFER,220477.66,0.09003227403212806,low,8.068508032010868e-05,False,0
df17489856dc95f7acde2dff9270ffe3c69c4e94,23,PAYMENT,7749.91,1.8853379879146816e-05,low,4.7133449697867036e-05,False,0
26d46258ffb88fa34cb0c895bb77b45b1b4dcda5,379,CASH_OUT,2983996.5,0.609931001663208,medium,0.99982750415802,True,1
6acef7503e9935143249a8ead8dfa6f58c6c0eb0,40,CASH_OUT,507766.78,0.0008578885346651078,low,0.0021447213366627693,False,0
8156a3769af6c4d52c7369a4fa67d210967dedbb,19,CASH_IN,113830.9,4.006959716207348e-06,low,1.001739929051837e-05,False,0
5e32c9f5a32bbafc481e486bbab4afb064341001,205,CASH_IN,41823.44,7.52735577407293e-06,low,1.8818389435182326e-05,False,0
093551a0e47db3caf14bbd64919f971df2e4c3b7,304,CASH_OUT,276175.75,6.237834895728156e-06,low,1.559458723932039e-05,False,0
f1d5fdf50c62b3f7d3a7f90bd0cd2e2f8d85511f,264,PAYMENT,1197.21,9.650960419094191e-06,low,2.4127401047735475e-05,False,0
3bbc014e0bebda7da747700d3b67a434c4106e5c,324,CASH_OUT,159866.89,0.0004591318313032389,low,0.0011478295782580972,False,0
9fed99c0af3092b821874759595dcd2aa9ad8a0f,254,TRANSFER,1074286.4,0.09000027593882806,low,6.898470701344195e-07,False,0
46a1fcd192eb130bc4f075bdf38b567e4f1dc4a4,129,CASH_IN,5276.75,5.104987394588534e-07,low,1.2762468486471334e-06,False,0
1f4d6d4e4d22c651d5a5d6ff68790e2a46eb9c29,37,CASH_OUT,199483.55,0.2127389308437705,low,0.00684732710942626,False,0
bf243d7e31f1c62f0abd50c579f4a087706d6033,263,PAYMENT,4360.67,1.50938112710719e-06,low,3.773452817767975e-06,False,0
f2363276bb9b05bd9604ef7e220861b4868b1f03,178,CASH_IN,172214.69,7.080907380441204e-06,low,1.770226845110301e-05,False,0
1b0a3126c32b13b000fdd60246152c1801fb6969,307,PAYMENT,26497.64,1.0069317795569077e-05,low,2.5173294488922693e-05,False,0
eb40014b505d892927bec43f2b21ce39a2139cfa,187,PAYMENT,7713.24,1.0388102236902342e-05,low,2.5970255592255853e-05,False,0
01f68129c6365024427f8a64c7c66dba2ef8ea0f,567,PAYMENT,13295.35,1.3011062401346863e-05,low,3.2527656003367156e-05,False,0
d03061c8b832ea2ad396965f6de0cf4c37933dfd,396,CASH_OUT,332037.66,0.0011397794820368291,low,0.0028494487050920725,False,0
49233e06ddbb8502b2fce73ac35fe2ef7c94bfce,404,CASH_OUT,182033.42,0.0004106228705495596,low,0.001026557176373899,False,0
96768868a5335a0c9dfa242d840f33a4502c1807,13,CASH_OUT,93959.01,2.286546223331243e-05,low,5.716365558328107e-05,False,0
d51a9e072d4d7c671e95d032465315b338c900f2,687,CASH_IN,21053.27,1.5602890925947577e-06,low,3.900722731486894e-06,False,0
1f14c2c223f3738798b6d375f178a0d0a6b90fc6,8,PAYMENT,5537.68,1.4853944594506175e-05,low,3.7134861486265436e-05,False,0
448699065419f430738270db33a7474e8446ee58,20,CASH_OUT,46987.68,0.0009830822236835957,low,0.002457705559208989,False,0
88e1fb61482b58289105c8bd082bca6bebc18222,137,CASH_IN,36190.44,2.0241457605152393e-06,low,5.060364401288098e-06,False,0
23405d2d54207e5b794c446f3922b82ae0324ab2,352,CASH_OUT,156072.83,2.4947864585556093e-05,low,6.236966146389022e-05,False,0
82f6523b48377931aa26b1f0f5d4bfd3a6075ac0,353,CASH_IN,200271.56,6.177493196446449e-06,low,1.544373299111612e-05,False,0
3ae457f5e80409c3db6e77ef6d6abb258a97436f,14,CASH_IN,136786.44,4.108777648070827e-06,low,1.0271944120177068e-05,False,0
4245ef50d825e0b558466a8892d46ed1268a37f2,9,CASH_IN,116975.2,6.274365296121687e-06,low,1.5685913240304217e-05,False,0
e76aa77c5272bb262d06b0402b28ebd9d0394c8f,284,CASH_IN,66475.08,3.601670323405415e-06,low,9.004175808513537e-06,False,0
25d3d3a3b91747abc078e6f7275f0fff114b289a,303,PAYMENT,8713.11,9.712757309898735e-06,low,2.4281893274746835e-05,False,0
8829ea744b0eedbc065840ee81900ccb5383c160,9,PAYMENT,22435.02,4.046323738293722e-06,low,1.0115809345734306e-05,False,0
851b70892043a80023734a69c116fa7ed9e18dac,280,CASH_OUT,310202.97,0.0001490189926698804,low,0.000372547481674701,False,0
149c8ce156981715ac5e5b276e0692b8d06f2c61,42,CASH_IN,189767.6,5.221415449341294e-07,low,1.3053538623353234e-06,False,0
ddd4f3bbabb60cb2d1ad3a74e5f8b54967c23a75,298,PAYMENT,7652.76,4.338010330684483e-06,low,1.0845025826711208e-05,False,0
8d00fc36683194e85bb01d794a0f106f096459d4,178,CASH_OUT,99814.6,0.00029545249417424203,low,0.000738631235435605,False,0
27d0a1741d39aede179ad246a6012b96f82e51ee,278,PAYMENT,9157.13,1.2596777196449694e-06,low,3.1491942991124233e-06,False,0
e7a0ca7b8391734a5420e148a1ed8d4260317a80,40,CASH_IN,60790.41,1.292980869038729e-06,low,3.2324521725968225e-06,False,0
5cee36791ed310f222674b16e3f291d82f5bd71c,400,CASH_OUT,133526.31,4.108364519197494e-05,low,0.00010270911297993734,False,0
b696ad9c3f885ef77dacd9b6545e79d865c19176,134,CASH_IN,31687.63,2.7793043045676317e-06,low,6.948260761419078e-06,False,0
abaf9556c09c9eeabb4991ce50da1d35f218fc7f,371,CASH_IN,61182.65,2.7240233612246813e-05,low,6.810058403061703e-05,False,0
9a0be58c1155758e6fb1223c86924a2f25e549e1,399,PAYMENT,20130.02,7.330303196795285e-06,low,1.8325757991988212e-05,False,0
2e8aaa4ef157c032f1e45bcde95184cd00b1ee9d,330,PAYMENT,8684.51,1.0010416008299217e-05,low,2.502604002074804e-05,False,0
29e51525daaabc3066c6a9bd23c48db871a92cba,16,CASH_OUT,331801.16,0.21007728195632808,low,0.00019320489082019776,False,0
f3ac3a7354b9de44f175d08a22a9e6bfa0e2849f,134,CASH_OUT,174467.06,0.00022875291761010886,low,0.0005718822940252721,False,0
5ba0ff8a314c7866473f8955c507d1bb8026d89a,186,CASH_OUT,78944.19,0.00035799306351691484,low,0.0008949826587922871,False,0
6196f530cda8667d14b05a55e9537cd25d6be9c2,47,CASH_OUT,226773.95,0.0008580130524933338,low,0.0021450326312333345,False,0
45cabf818b8f8ef6fb735e1f5c7b71053538f0e0,345,CASH_OUT,343130.0,0.0003283519996330142,low,0.0008208799990825355,False,0
64d3fff42da3a27f93c6c02dfe233bf63eee2c3b,130,PAYMENT,21736.49,1.7839481006376446e-05,low,4.459870251594111e-05,False,0
f5a9921aa674a730b17c416114e2ca6112fb3f60,407,PAYMENT,13460.05,2.2391654056264087e-06,low,5.597913514066022e-06,False,0
5c00aeae5ccdca6bb06f36d3bfb70910eba5ca67,228,CASH_IN,46812.98,1.6809186490718276e-06,low,4.202296622679569e-06,False,0
46e3625f194b9834fa824fd70fbafb098e76ddb8,304,CASH_OUT,166012.42,0.00031899004243314267,low,0.0007974751060828567,False,0
17388e88a540abd9caecca5f06cb5b600fc2e5e9,393,PAYMENT,26349.73,5.3166714496910576e-05,low,0.00013291678624227643,False,0
b61e2c421e9b65c74a35644c5a163e34b94d0bf1,352,CASH_OUT,310167.4,2.2457670638686977e-06,low,5.614417659671744e-06,False,0
5b6a3f2b33eaade306d1702e0c5720cdb06aa729,160,CASH_OUT,96653.74,0.0001406681491062045,low,0.0003516703727655113,False,0
1feb82cbd68af4a955f3b07b7c06b96da2734961,684,DEBIT,494.66,9.709701407700778e-06,low,2.4274253519251943e-05,False,0
e1b7839c16a2164bcfb73efa8d86d83e6cf9b63e,349,CASH_OUT,355071.88,0.00015330486930906773,low,0.0003832621732726693,False,0
b857a5d18a3ef0dd7c9e43b2eae00c066577bcb0,188,TRANSFER,421744.28,0.09018230899004266,low,0.00045577247510664165,False,0
c61f992c93371c718038806d3de0bed8141331da,10,TRANSFER,1177429.8,0.2720350687801838,low,0.00883767195045948,True,0
e8e3231f9586dfde2fd68c668cfe7c9e9c3dffd9,132,CASH_OUT,420985.25,3.1397023121826352e-06,low,7.849255780456588e-06,False,0
f1c1f72586d2f04b977becb111862147b71e3ff1,250,PAYMENT,47374.05,1.144219349953346e-05,low,2.860548374883365e-05,False,0
e504ad2fa87d75b33a09e9002e3e1e891ae4c50c,311,CASH_OUT,258161.69,0.0008394101634621621,low,0.002098525408655405,False,0
1014cad5030a8c9f22be57506ed3c71b73127e4c,370,TRANSFER,1653144.1,0.6683500347137452,high,0.9996250867843628,True,1
47a501233ec5c3b6db2c9feb039220f0ade449f4,254,CASH_IN,35768.29,3.4093638532795014e-06,low,8.523409633198753e-06,False,0
0397258b9091b8535341c720ba563f814a377921,274,CASH_OUT,343879.5,0.0003109312849119306,low,0.0007773282122798264,False,0
a27439360fbe4ee5276fe96c174ec89d95ccdc26,14,PAYMENT,188.14,1.925842225318775e-05,low,4.8146055632969365e-05,False,0
3a434089eb300ed3407177fce69fd296684f4ca1,160,CASH_IN,143079.77,7.942188676679508e-06,low,1.9855471691698767e-05,False,0
4eb84f1227cb9e2beb187774dcb5e566de8b01cd,230,PAYMENT,9880.99,1.1240518506383524e-05,low,2.810129626595881e-05,False,0
19d89445c606873d4ec0502fe714793a0f0962ec,397,CASH_OUT,116774.97,5.6555261835455894e-05,low,0.00014138815458863974,False,0
6f1e1860c86a61e6fca59bdc1264e9d30c564ac5,305,PAYMENT,1177.91,1.181023835670203e-05,low,2.9525595891755074e-05,False,0
cca509e927256d7631939d907f8f05625d97a3fc,155,PAYMENT,22426.18,2.3034044716041535e-05,low,5.758511179010384e-05,False,0
6a904b33a72f8bb16dd1b0a9106dc303ea344180,257,CASH_OUT,366622.25,5.864152262802236e-06,low,1.466038065700559e-05,False,0
faf82b7ea50c37803b82984b04355db60eafddff,280,CASH_OUT,173705.89,0.21058179548941552,low,0.001454488723538816,False,0
1330f183ec5c2e9dcc80dbb50c9a4bd82b275742,12,PAYMENT,13375.74,1.324950426351279e-05,low,3.3123760658781976e-05,False,0
3af9476c0f05b6cf85f352b7ac404073569e1b90,393,PAYMENT,17630.56,2.479661270626821e-06,low,6.1991531765670516e-06,False,0
3dbe549743935cc7109ac3e8cff67f62ae149b0e,330,CASH_OUT,127159.38,0.00012035274412482978,low,0.0003008818603120744,False,0
449dcf4c332226f4bc080e92415fc9b6d9312933,18,CASH_IN,140539.81,4.437169263837859e-06,low,1.1092923159594648e-05,False,0
362a660bcbd2ff017cee5d006e2453fd0df1fd7a,250,TRANSFER,895250.6,0.09010706486646088,low,0.00026766216615214944,False,0
1736106cfe1fd29b6bc63a2f136be5629b6f164f,370,PAYMENT,16202.48,4.53504289907869e-06,low,1.1337607247696724e-05,False,0
81f5b543a65d2e54e1b4d34e6ffbdfc3652fc9ed,299,CASH_OUT,123327.64,0.00016498172190040352,low,0.00041245430475100875,False,0
56ade8e65bc62389b7e5853ba8e46f3525c29fb5,182,CASH_OUT,135313.16,3.082864859607071e-05,low,7.707162149017677e-05,False,0
1398800d1a3e301ae9dc8b44afbba58277ea1f60,308,PAYMENT,9874.15,1.7816426407080144e-05,low,4.454106601770036e-05,False,0
dcf7e63d8becc3190b71e8b2c02d3c0417c86e15,139,PAYMENT,10226.15,1.0851547995116563e-05,low,2.7128869987791404e-05,False,0
dfe86314f2f38daabe2a9270bec0357b7579adec,20,PAYMENT,18352.99,3.693955659400672e-05,low,9.234889148501679e-05,False,0
21eeec071cb2144f8163e97084ef1ac9b6a88102,129,PAYMENT,13787.82,1.1675366113195196e-05,low,2.918841528298799e-05,False,0
65ba2f64a770f148705fce11c13ca60bdf6253a3,43,PAYMENT,5106.57,1.6959231288637966e-05,low,4.2398078221594915e-05,False,0
9591a946b9024a8b0aab006b555a1383d6bd6783,160,CASH_OUT,232933.64,0.00010873684659600258,low,0.00027184211649000645,False,0
265f3fd4b1093175b227b37f3acee5b62fc56a22,234,TRANSFER,606125.94,0.09025285282172264,low,0.0006321320543065667,False,0
e86d23b016af86f56c6201624ccf1619b2fcc7f7,284,TRANSFER,321366.5,0.0901747357659042,low,0.0004368394147604704,False,0
df4c3515cab5a48b59f35b1aea74c10a9d83f702,183,CASH_OUT,72599.4,9.127211524173618e-06,low,2.2818028810434043e-05,False,0
b9ca05a9f565200a0c97ea2f95640bf95cdb474a,26,CASH_IN,5273.34,2.7194777430850085e-06,low,6.79869435771252e-06,False,0
0deab1094c119b0595610a88f71f1d29ead4782d,157,CASH_OUT,390285.16,0.00031135885510593655,low,0.0007783971377648413,False,0
5748f3f646c41838fa73da6be77a4b7bf24796bc,356,PAYMENT,414.44,3.410057843211689e-07,low,8.525144608029223e-07,False,0
77b857d454de457ca447e5f06cfbe859d84e569b,275,CASH_OUT,82253.95,5.345733952708543e-05,low,0.00013364334881771356,False,0
b653b249c481dd563a0699702316dcfa9067e4e6,209,CASH_IN,138803.2,3.7720335967605936e-06,low,9.430083991901483e-06,False,0
2ba70f852bcde9f7fc954067ac77f6e23bc84779,251,PAYMENT,38524.17,4.523872485151515e-06,low,1.1309681212878786e-05,False,0
a8bb1e172dd3fffc97a14178607cbbec4465468d,371,CASH_IN,10820.02,8.275418622361031e-07,low,2.0688546555902576e-06,False,0
bac66eca7084af1cb99a156690a9f4daf04aa9d4,232,CASH_IN,145306.34,3.242527964175679e-06,low,8.106319910439197e-06,False,0
af0271660483cb0fab1f171715924612498ab5ad,426,CASH_OUT,56497.6,3.443820460233837e-05,low,8.609551150584593e-05,False,0
d589e5dabb3f7e94e5570319768f7c16ae508ca3,330,CASH_OUT,35966.5,3.9177210419438785e-05,low,9.794302604859695e-05,False,0
dcc6e5ddc97ef697bdbda4f7a8432e432c4c6642,136,PAYMENT,40387.41,0.00017457434441894295,low,0.0004364358610473573,False,0
b52c3f30c0021881391fdc8d74fa3d994e4a409a,395,TRANSFER,2441969.5,0.09009385661687704,low,0.0002346415421925485,False,0
3245de1a1201cd0e11b8113fdc656b2401a9607c,17,PAYMENT,15784.08,1.8780613027047368e-05,low,4.6951532567618415e-05,False,0
998409479d6220503f6d73d7eec6a91495a79c7d,303,CASH_IN,66289.72,1.2554502973216588e-06,low,3.1386257433041465e-06,False,0
9953f457239f9c0400642fef4978b0ef8305e831,259,PAYMENT,7587.85,9.488526302448008e-07,low,2.372131575612002e-06,False,0
91f3b62d9f02526f89cf479eff4bd6ba1a39e5d5,43,CASH_OUT,353135.12,0.00028513949364423753,low,0.0007128487341105938,False,0
4422f1d659a9517c87d907dab493c2623e43793c,212,PAYMENT,5218.67,2.82543885987252e-05,low,7.0635971496813e-05,False,0
805dc7614351d5826eb475b306fc9be9ff435389,306,PAYMENT,11225.05,2.022112130362075e-06,low,5.055280325905187e-06,False,0
89fdd2c34c62d6687366c96a557e9f07a0b6d003,202,CASH_IN,238178.62,6.464272155426443e-06,low,1.6160680388566107e-05,False,0
7538412d135bc868fdbd1dbeffffd2bff7da651b,381,PAYMENT,11124.11,1.1945895676035435e-05,low,2.9864739190088585e-05,False,0
034d8f7e2e705e9492c58e1bad0bee3b63e7ffc1,305,CASH_OUT,26648.29,0.0008706241846084596,low,0.0021765604615211487,False,0
85e64c460a2c6d5c9227bbbdd9e53e638ee27c83,395,CASH_IN,226322.84,3.9998660213314e-06,low,9.9996650533285e-06,False,0
df56fcfdb4488df4222f21d48c6539119146831e,178,CASH_OUT,127610.17,1.0380397725384682e-05,low,2.5950994313461706e-05,False,0
ab59dbca385f2dbe61df3d5043b7e4fb4d2f1065,226,TRANSFER,2011927.5,0.09000092187410702,low,2.3046852675179252e-06,False,0
860975ac4060c87f0e71cddbecd729154923b7e0,156,CASH_IN,20832.02,2.394482362433337e-06,low,5.986205906083342e-06,False,0
4ceaceb93fc0f37fab66d9cac36e74e423005345,227,PAYMENT,49157.62,5.079855909571052e-05,low,0.0001269963977392763,False,0
5b1ad34516751240030d8b37b5cf5404c0fdef89,306,CASH_OUT,253561.33,0.2132733242958784,low,0.008183310739696026,False,0
c2dccf12f3b277f70546f6a75b3af7bf1f4446a9,163,CASH_OUT,252364.02,1.7318149912171065e-05,low,4.3295374780427665e-05,False,0
596913f24e770e7e2740a08c394ba36083c9b806,544,CASH_IN,72120.01,1.7095235307351686e-06,low,4.2738088268379215e-06,False,0
69a1e89e2ed2e729f562c07913045514c0a21022,281,PAYMENT,4579.03,5.990812951495173e-07,low,1.4977032378737931e-06,False,0
21e21560c73591e47a482567c2cd7c72f8d3fad4,359,CASH_OUT,152458.81,0.0001689446857199073,low,0.0004223617142997682,False,0
ec8a0e0b017e5bdba5c6d9e9f51152eb0852fe07,375,CASH_IN,225870.62,7.701186405029148e-06,low,1.925296601257287e-05,False,0
04a88f75443716956a9f586ccfcfa844b2e05539,211,PAYMENT,6887.23,1.0959374776575714e-05,low,2.7398436941439286e-05,False,0
500bc139dfecdd29e08dc419458e73df9a34b796,211,CASH_OUT,91607.74,0.0006368459202349187,low,0.0015921148005872965,False,0
d33aa9001989a19ce73261c8202a75f976a0d5b5,202,TRANSFER,203993.23,0.09031927635427565,low,0.0007981908856891096,False,0
0249c54f87a8440768451efb44c07f7436e93cda,257,PAYMENT,19509.49,1.8780613027047368e-05,low,4.6951532567618415e-05,False,0
10ced9d876ecc9b3087a1d01c38e30b281505242,303,CASH_OUT,184718.81,1.0797486902447418e-05,low,2.6993717256118543e-05,False,0
7e7fb091bd223fdb79c7b208ab161557ee0bb403,135,CASH_OUT,135910.2,1.4340771303977818e-05,low,3.585192825994454e-05,False,0
c5bae3c6ce13c9fef923c11406a3d974241c9a04,187,CASH_OUT,121143.81,0.2117092963680625,low,0.0042732409201562405,False,0
cd39523cedb725ba8e2d9bc1b0e67d087e4e8f80,140,CASH_OUT,26857.18,0.0028937464579939843,low,0.0072343661449849606,False,0
fc562c96920638b1796bfba7cea54744d87d8797,35,TRANSFER,90749.97,0.00019635576754808428,low,0.0004908894188702106,False,0
af1f189fb2b8f0759c409a6053a4cd331ee41a66,37,PAYMENT,4482.46,3.1947278330335397e-06,low,7.986819582583848e-06,False,0
e2c4da0de866f172750d2f512427cecae9348358,307,PAYMENT,3787.86,1.3725199096370488e-05,low,3.431299774092622e-05,False,0
0f86b16763c03bbee17cb9e21f7aff559057343f,12,PAYMENT,1181.34,3.100692265434191e-06,low,7.751730663585477e-06,False,0
9aae976950e3368df5c693921c8b06a74fe26d6d,16,CASH_IN,111481.22,4.695896495832131e-06,low,1.1739741239580326e-05,False,0
463d37d0e4587df88fb5827752b781a948b387f2,40,CASH_OUT,30087.95,0.0004693647846579552,low,0.001173411961644888,False,0
774ec5a6bfb670226355ee975782719ca931108e,21,CASH_IN,72163.63,0.00017843648092821243,low,0.000446091202320531,False,0
e207ffd195582954bb13c25e2548c74c8a77ecd5,164,CASH_OUT,113066.82,4.6210247091948986e-05,low,0.00011552561772987247,False,0
a36df6123d85bbd8e52f8a6c39be7f1710fb1df0,131,CASH_OUT,338243.03,3.0171921025612394e-06,low,7.542980256403098e-06,False,0
d8434b99614563003d932b581ecc277b442f34c5,14,CASH_IN,158976.1,5.175914338906296e-06,low,1.2939785847265739e-05,False,0
672e61472d8738485c4b2fc2a1b59e96b5b42052,306,CASH_OUT,48716.37,1.4150905190035701e-05,low,3.537726297508925e-05,False,0
1f4494df4bee1bdc8f9f49c406317f9deef2bfc6,282,CASH_OUT,121821.31,0.00016595732886344195,low,0.00041489332215860486,False,0
812153ee47bc1b2857f3416a3a76ca55da739d6a,328,CASH_OUT,293622.06,1.6568394494242968e-05,low,4.1420986235607415e-05,False,0
ad7d393e4cbfe4112a2f1446afffa24125280236,322,CASH_OUT,3560.72,0.23994047641754152,low,0.5998511910438538,True,0
baebeeaa34ef0c63c01edeb5bac86c0c9567c11a,156,PAYMENT,28640.82,1.2885777687188238e-05,low,3.2214444217970595e-05,False,0
394423e51e014bd67023903c924dac41f1f61b5c,538,CASH_OUT,251976.34,0.00015874664532020689,low,0.0003968666133005172,False,0
692a931073ac8d463f0b89fab0cf1a5a4c88736b,131,CASH_IN,303419.03,4.768781218444929e-06,low,1.1921953046112321e-05,False,0
a56bd79a93aaec67253b184d176a243f6059b75c,177,TRANSFER,346924.84,0.0900008047704796,low,2.011926198974834e-06,False,0
7ceba6c5c37422c3c33beaaa7274c14264600a10,132,CASH_OUT,441320.47,3.748777089640498e-06,low,9.371942724101245e-06,False,0
c76fa24aa684d784867f4ce0298ac55296d14eea,359,PAYMENT,24583.86,0.00010255586821585894,low,0.00025638967053964734,False,0
5ccd73bfa9474f002fae99b502cecd06d3a0c69b,42,PAYMENT,22687.13,2.6413244995637797e-06,low,6.603311248909449e-06,False,0
54a0c0d419337012fbfb18c11ae9a73e20ffc184,134,PAYMENT,5186.88,1.6641392721794546e-05,low,4.1603481804486364e-05,False,0
86ac8433f893248a940f9684acfbb944b04128e9,256,CASH_OUT,217419.6,0.00012095355195924641,low,0.000302383879898116,False,0
a8cf175656c325babaaa731fbbd9c34b5db25384,134,PAYMENT,48813.73,1.2742461694870145e-05,low,3.185615423717536e-05,False,0
2773951c9fa99c0be6b901d0e5a582b50f2e09d6,226,CASH_OUT,284855.66,3.865238250000403e-06,low,9.663095625001006e-06,False,0
d249dde9b21cf9bb54bf830441fd7bec3140555b,401,CASH_OUT,74473.05,4.438048927113414e-05,low,0.00011095122317783535,False,0
e2e2bc7ff0029e80de129a6f95dc30105c29e160,234,PAYMENT,15885.06,1.9497319590300323e-05,low,4.8743298975750804e-05,False,0
01b143b0c5c342931343084bc2780ff8d0f946fc,396,CASH_OUT,285173.78,1.3675130503543187e-06,low,3.4187826258857967e-06,False,0
bfc4feac856ec11b10e7575a66c5daab17fbf693,184,CASH_OUT,200452.3,0.21044739483855665,low,0.0011184870963916183,False,0
eb94c24d5c711930b520ff3a2c5d6ac03c2ed259,165,PAYMENT,3142.89,6.971375114517287e-07,low,1.7428437786293216e-06,False,0
f56d102a949bd70ea703511f8ea96c83654257b5,383,PAYMENT,19408.39,3.850657594739459e-06,low,9.626643986848649e-06,False,0
e09eac401ecd6567a379f605c0519061faa662d7,177,CASH_OUT,242859.27,0.00010917710606008769,low,0.0002729427651502192,False,0
286a70a28a94185f690ff35b2007c5dbf15e65b9,157,CASH_OUT,479556.28,0.0003972548991441727,low,0.0009931372478604317,False,0
b80f203608bd7fbb210892697167db12c4d5ec9e,379,CASH_OUT,153896.31,0.00018884361488744617,low,0.0004721090372186154,False,0
e4ab3cd333a0c8cf30b2bc3b85f910bbace80451,235,CASH_OUT,357153.53,2.3525961296400058e-06,low,5.881490324100014e-06,False,0
09e649bc3bbf5631f5c627774a29fec3a5021ae8,283,PAYMENT,10351.7,1.0851547995116563e-05,low,2.7128869987791404e-05,False,0
5129c5263e76564106a64b43af50f5bfe9e7041b,13,TRANSFER,123154.16,0.0003222992178052664,low,0.000805748044513166,False,0
6f81bd6c2f54b9caed6b0ba7251faaf63d240743,24,PAYMENT,1707.67,9.262933599529789e-06,low,2.315733399882447e-05,False,0
1a32b43b94f4283a2922bc94286f9b0d21546672,210,CASH_OUT,158651.75,0.00017895465716719628,low,0.0004473866429179907,False,0
f22d0e8b44d98814a89f968c0ed9d7aad624cbd9,403,PAYMENT,10302.54,1.9658513338072225e-06,low,4.914628334518056e-06,False,0
30fd100f2023d902248f034aa1608e6ae7f74857,179,CASH_OUT,68615.99,2.3619341664016247e-05,low,5.904835416004062e-05,False,0
33f62546baafb6193bac50e6e7841a762af131b3,534,CASH_IN,85725.98,6.092349940445275e-06,low,1.5230874851113185e-05,False,0
668c74b2feb06bd767b12768d316c4aee890b087,141,CASH_OUT,242942.02,0.00056962207891047,low,0.001424055197276175,False,0
ca0a7f11fc70c333afc11e90563f5a866c476e9c,35,PAYMENT,23748.91,3.0578332371078433e-06,low,7.644583092769608e-06,False,0
625f2a3e9fd9e74c0f8a2332e5c2d2f7942cbb1d,330,PAYMENT,7408.13,1.0874971849261783e-06,low,2.7187429623154458e-06,False,0
955c36e80ed5a59a0a28e5aa9f6eecdff291d6ea,185,PAYMENT,21279.0,2.1895261306781324e-05,low,5.4738153266953304e-05,False,0
f322ba6c44ea4c73ea981fee30eac8e974e8c031,525,CASH_OUT,6080.94,2.7106344350613654e-05,low,6.776586087653413e-05,False,0
ed7d99380efb209c2d16e0159bce9307a924bb61,130,PAYMENT,26212.38,5.1740906201303005e-05,low,0.0001293522655032575,False,0
424a9342811b3c2afbbab1a2528b38ba48d6b5b5,301,CASH_IN,52001.97,6.597898754989729e-06,low,1.649474688747432e-05,False,0
209404f5123ebf4eff9680ecbd109faa05e7d61b,686,CASH_OUT,134610.75,1.2566312216222287e-05,low,3.1415780540555716e-05,False,0
33ee7496117b65a28a018bc9bed31750adf21f50,371,CASH_IN,171990.45,1.0424284846521914e-05,low,2.6060712116304785e-05,False,0
ae240d79a36418d4178466a61dd2c3a89e7f0823,330,CASH_OUT,16454.81,0.00022361010778695347,low,0.0005590252694673836,False,0
7f0e745706147d0cda605aa2d2c88708195cb084,17,CASH_IN,194860.12,4.184308636467904e-06,low,1.046077159116976e-05,False,0
3463077bd13f22421d4c9ae31dee360fe1327e16,348,CASH_IN,316356.34,2.4744333131820896e-06,low,6.186083282955224e-06,False,0
96c4554eaaf2d05aab0d0ee215ad608ba8ab18ad,280,PAYMENT,10422.96,1.479439961258322e-05,low,3.698599903145805e-05,False,0
a8a58f7c5332ec2c9fb3677c872299547f17b033,373,CASH_IN,84038.11,1.7464972188463435e-06,low,4.366243047115859e-06,False,0
774fe2ba75454769854896d0e2b512bcccf51c66,19,CASH_OUT,64938.64,4.640746046788991e-05,low,0.00011601865116972476,False,0
0458602b27a3247c56d469fc0e9c62321f410b78,284,PAYMENT,15802.59,3.693955659400672e-05,low,9.234889148501679e-05,False,0
a19208859f0110024ab02af64e4ad6dd6f40c7d5,252,PAYMENT,727.69,4.5981632865732536e-06,low,1.1495408216433134e-05,False,0
8c9bc717fb6e80afa0dfdaee46959902286d63aa,41,PAYMENT,4009.91,1.0251413186779246e-06,low,2.5628532966948114e-06,False,0
a6c9aed2adcd4f74c9e6061f817c1b01fe2f1591,159,PAYMENT,375.38,4.116779564355966e-07,low,1.0291948910889914e-06,False,0
97bbf47352ec1c27b9ae1bdac8aa45248e914873,38,TRANSFER,94051.12,2.3644221073482186e-05,low,5.9110552683705464e-05,False,0
8e02dd54e5b78e5d6264a333b9d18b77d448bed6,232,CASH_OUT,275836.9,4.201434785500169e-06,low,1.0503586963750422e-05,False,0
252b1fe83c4ae79bf014ea211b5a42779ba03ed7,250,TRANSFER,216753.03,0.09010677423560993,low,0.0002669355890247971,False,0
056671fdaf68f306b49877797a0f272154be812e,349,CASH_IN,518662.72,5.426679308584426e-07,low,1.3566698271461064e-06,False,0
6cda71cf6592ff7d6d6bffbb55f9f13d4364741e,214,CASH_OUT,213414.52,0.00011145928874611855,low,0.00027864822186529636,False,0
ea9d08773acdcac09e117893532382fc11458bc6,130,CASH_OUT,127265.57,0.0002130028558894992,low,0.000532507139723748,False,0
31cf751f819396113fe95635af09188c682c69ab,285,PAYMENT,5465.83,1.5629906556569041e-06,low,3.90747663914226e-06,False,0
4a86e01b7d291d24be7fea6c30b66758c0002cea,16,PAYMENT,6102.95,1.0725025640567765e-05,low,2.681256410141941e-05,False,0
9a637e56ea8ca8e65b00b92056e0a05645093b91,210,PAYMENT,1040.78,1.3288605259731412e-05,low,3.322151314932853e-05,False,0
eff3fd70ee5cc06a2293a6884c89352439a9761e,19,CASH_OUT,6692.48,0.00013266034657135605,low,0.00033165086642839015,False,0
ecfc666a1500ee811e5dbc323a41f2361be4698e,374,CASH_OUT,238446.2,8.79122584592551e-05,low,0.00021978064614813775,False,0
483ecc06ba10638dd3e20a5529ce51eef927bfba,393,PAYMENT,35239.45,4.228945763316006e-05,low,0.00010572364408290014,False,0
5db8fd406a517484978488c936ed086ccb71f61f,179,PAYMENT,13000.1,2.3585265807923864e-06,low,5.896316451980965e-06,False,0
812bed53dfd18d646c5ddd40d29b3fd35a6bfb18,182,TRANSFER,284809.1,0.09000061574833126,low,1.539370828140818e-06,False,0
e0b392d0222e4ce01cc67a6839d017a5c59fc940,207,CASH_OUT,112592.49,0.21820077881217,low,0.02050194703042507,False,0
8e755e3a29bb53c0916458a6480253af06a0f659,40,PAYMENT,5403.79,1.660737179918215e-05,low,4.151842949795537e-05,False,0
c5cb7c93f1d4e7a7a2af4fe197070eaaf0726547,187,CASH_OUT,279018.38,0.00023136907257139685,low,0.0005784226814284921,False,0
f01be154c518ae89f70226bed7fd7bad353570ee,257,CASH_OUT,191025.8,0.2100736308400519,low,0.00018407710012979805,False,0
1b49bf40a3ea28dfc6a18c0042cdc013db86a4a3,36,PAYMENT,16165.42,6.544949428644031e-06,low,1.6362373571610078e-05,False,0
df5cba7627e7339b2d064b55133c048e925f399d,185,PAYMENT,5808.1,2.76112823485164e-06,low,6.902820587129099e-06,False,0
1600c7465f71b6f6b7e3fbe941fd75f0ff6af3b1,382,CASH_IN,146596.11,7.160470122471453e-05,low,0.0001790117530617863,False,0
a91def35c590783fb342a298689622c382296f6b,330,CASH_OUT,56551.53,2.2546476975549014e-05,low,5.636619243887253e-05,False,0
32c6850955ef85736c7ac539e5aba5ba6e2100ca,154,PAYMENT,1235.0,6.675010354229016e-07,low,1.668752588557254e-06,False,0
b913057c61adcbfbc516dafde3ef876683cedd5e,402,CASH_IN,276410.78,5.511593190021814e-06,low,1.3778982975054532e-05,False,0
bee2192a7a20c89f3c012746e320364b5ff6b73f,13,PAYMENT,14600.84,2.241467882413417e-05,low,5.603669706033543e-05,False,0
f9b971ac98310b1f4af3c878f2b4830ca5f274a1,9,CASH_OUT,209065.23,5.8678382629295814e-06,low,1.4669595657323953e-05,False,0
1b0053db628173a88df197fc00fc4dda8130520d,180,CASH_IN,42633.96,8.662314212415368e-06,low,2.165578553103842e-05,False,0
d683129a5815f84ee7f4c8110e0feb7713c46abf,12,CASH_OUT,27368.73,0.056679755449295044,low,0.1416993886232376,False,0
dd54ac093497559d4f3a18e783db56df74e3f403,370,TRANSFER,142270.08,0.21029355473816394,low,0.0007338868454098701,False,0
463243e9cedb24df1b92142b9d39230fb227931b,210,PAYMENT,7703.51,0.00016239655669778586,low,0.00040599139174446464,False,0
6cefe5a7036b2312f405fe1e68540071c150242a,35,CASH_OUT,373251.62,0.0002599689643830061,low,0.0006499224109575152,False,0
61d1fc4e51d762b8b53e4919e54cd2dc3ca5354a,136,CASH_OUT,360457.56,0.006576863676309586,low,0.016442159190773964,False,0
3e66668e4aeb90486b3b9cebb5f0cd8544ae1d1b,276,CASH_OUT,10173.11,0.0002520026173442602,low,0.0006300065433606505,False,0
e604ee4a57829eec8da9a93e7abaa4c2b9585fb2,258,PAYMENT,4657.56,3.6770798033103347e-06,low,9.192699508275837e-06,False,0
9b8f1edc87eb00ee6148cb33e548c1c59faa13f4,22,CASH_OUT,29659.07,0.000678481161594391,low,0.0016962029039859772,False,0
640d13bba7c2b1a82be1a85f5ba7ae9808270cfa,155,CASH_OUT,102400.74,0.00010383184999227524,low,0.0002595796249806881,False,0
3de511edb1b6c24b015df908bc90867e6a3db3ac,254,CASH_OUT,158860.8,0.0002414825838059187,low,0.0006037064595147967,False,0
575f5b2b20d059d7518ab9fc2555865bf5d182c1,308,TRANSFER,1274062.2,0.0901189829898067,low,0.0002974574745167047,False,0
a792bdea95b06d95241663bbeaca8bd208c6840c,211,CASH_OUT,180776.25,0.00021612253040075304,low,0.0005403063260018826,False,0
cefd686662f83d848f2abe58a84b035cf8b2046c,348,PAYMENT,32035.96,5.994942621327937e-05,low,0.00014987356553319842,False,0
e4c42bd808816dc6f1baeb8811f3bd1389eaf61c,284,PAYMENT,1342.54,2.18023153138347e-05,low,5.450578828458674e-05,False,0
60ba73e3e17f887d7981ffd480cef26409a9d439,335,PAYMENT,908.74,6.544225470861421e-07,low,1.636056367715355e-06,False,0
b779a2d7976592bb7e3542b66e5a2dc507320398,346,PAYMENT,11302.02,5.815405529574491e-06,low,1.4538513823936228e-05,False,0
9cdb30cb249d746f857d5da794f2afec226fb9be,140,TRANSFER,1705873.9,0.09028411094099284,low,0.0007102773524820805,False,0
7cc8ab525039964fa8e28c653cd1b7d69dec30af,16,CASH_OUT,53528.24,0.00011967789614573122,low,0.000299194740364328,False,0
dcbf7fdc4b12e8d16bcd19dae3ce6e5839d20aec,9,CASH_OUT,91728.23,0.0006511017214506865,low,0.0016277543036267161,False,0
109bb16177a9af97d16a705e9c74ac5325a706bd,184,CASH_IN,4716.78,7.486478807550157e-07,low,1.8716197018875391e-06,False,0
b08f664f8ac515dd2a740974ef7d2009d44fc566,162,CASH_OUT,337834.4,0.21373129732906818,low,0.00932824332267046,False,0
f53cae8030ab04dbdf7f5391ff7e80b7b1bdb4c9,275,PAYMENT,1017.62,5.222267191129504e-07,low,1.305566797782376e-06,False,0
64ea90405ce77d303be0e28fbd8a7e15c9d62a77,9,CASH_IN,4528.17,4.697511485574069e-07,low,1.1743778713935171e-06,False,0
c27c8fda12cf058cf033a7465cef776f0e4ff5f6,351,CASH_OUT,112715.19,0.24720774948596955,low,0.09301937371492386,True,0
7ddec57a370dc588f691600ad52d43535bb84199,375,TRANSFER,19255.74,9.211947908625007e-05,low,0.00023029869771562517,False,0
7e1f3e4f71da6a7466ca137fbdcc0df5a6d9da51,329,PAYMENT,35432.54,8.151219226419926e-05,low,0.00020378048066049814,False,0
0c69be2358015f1d6c83f42889c91f7705da6ec6,15,CASH_IN,84033.02,2.171267624362372e-06,low,5.42816906090593e-06,False,0
747017d462ab528b319c181096a9df116898e76d,18,PAYMENT,2758.06,4.584171165333828e-07,low,1.146042791333457e-06,False,0
ee0d09fc261f72279903f3c5829a598cef1ffce9,208,CASH_IN,50599.9,2.2401009118766524e-06,low,5.600252279691631e-06,False,0
132583310d18c58f3507bc4836a6f186b3f34811,163,CASH_IN,115064.09,2.9906475901952947e-06,low,7.476618975488236e-06,False,0
57169fb422510ee5f5b6d36b8a4af1c6a16c1815,177,CASH_IN,48911.54,2.309939554834273e-06,low,5.774848887085682e-06,False,0
41b45cbb69436ab9489ff7cca45cc394add5185c,402,CASH_IN,145510.72,5.71794698771555e-06,low,1.4294867469288874e-05,False,0
44064c784325b3b5d408d59a248992bcf04b4d05,276,PAYMENT,11648.21,3.5450542782200504e-06,low,8.862635695550125e-06,False,0
cd6db884e7147f9e489e62213d7673868d9a9e40,139,PAYMENT,9543.51,9.840684651862831e-06,low,2.4601711629657075e-05,False,0
af45be38245e75e5b0e8f03f59cbd54268e73914,346,CASH_IN,46969.82,2.350138493056875e-06,low,5.875346232642187e-06,False,0
403221458e4186ec35db4d5752a6fedf661922b1,347,CASH_IN,357447.34,7.960121729411185e-06,low,1.9900304323527962e-05,False,0
440a711ef82dd45ad47a5089cce8cf03c640a1e0,350,CASH_IN,38780.52,7.269570778589696e-06,low,1.817392694647424e-05,False,0
314853830102e86c40f0fc7cdf747632d858f1eb,184,CASH_OUT,101468.2,0.0008513586595654488,low,0.002128396648913622,False,0
d46fe0df057e7f33baa16dfa0a2c3b6e10717337,307,PAYMENT,14284.96,1.3924563245382161e-05,low,3.48114081134554e-05,False,0
ce77fabf25f310546cea354b129f82f806faef16,9,PAYMENT,5990.82,7.783012733852957e-07,low,1.945753183463239e-06,False,0
1fbc77b9bcdd587cb8ff69c45b8e756d096066af,257,PAYMENT,3286.66,1.1086928134318441e-05,low,2.7717320335796103e-05,False,0
687f079f0845baa1a8bd1e1dc027a9d632fe49e6,45,CASH_IN,72391.65,2.265790863020811e-06,low,5.664477157552028e-06,False,0
e30282ee1d4b093bd63be06c56295c26eb8b36dd,369,PAYMENT,14897.19,5.069800681667403e-06,low,1.2674501704168506e-05,False,0
4e735e48d853ac6c0be3c324a6bf2774ed6b84c4,46,PAYMENT,8028.88,2.4283077436848544e-06,low,6.070769359212136e-06,False,0
2240773a63417ab3e306a21044143ef761a50c34,93,PAYMENT,3091.39,4.838300446863287e-06,low,1.2095751117158215e-05,False,0
b0c8be53687d403d150acf883d5e91d682d9d441,158,CASH_OUT,33766.55,0.00016128773568198086,low,0.0004032193392049521,False,0
8ea50ad57caf1bba1ea8e85f860a815a34647870,331,CASH_OUT,47596.03,1.2602002243511379e-05,low,3.150500560877845e-05,False,0
1c8a169375f05e88095199eece08d11a234e9028,210,CASH_IN,227759.4,1.0026246309280396e-05,low,2.506561577320099e-05,False,0
c427d92ec1e5ba58acaa44b352fe14e92a7839a0,204,PAYMENT,8918.15,9.598734322935343e-07,low,2.3996835807338357e-06,False,0
25c93c09aad2c47f5bd55abef2b1c6210e2c2a80,183,PAYMENT,5469.26,6.660669896518812e-06,low,1.665167474129703e-05,False,0
15d9d22df021f637c3f3745ccb024dbdd8370bac,345,CASH_IN,219490.17,6.0117563407402486e-06,low,1.5029390851850621e-05,False,0
09c644a4a9dfcc13c1916bc5e06c73d3542b6b75,336,PAYMENT,15319.72,2.4181474873330445e-05,low,6.045368718332611e-05,False,0
95f844d6844fce22517d44076996562c7d74b80f,14,CASH_OUT,185140.38,7.159496453823522e-06,low,1.7898741134558804e-05,False,0
da31cf49bad11cac2b0facff4ab8d5322b4091ad,14,PAYMENT,25398.01,6.563874776475132e-05,low,0.0001640968694118783,False,0
374aad92111a8549d9722a3775ca3e998bef8412,12,CASH_OUT,288325.84,0.00025475991424173117,low,0.0006368997856043279,False,0
982d9a039fdb311dcf65b2ae94993d3db9ef3002,273,CASH_OUT,124779.63,1.2697835336439313e-05,low,3.174458834109828e-05,False,0
852a55fa45a8da0d188befb3f234dabc52ec50a5,378,CASH_IN,130811.47,5.385305485106073e-06,low,1.3463263712765183e-05,False,0
210c2096500c8a4b367fbdd49560ba5518edbc9a,209,CASH_OUT,337244.16,1.5285673725884409e-06,low,3.821418431471102e-06,False,0
1c6a5849829a76e32dbca0732ef9d323fb10252f,45,CASH_OUT,129480.59,0.0011262092739343643,low,0.002815523184835911,False,0
79dd305236bfc821bd1b6a6e9e5db28f00efa61c,256,CASH_OUT,237412.61,0.00017610143404453993,low,0.0004402535851113498,False,0
dbc3327a02f50fb5b45f9b399fc1049daac2e625,188,CASH_OUT,317355.53,6.587763346033171e-06,low,1.6469408365082927e-05,False,0
9980a8ea0354e765aaa57cb649cd0b608b2fee15,369,CASH_OUT,144549.1,0.00016950727440416815,low,0.0004237681860104203,False,0
9a13e23f17106c683dc7494e53bd41b1ddcaaa76,310,PAYMENT,16859.14,1.1650950909825042e-05,low,2.9127377274562605e-05,False,0
8432689bbb9f0d100dffc6e1cf6049d036e6bf85,234,PAYMENT,8050.48,1.0560786904534325e-05,low,2.6401967261335813e-05,False,0
bc998823569a6fef3c407a804829ef472205665e,41,PAYMENT,2869.73,5.456966846395517e-07,low,1.3642417115988792e-06,False,0
afb95e8dbe2df9a1516460b4bf24ee6f88ec1c8a,281,TRANSFER,2019697.6,0.09017224131152035,low,0.00043060327880084515,False,0
ec375ac7d17963b6d897c70f09e9db3ee65aa996,469,CASH_OUT,467374.16,0.21003390375059097,low,8.475937647745013e-05,False,0
3110dbee7188bc81813c1379855b9c9a40a5a575,279,TRANSFER,128118.15,1.3834216588293204e-06,low,3.4585541470733006e-06,False,0
6dbb6dbaad482102ff9b80c697ad31bbb4d4627b,525,PAYMENT,995.37,2.253867278341204e-05,low,5.63466819585301e-05,False,0
cf1811fe1c7fac90dc0630371c916b0a14a68be2,11,CASH_IN,403666.56,7.411957631120459e-06,low,1.8529894077801146e-05,False,0
a978624b3fff75679a31527aca23623c1d7f2182,275,CASH_OUT,46236.52,0.000333776930347085,low,0.0008344423258677125,False,0
3fb7416ed3856e8fe7ca6cdd839f7808c0616abd,212,PAYMENT,593.63,2.628778456710279e-05,low,6.571946141775697e-05,False,0
e05f9066f3b18bfa13d3b8864adf1d23e11f92c6,277,CASH_OUT,304767.88,0.0002542085014283657,low,0.0006355212535709143,False,0
5f5a955ba34ff37c705f2bcd14da5384227b9ada,332,TRANSFER,783425.25,0.09014614026295022,low,0.0003653506573755294,False,0
6255f4338354172babea538de8c62c8f279f3efd,325,PAYMENT,10518.29,7.66392331570387e-06,low,1.9159808289259672e-05,False,0
63597a3a2468773fe1589131d79d92b2f7727760,255,PAYMENT,5166.15,9.62216108746361e-07,low,2.4055402718659025e-06,False,0
29948206d2cb17870a2e88daf2d3d6bb985b6870,493,TRANSFER,1079109.2,0.09000111716844914,low,2.7929211228183703e-06,False,0
87446089a29fa677ad819e263b532af4508f0d74,594,DEBIT,1123.9,9.186224633594976e-06,low,2.2965561583987437e-05,False,0
086265a1811f1b937982bc757e0fb74470567a1c,715,CASH_IN,73257.95,7.272989023476839e-06,low,1.8182472558692098e-05,False,0
99e8ec81adfcadb048613402ad12f454418e466e,426,PAYMENT,9925.37,1.1031936446670443e-05,low,2.7579841116676107e-05,False,0
e30726f7399a53345884a271e8f23c56a96568b9,254,CASH_OUT,11733.91,0.0002834074199199677,low,0.0007085185497999191,False,0
9b57d518a020ce3f450c4e083ce1ea5fc6d3584f,46,PAYMENT,12942.16,9.369769395561889e-06,low,2.3424423488904722e-05,False,0
4e2a707c212fdff579091ea78a731eb2cfa053dd,163,CASH_OUT,76424.62,0.35421133995056153,medium,0.3605283498764038,True,0
cdb68152b9aedcc7d40037a5d33d1f7ee7f93438,167,TRANSFER,37575.41,0.0011645368300378324,low,0.0029113420750945807,False,0
44398f96d93adaa544b78e5edeeaaac9991bc853,304,CASH_OUT,15507.39,0.0001080014160834253,low,0.0002700035402085632,False,0
907ef424a4ef773b9f754bd65e038aa76011b6df,215,PAYMENT,54079.41,9.85495062195696e-06,low,2.46373765548924e-05,False,0
8a12baf7ec4493e6622425d9708d7ee24e666ae1,304,CASH_IN,360069.9,3.197641717633815e-07,low,7.994104294084536e-07,False,0
1da22a4dc1dd175f771ca91a1c02cf41b48db2d1,397,PAYMENT,2850.76,9.92089007922914e-07,low,2.4802225198072847e-06,False,0
8e9d2915148f769bef90200f86bfd91440677253,238,CASH_IN,110075.07,1.3164577831048519e-05,low,3.2911444577621296e-05,False,0
03973604074f81c72e7b0b51aa30bd6c0c2d3cd2,213,CASH_IN,77597.09,1.8900940631283448e-06,low,4.725235157820862e-06,False,0
0debfe815729e8e103c8a2b8227d93830f583f6a,393,CASH_IN,180301.55,1.8623258802108468e-05,low,4.6558147005271167e-05,False,0
0b59f93d1302873976e8e8e699d910e8fc8b19d7,186,PAYMENT,17781.15,3.5008179111173376e-06,low,8.752044777793344e-06,False,0
bd7e766e331be5d8ba3a2810b2c2400a3ff31144,46,PAYMENT,25245.74,9.821865241974593e-05,low,0.0002455466310493648,False,0
700cc5f2d2a2ebe5ac7014bfc52b76b35a42354e,334,PAYMENT,2529.2,4.09405110985972e-06,low,1.02351277746493e-05,False,0
46c23375e19d4d756b590a9b49462f0c2363d573,406,CASH_OUT,41733.13,0.03194589018821716,low,0.07986472547054291,False,0
25d8b2e9d8d69e97df0a4465644bcb56bca1044c,274,CASH_IN,150584.38,7.897521754784976e-07,low,1.974380438696244e-06,False,0
e2c3cbae4fbaf6a3ab9eef84fd5d4d90ae653e01,14,CASH_IN,322919.38,1.0279139678459616e-05,low,2.5697849196149036e-05,False,0
9d54aa8a0a1adf1789159e24c1826dc23ff4085c,353,CASH_IN,538188.4,1.0078233026433736e-05,low,2.519558256608434e-05,False,0
da5d002ff49f41a35f88eeab9610984d1e1122c4,399,PAYMENT,11075.73,8.60427026054822e-06,low,2.1510675651370548e-05,False,0
46f108cbc4e6017f26139d8dc6385677fa0ff0ae,39,PAYMENT,3582.67,1.0359303814766463e-06,low,2.5898259536916157e-06,False,0
40630665602fcc6206fd427a352a26158dd9526c,403,PAYMENT,15200.39,1.3420110008155463e-06,low,3.3550275020388654e-06,False,0
82f6cd69389b88a5f598f0766888d155662f04fa,332,CASH_IN,6290.49,1.283934761886485e-06,low,3.2098369047162123e-06,False,0
78196fae7fb6af84b08fd3f9e062189290ccc4e2,18,CASH_OUT,275094.1,0.00027251648716628555,low,0.0006812912179157138,False,0
3b76270b10c4cb224e01f2139739dc3bfe1c5952,185,PAYMENT,5262.36,1.660737179918215e-05,low,4.151842949795537e-05,False,0
67c9842f4f4dc6fae3ac931ba7fcbb6d493007f2,400,CASH_IN,157253.38,3.230317815905437e-06,low,8.075794539763592e-06,False,0
88291828148ab8df28afde2cbd6ebde16d7a895f,186,PAYMENT,4091.95,1.3953355664853007e-05,low,3.4883389162132517e-05,False,0
69da1b5a70120b5c439aa18eeae616ea56cc1fe9,525,PAYMENT,77834.21,1.3962567027192563e-05,low,3.490641756798141e-05,False,0
cb1e85c89e0804154baaaf5213dc2f91ce7cd178,573,PAYMENT,938.39,2.046783447440248e-06,low,5.11695861860062e-06,False,0
9518e60e02126277a34215fa2615ed38b69cce8b,261,PAYMENT,7237.18,2.0212655363138766e-05,low,5.053163840784691e-05,False,0
2f89d08ea89f7f963e1d87260bab8c71c359e365,354,CASH_IN,118316.21,1.046690158545971e-06,low,2.6167253963649273e-06,False,0
5b357364a4232f97d563618159afe34752297292,403,CASH_IN,149968.77,1.3790576485916973e-05,low,3.447644121479243e-05,False,0
4598a5f88e41cb93587d0b838b4c7a6f865e51c5,42,CASH_OUT,205839.4,0.0001930473023094237,low,0.0004826182557735592,False,0
a3c2993f5d2a685510763ce57e16c32a1bdf8d20,182,PAYMENT,17049.27,8.549419726477936e-06,low,2.137354931619484e-05,False,0
c4ce10a016d69288a0192d91fcf9eb680c5f968d,283,CASH_OUT,407858.03,0.00018493800889700653,low,0.0004623450222425163,False,0
