event_id,step,txn_type,amount,risk_score,severity,ml_score,is_alert,label_is_fraud
deecaff5e7169a32baa630ee57259156a44d57b3,298,CASH_OUT,2260074.83,0.0001227444852702,low,0.0003068612131755,False,0
e885ca5eb6af0c75b758de295980c64fa6b5dda4,155,CASH_IN,1000806.46,5.563600279856473e-06,low,1.3909000699641185e-05,False,0
a4a9066f69f5d8e4902ed08601bced5e3480532f,402,TRANSFER,181533.05,0.2734682063629344,high,2.9455512049025856e-05,True,0
03c032e881dd03b6a32d76d70f73ff11bf98acaa,129,TRANSFER,425309.04,0.42370457947323564,high,5.198187864152715e-06,True,0
f1dc047c99b036127dc4f05add19f1d09e2bb19b,135,TRANSFER,2540779.73,0.2872145128846168,low,0.0467862822115421,True,0
0f2db7ed1249e483a94d92e1b50695b72f60edc7,249,PAYMENT,6875.77,9.714332554722206e-06,low,2.4285831386805512e-05,False,0
0ac94d3760afe4dc0ce888b593506d59c1eea08d,587,PAYMENT,59505.0,1.1688277481880506e-06,low,2.922069370470126e-06,False,0
c586f7e96bb516b26bc2595995235b33918d68cb,260,CASH_OUT,708568.96,0.0008588851429522,low,0.0021472128573805,False,0
4462d6d85b5b128b4325240dd487fa0cc5bc3f82,331,TRANSFER,40473.99,0.2238655846768614,high,3.4789372875820845e-05,True,0
1d6a51b4413e4f5f5da0b26dfb5c262091ee5e4f,305,PAYMENT,129569.5,5.8286869898438456e-05,low,0.000145717174746,False,0
26ec14c9fcd14f405caf1d95bdb00aecc6e230ac,325,TRANSFER,979350.22,0.2880915019375803,high,0.000526824966073,True,0
a7232ab17cb14b05aca1dcef8c8282620dab5683,321,TRANSFER,1334835.9,0.4667969856421955,high,1.6076030078693293e-05,True,0
23db0236d9dd2bd5079ea2d4d124b5d532f05469,522,TRANSFER,1467797.92,0.0901284304191358,low,0.0003210760478395,False,0
ba3914fe32d0673f92b29f405e52abd258e8e0ff,250,CASH_IN,165367.61,1.4849787476123312e-06,low,3.712446869030828e-06,False,0
09032ad60115fab65967423a26fc70f08ae89e33,287,PAYMENT,28812.63,2.398669457761571e-05,low,5.996673644403927e-05,False,0
8bd4e8c8ac41b136a22d9843961e7546b0b79c29,203,TRANSFER,37397.89,0.41269195427676075,high,2.149642568838317e-05,True,0
3604e177bf1628b4c2dee6f44bf097dc6940abd2,684,TRANSFER,64010.81,0.4844502871611304,high,1.4954516700527163e-05,True,0
8dbcefdaf7b15a1b405d8f877df3928844c08e4a,159,CASH_IN,754820.82,6.526886863866821e-06,low,1.6317217159667052e-05,False,0
6efa83f05b4005c72c44da79c4473121f2b55cd1,137,TRANSFER,96288.35,0.29801185442476563,high,0.0004076545592397,True,0
08e1ad82b52ead2e4540e97a3a744df7f5609419,396,TRANSFER,141414.3,0.2706101709349857,high,0.0005212282412685,True,0
eb673d6f2914ae871bec7bceb6ba765605112e3e,177,TRANSFER,1130548.91,0.3179795847363515,high,1.1361040378687903e-05,True,0
fa1f9c791e6e721bcd2d901ed799f77a8815baa2,402,PAYMENT,2368.39,2.849454358511139e-06,low,7.123635896277847e-06,False,0
133b10abfc3df97dd736e007c2fe0b49c2368e05,254,PAYMENT,120349.62,1.1442301911301913e-05,low,2.8605754778254777e-05,False,0
156f2373df8b6f5acba29c2cc2413b2bb288ea5d,334,CASH_IN,734470.73,3.576106973923743e-06,low,8.940267434809357e-06,False,0
d589e5dabb3f7e94e5570319768f7c16ae508ca3,330,CASH_OUT,167895.95,3.917721041943879e-05,low,9.794302604859696e-05,False,0
a7588d80de4225cbdc2c1987226e7d867652d642,185,TRANSFER,457303.47,0.24262000257719119,high,0.0005830561276525,True,0
c3cc64e613b5ce17a130c7646bd35832a6bc32ef,164,TRANSFER,20021.48,0.28033399049119245,high,0.0006347395246848,True,0
bb1e27098945937cea35dd85b32ecbb1ce9072b6,136,CASH_IN,341059.13,3.0069917556829754e-06,low,7.517479389207438e-06,False,0
eb40014b505d892927bec43f2b21ce39a2139cfa,187,TRANSFER,24453.24,0.3807354767482601,high,2.5970255592255853e-05,True,0
b4df2082067ba9cab82cac4c011b9af3894d8c0e,230,TRANSFER,21294.43,0.31340067960626977,high,1.0194117749051657e-05,True,0
132288c7dd8aa389581e3ed336c414e3a30c838f,158,TRANSFER,1104685.52,0.4369780323672135,high,1.5594616343150847e-05,True,0
933ca7a49734d47b747efe58f4a45e497645261a,328,TRANSFER,1256387.82,0.21935154757832379,high,3.57946046278812e-05,True,0
625f2a3e9fd9e74c0f8a2332e5c2d2f7942cbb1d,330,PAYMENT,26535.78,1.0874971849261783e-06,low,2.7187429623154458e-06,False,0
4a86e01b7d291d24be7fea6c30b66758c0002cea,16,PAYMENT,22514.41,1.0725025640567763e-05,low,2.681256410141941e-05,False,0
10b5f0d5f5d456e90102eb64a60b6917aed5ab65,327,TRANSFER,1704.37,0.49561107541277144,high,4.266905762051465e-06,True,0
bedfc7f3f92762555a46b688d07a474a06852fc6,332,PAYMENT,190494.57,0.0001170263509266,low,0.0002925658773165,False,0
17b11e6861f6cbf3ec85f2b76c6418cdce857df8,235,PAYMENT,29614.21,1.942070412042085e-06,low,4.855176030105213e-06,False,0
c6b9b47a3c760c55322ee5217a86e8b8ad485de2,284,CASH_IN,1131130.9,3.8138732634251937e-06,low,9.534683158562984e-06,False,0
e30726f7399a53345884a271e8f23c56a96568b9,254,CASH_OUT,39245.03,0.0002834074199199,low,0.0007085185497999,False,0
6a773c7ee468e155edb1f099f5f5e7142fd8b6e6,209,TRANSFER,574651.46,0.39067095986930134,high,2.142994344467297e-05,True,0
2fd7f800465386081fb96b909c6c1f0ed2991bb2,308,PAYMENT,15487.5,5.632890406559454e-07,low,1.4082226016398636e-06,False,0
0eb9c2bff72293aeda361d9f2d6affa916483f88,153,TRANSFER,1392989.55,0.47748672456265645,high,0.0005065236473456,True,0
0f5e33daa89c6ff1933eaac2be5b54bfa0d2459d,10,TRANSFER,2698858.82,0.4294207359199258,high,8.675443496031221e-06,True,0
a69735ecb1bf7f845724090c15b788473dfeed7e,190,TRANSFER,240.88,0.33421893090032817,high,9.272647730540484e-06,True,0
2e55b86fa2df40ecaa277afb340573269d132318,297,CASH_OUT,348636.78,0.0005230398382991,low,0.0013075995957478,False,0
d072f1d7e9059e670606f1dc03e5597761076644,396,TRANSFER,236564.06,0.4926252484166755,high,9.878172022581566e-06,True,0
f061418a4f3595977ab508ae7f3170d3544977a2,378,TRANSFER,451867.7,0.33830357387260945,high,2.331615542061627e-05,True,0
a1cd1158ca4cd9131c77edb53e403c109e5fff6b,538,CASH_IN,228479.31,1.3522862900572363e-06,low,3.380715725143091e-06,False,0
f93aae2fa36ad218c5232e88bb8af5575a698a6b,214,TRANSFER,587491.69,0.4765590939913428,high,0.0023992736823856,True,0
031551e8d23e1a58ed51c7bb6948817cf0a5e145,299,TRANSFER,988373.93,0.2751268236517825,high,0.0013110626023262,True,0
e5a2f160f78f4df8c74c57fa217322e095a87c65,321,TRANSFER,1210201.71,0.465969389231642,high,5.037829396314919e-06,True,0
b0b2c6347e8df9cf8214fb7655713a64ba586da3,403,TRANSFER,73446.92,0.2294636721365063,high,0.0005006502615287,True,0
2dbb6eb32f544447c486acf434d04ae67ae5c003,138,TRANSFER,358703.37,0.3945370652712497,high,6.535237389471149e-06,True,0
036b48cf5f3295986a14fe6b1fe002b329937a3b,187,TRANSFER,1513426.68,0.5249814868899227,high,0.0003251009329687,True,0
e015a11538ca4c386b4101baab777609c9953c09,276,TRANSFER,193682.55,0.38438358371772346,high,4.294854988984298e-06,True,0
04825f233e67ef3ef871032888593edc3dc27290,396,CASH_OUT,1557711.55,0.0005274927709251,low,0.0013187319273129,False,0
90007daff126b0015534ee10740ec71d53b0f7e5,33,CASH_OUT,65464.95,0.0003206486813724,low,0.000801621703431,False,0
ccefdbe1bbe7c8138941c6a3cede16b679761b6f,309,CASH_OUT,592491.98,2.698080206755549e-05,low,6.745200516888872e-05,False,0
c2518352cea5bff8c92ff96f6dfbef4a2ce4b629,201,PAYMENT,8296.35,4.562451522360789e-07,low,1.1406128805901972e-06,False,0
1d889ad5ccae7cfc843b9517296613037b451558,239,PAYMENT,20910.58,1.987724390346557e-05,low,4.969310975866392e-05,False,0
8541e8d7d5afa7dafd59c5f9bc6b7d030bcb69d1,16,CASH_OUT,1123974.89,0.000326715176925,low,0.0008167879423126,False,0
ef0ea1d2127f4e5c44feca77b30fcbd74d4406d3,208,PAYMENT,27049.85,1.0725025640567763e-05,low,2.681256410141941e-05,False,0
3610c01ed182390334e4fb129663153ed458ccdc,161,TRANSFER,3500614.72,0.0900820082321297,low,0.0002050205803243,False,0
a61823b820060eb107c35950fe9e9d6d3fd16ee1,251,CASH_OUT,1087506.67,1.0474758164491505e-05,low,2.618689541122876e-05,False,0
05e6ab4cc71a7d5dd2703a0468139cabeddf1484,130,PAYMENT,315.91,1.518046483397484e-05,low,3.7951162084937096e-05,False,0
ba396b1288dbcd1e66ed81aa077679911eb88f29,211,CASH_IN,318103.4,4.658495890907944e-06,low,1.1646239727269858e-05,False,0
34cd988545584d8c35b3055958cdda800152a4be,159,TRANSFER,17639.83,0.3229110551522257,high,1.830468818297959e-06,True,0
5e1d3da5749eeac18e9488f3c5127fd471ad795e,352,TRANSFER,13776.16,0.2545842005479385,high,3.284912281742436e-06,True,0
82e73a54c43f0f7ed9203d0c400738b112f0a0bd,229,PAYMENT,16308.22,1.4071482291910798e-05,low,3.5178705729776993e-05,False,0
e1b7839c16a2164bcfb73efa8d86d83e6cf9b63e,349,CASH_OUT,1366359.82,0.000153304869309,low,0.0003832621732726,False,0
f8453737eb3727eb50187d61b24fb48da3c102cb,372,TRANSFER,118851.78,0.20492927520419732,high,0.0001303555909544,True,0
8bc0923e7c2bd77c7d7b6c8268743f29b1e82005,302,CASH_OUT,1298689.42,2.5961748178815477e-06,low,6.490437044703867e-06,False,0
edf7ce499a3fdba891897fb3e219315002210017,138,CASH_OUT,234972.93,8.22247238829732e-05,low,0.0002055618097074,False,0
3f133b51e5b0edfe7be9b07cdf4b588a28ea669e,686,TRANSFER,4487464.46,0.0900720171723514,low,0.0001800429308786,False,0
9ae0733700c7757265f593f6695d42eb63529c29,162,TRANSFER,66856.11,0.4607359988711459,high,2.1094288968015466e-05,True,0
59de92ec8cdd0fa62f77e06baf6ee2b1cfc9c379,238,TRANSFER,12435.22,0.47206778488841955,high,6.402201688615605e-05,True,0
8629238d9d0bc11d9bb5fbb2da6b2a807ba4c8c0,201,TRANSFER,944519.01,0.0900529186741914,low,0.0001322966854786,False,0
51d592437b1936e86e013edfa608cc932d09e740,310,CASH_IN,1261424.67,5.8182460634270685e-06,low,1.454561515856767e-05,False,0
b5e7c93fd8181245421efd3b37ee4cfb1bbe9357,300,PAYMENT,4167.9,1.2070601769664792e-06,low,3.0176504424161976e-06,False,0
f0349a8a6532e28094c30ac10055e39aa4f52362,95,CASH_OUT,693449.08,0.0020012356340885,low,0.0050030890852212,False,0
8a5cfb0878bc477ba0618ff271607eeb044aa62f,279,CASH_OUT,1040725.58,0.0002266585594043,low,0.0005666463985107,False,0
df2e10e0338dda0ac5d2307cd74933996c1ca7a6,163,TRANSFER,370238.61,0.23417313005817741,high,2.384031176916324e-06,True,0
8cebc681e9a3a8946a14a32d04f13049a439c19b,372,TRANSFER,1983086.38,0.4878101394211781,high,3.970161560573615e-05,True,0
b2bd6b0dff3cc2a1812ca2821f8ec6faec806d92,235,TRANSFER,49021.18,0.4342766981351209,high,2.502064717191388e-06,True,0
a9c6f69fa6a68bad8f66b4b67204d3862b75e780,260,CASH_OUT,490433.47,6.702765822410584e-05,low,0.0001675691455602,False,0
8349a0ebf8b254a3cd13d06aa91c44a553b611ff,229,PAYMENT,3360.65,1.349346130155027e-05,low,3.373365325387567e-05,False,0
cc4b0e30ee623b48d815b5bd13417ee22741232d,301,TRANSFER,951452.31,0.26216811255527844,high,0.0014753935392946,True,0
5820bbd3eeaaa44cc530932a7f218bf48163119a,11,CASH_OUT,813178.41,2.7772666726377797e-06,low,6.943166681594448e-06,False,0
cd39523cedb725ba8e2d9bc1b0e67d087e4e8f80,140,TRANSFER,85595.24,0.3669377845301471,high,0.0072343661449849,True,0
bfa29c3084b1fe8e145c41f337478cfffdd9a384,259,TRANSFER,57609.85,0.4757273433976503,high,3.012517709066742e-06,True,0
af99f27805aa2a5b6ff7d6cb07b3d6038f80d9de,375,TRANSFER,814209.6,0.46245229467567694,high,1.3370983651839197e-05,True,0
62b71c366d67b0e9a2e8fe5295b1590415b80dc9,298,TRANSFER,932172.14,0.4750634584228752,high,0.0006148975808173,True,0
1af067884cf1f660278630f683937f3285a30c4f,358,PAYMENT,155560.3,2.837491920217872e-05,low,7.093729800544679e-05,False,0
3d96f6cb44fdcd2d8b2f5914b0f2c31ead7c6b72,306,TRANSFER,7089.88,0.4893746790423583,high,7.942786623971188e-07,True,0
f92d479d22f6d7a1cf00f73986d6865bbbe1065a,546,CASH_IN,1032651.91,7.239951810333878e-06,low,1.809987952583469e-05,False,0
faf82b7ea50c37803b82984b04355db60eafddff,280,CASH_OUT,749137.61,0.2105817954894155,low,0.0014544887235388,False,0
d823463e63c836efca13b2af068a7ec4a8c9ee0b,167,TRANSFER,19023.18,0.2250712346316078,high,6.562467660842231e-06,True,0
c8249ffee52a24b2b766ac49d9f4851e27948409,396,TRANSFER,691671.8,0.3181014827444175,high,0.0025466005317866,True,0
23c845393f014fe2605e4cb043003842c2e0fe36,345,TRANSFER,1591732.07,0.0903210022579878,low,0.0008025056449696,False,0
865a65c3652fd9cb252948ad4b56f1d018db8f64,397,TRANSFER,195125.02,0.2510155764606561,high,8.349763083970174e-05,True,0
c524183abe9c2115dca4b94a3f0689453d2380bf,181,CASH_IN,969256.2,6.225550896488131e-06,low,1.5563877241220325e-05,False,0
498e2ce8272efb7066b3413ad04c26afcd47f847,178,TRANSFER,5125086.79,0.34862632485396156,high,1.1208269370399648e-06,True,0
40f3ff8779765a2a224d2c9eda587b7a1071a825,400,CASH_OUT,346437.17,0.0006054038647562,low,0.0015135096618905,False,0
706bf82481c918fb2177847900b1766913cf15f1,203,CASH_OUT,89385.85,0.0001937947585247,low,0.0004844868963118,False,0
2e4329fee48306f67a08c4be415f6931cb1acdfd,202,TRANSFER,2034779.72,0.4824988250218266,high,0.0005378084606491,True,0
c1f21a3c933f623535e939f404cbfc89808bc94f,259,TRANSFER,1020666.7,0.4028146701215458,high,2.2455236830865036e-05,True,0
7e85d540d5e56f746b0094ef1f62cc5f8d42d0b3,255,CASH_IN,235468.52,2.7194916037842637e-05,low,6.798729009460658e-05,False,0
4bead46f6da4d71bb219a78aea0366ccbc700222,180,TRANSFER,672246.02,0.39392973226837424,high,4.052127223985735e-06,True,0
7678496809589a47a67852c054a06f3993c01ac9,305,TRANSFER,300174.85,0.2560091715045156,high,3.840050339931622e-06,True,0
e0f4b1ccb05002835b663f7318306edb68d84a33,133,TRANSFER,91727.06,0.48131917178926403,high,1.885507117549423e-05,True,0
ee024c04987c26a9c50ae531999ab0caef2b7f0c,327,TRANSFER,6161975.27,0.38076781973345386,high,0.0005745443631894,True,0
3f3f5862170eac3d4918e557d52dec845a024ba1,180,PAYMENT,45305.31,4.361273022368551e-06,low,1.0903182555921376e-05,False,0
119567cd616727bb232f3a96afb475c5845ea0cf,162,PAYMENT,70226.85,2.831135680025909e-06,low,7.077839200064773e-06,False,0
2f987ec0004989cad8affdc1ba64f705993bab77,380,TRANSFER,509686.54,0.39771114030820603,high,0.0019413122208788,True,0
28cb706a754e2c787668f70bd887a51d8f4682bf,709,CASH_OUT,959204.87,2.8463638955145145e-06,low,7.115909738786286e-06,False,0
47895404d74c8e21f3b50f1ebf6fe78dcb5a6269,131,TRANSFER,55114.27,0.38974246897751125,high,2.149642568838317e-05,True,0
5ef531325b6badf1095f177a7f641b521c267795,503,TRANSFER,307732.48,0.24861015480603954,high,0.0019055831944569,True,0
0ca773d3b03d36c571275abd56c61b5d320bea82,328,CASH_OUT,1827911.11,9.848915397014934e-07,low,2.4622288492537336e-06,False,0
7539288d11d6ab75ce22b1c3f7dff9bfb1c436fd,235,PAYMENT,23555.98,5.066804078524001e-06,low,1.2667010196310002e-05,False,0
9eb28abd22a684d9041d8b38562413822a27aac6,8,TRANSFER,206305.3,0.28185329705285395,high,6.260124791879207e-06,True,0
678766ed2bc1288a211a4c367f35d070bb6aded2,260,TRANSFER,15979.2,0.24867684703530715,high,5.716638042940758e-05,True,0
327acba77ef41801dea0490484ebfd5410dd06bb,687,PAYMENT,40067.41,2.228498851764016e-06,low,5.57124712941004e-06,False,0
7ceba6c5c37422c3c33beaaa7274c14264600a10,132,CASH_OUT,1325138.13,3.748777089640498e-06,low,9.371942724101244e-06,False,0
022d0eed27a5c94c166a4706196c23e27d974268,522,TRANSFER,1515417.5,0.336524799824053,high,0.0006777407834306,True,0
551fe2f3cc49d82f156c31000e0f3588f9e07e03,348,TRANSFER,4309.82,0.257136970834835,high,2.779858732537832e-05,True,0
1398800d1a3e301ae9dc8b44afbba58277ea1f60,308,PAYMENT,39354.19,1.7816426407080144e-05,low,4.454106601770036e-05,False,0
762fce7a384490aad2934545f1bff3dd15b7485e,43,TRANSFER,283701.21,0.3625247405914201,high,7.922731128928717e-06,True,0
998409479d6220503f6d73d7eec6a91495a79c7d,303,TRANSFER,208604.34,0.23866447685143988,high,3.1386257433041465e-06,True,0
886df5c41faf9b8d5ecba71574f1948156ef5c83,185,TRANSFER,11998.84,0.40687680444384206,high,0.0005192551179789,True,0
377bb9388b6722950556f6215de218fc55923a89,346,TRANSFER,83384.07,0.48319979708203215,high,3.914830813300796e-05,True,0
d3bb94e92e5e9f6eb188f46755e0065a8361a2bd,476,CASH_IN,708001.41,1.2184170918771998e-05,low,3.0460427296929996e-05,False,0
8b5bee2fc7bd30e1e0a358ef7792abd515069710,283,CASH_OUT,730595.83,0.2200543819367885,low,0.0251359548419713,False,0
e82d4c859e2bd2b2103df864b090ac84812ff35d,331,CASH_IN,276907.11,1.9716191673069263e-06,low,4.929047918267315e-06,False,0
6bde221d72498c08189bf7fb12030a8aa57ebf37,236,PAYMENT,18795.58,2.82543885987252e-05,low,7.0635971496813e-05,False,0
22dbdce581ea06eba0e5a9af6e742d10f7a73c95,226,PAYMENT,35015.17,8.034933125600219e-06,low,2.0087332814000547e-05,False,0
e0e8740c7fc1aaa2c49977d37e8b9a758281edf9,282,TRANSFER,552275.99,0.4283083044045826,high,4.581275334203383e-06,True,0
d535a102b0708dde0d6b2932bd1a902ccf282866,204,TRANSFER,24809.39,0.45291792670065417,high,1.1360273219906958e-06,True,0
676513a381a5a1d5c9151f80a15e12a4cc062607,284,PAYMENT,69103.79,1.594358909642324e-05,low,3.9858972741058096e-05,False,0
1dd3c0cf83d5354bd330b4ae76aa63d8d00fca22,297,TRANSFER,493921.77,0.43331321354987523,high,0.0006027426570653,True,0
6ba69e6a9e14ca3354ba1274e1be0c2e36ae8ec3,186,CASH_IN,47099.52,1.8442355212755505e-06,low,4.610588803188875e-06,False,0
70b057443e175aba679d77b67cbfa8a53fd8ff91,522,PAYMENT,59480.77,2.1998777810949832e-05,low,5.499694452737458e-05,False,0
d39ea98dbbc26c94081b67ba96c9edf0d8123875,213,TRANSFER,6715.86,0.25192507784750573,high,4.4753611291525885e-05,True,0
df5cba7627e7339b2d064b55133c048e925f399d,185,PAYMENT,29335.46,2.76112823485164e-06,low,6.902820587129099e-06,False,0
e66f17cac34cd0f04228c10d1360f938fa028e42,156,TRANSFER,51118.57,0.21910027836467086,high,3.003922529387637e-06,True,0
4497efdd98c0e42da50c688596efa2ae035b4a1b,13,TRANSFER,300127.34,0.4481036818353749,high,3.193632437614724e-06,True,0
69aa18ad77dfc6e87dd517375f187fa229f37f61,349,CASH_OUT,405906.21,0.0009000954218208,low,0.0022502385545521,False,0
a42296f0bdf749e04ede03288eaf50a529389564,403,TRANSFER,429359.47,0.421302416317668,high,0.0019457075977697,True,0
a88ebf0959f35eea948ea106f3f4850173a0ee9b,163,CASH_OUT,1241727.8,0.0003947886172682,low,0.0009869715431705,False,0
c7c969ab6b839a5735082b669017c8728ef2d181,204,CASH_OUT,646183.34,2.3754665744490924e-05,low,5.93866643612273e-05,False,0
fc2e2566ad8e3a2e1d068483d5bc426d6b95ee7f,405,PAYMENT,18094.8,5.913989662076347e-06,low,1.4784974155190866e-05,False,0
4d6eddeb39b34e9dcf0824b87f56f056b10b7158,309,TRANSFER,141378.89,0.20026480736001662,high,4.355577402748168e-05,True,0
fb7cb427943669f7bdf5d479703ab7fc643c8133,331,TRANSFER,91379.13,0.3795777252306665,high,4.794629421667196e-05,True,0
8156a3769af6c4d52c7369a4fa67d210967dedbb,19,TRANSFER,357041.75,0.3061615987567164,high,1.001739929051837e-05,True,0
9cdb30cb249d746f857d5da794f2afec226fb9be,140,TRANSFER,7044724.83,0.3274203102761341,high,0.000710277352482,True,0
770e696ee13c55242b39842e0284440bb681764f,330,PAYMENT,44752.22,2.1998777810949832e-05,low,5.499694452737458e-05,False,0
35151067df410101e156e1b28e71f59a007acac3,301,TRANSFER,316387.53,0.3001948407489933,high,0.001675117528066,True,0
51a8f0d7a6246afdd01da32967ddfd0ecdb425d2,395,TRANSFER,486325.81,0.22107057950979686,high,1.42060946473066e-06,True,0
50fd3e9caa29ff3e37356d37c34ce713c8879e22,351,PAYMENT,104686.98,2.7444344596005977e-06,low,6.861086149001494e-06,False,0
a23c45cb2377afcde5d505283737dca2e55867bc,184,TRANSFER,1078250.73,0.6851044852972992,high,0.0007415221189148,True,0
a5a7849bedefb6518ff59186a702e4d4fcefeca9,280,TRANSFER,321653.39,0.29411107190878666,high,0.0012006177566945,True,0
cf7cca7702228f743a8f073cfbbc9ac18fd3f007,251,TRANSFER,344708.87,0.4946735063371499,high,1.0742737686086912e-05,True,0
d64993ca4fc2f74820c21ed42ad2c80e795f68cb,9,CASH_IN,514138.55,1.807435546652414e-06,low,4.518588866631035e-06,False,0
9e3a6dfc69aea215acfea3bf752f5d938415e334,300,CASH_IN,667956.08,3.228134664823301e-06,low,8.070336662058253e-06,False,0
4cad3002771390cbe3591b02ed17de394d756d44,508,TRANSFER,1012100.16,1.0,high,0.9986926913261414,True,1
90ae7382cac0cfe29c02dfe5e90aa4bd134ff324,10,CASH_IN,648430.06,1.0803512850543485e-06,low,2.700878212635871e-06,False,0
c5b19a7610ada8cb18b8b2f3a9ae9baa48e296ad,670,PAYMENT,10686.27,3.0672024877276274e-06,low,7.668006219319068e-06,False,0
a53d404e8647b79ee6e51cc41da85c4006cf3943,375,PAYMENT,34821.95,1.1113318032585085e-05,low,2.778329508146271e-05,False,0
0c41a238b1ea8ac14eb3985848c5920e3e8b34e4,17,TRANSFER,989862.47,0.4666206604870931,high,0.0001315922418143,True,0
8a56c69afffbee4801e21b71c610fdb7678e8007,399,TRANSFER,494925.6,0.22340631749532774,high,0.0010367976501584,True,0
d5aae31de32523893672cbeb38781196553e3e20,306,PAYMENT,81633.43,3.941942122764886e-06,low,9.854855306912214e-06,False,0
41114fefda58440313d53ee36208e1a089970282,379,TRANSFER,291424.22,0.49605478656342966,high,0.0001936595217557,True,0
d1adbed5fa3cac3ba0c3d3749c0e87f623608120,355,TRANSFER,291425.57,1.1914789502043278e-05,low,2.9786973755108196e-05,False,0
0303a304b0fb83e9fa644a12c9e9ff8d21342292,695,CASH_OUT,190368.65,0.0004333822522312,low,0.0010834556305781,False,0
c4aa3dd0f5bdce506fba3e6a3b65674ebfe4522a,228,TRANSFER,234199.95,0.4953775168959929,high,5.01108252137783e-06,True,0
374c5c3e140d043d43a9e89c79e5ac5dfe1809ba,277,CASH_OUT,1175103.19,7.56842055125162e-06,low,1.892105137812905e-05,False,0
2f7f3370772f87e72292cd32341f4633c424ccec,187,CASH_OUT,344795.35,0.0001288512023165,low,0.0003221280057914,False,0
5965617dc7053d87352f03b7531b6f84966e2c05,281,CASH_OUT,722268.4,0.0004249219316989,low,0.0010623048292472,False,0
c35ab32b7574d68e7d39c12f96f2fd498c56abae,307,TRANSFER,50279.91,0.3094133277982908,high,2.4601711629657075e-05,True,0
2393c9d3b1c62a9c432948798cc1e5d61bddf5e5,280,CASH_OUT,399801.45,0.0001803844119422,low,0.0004509610298555,False,0
d860321c48604fe0ce66f6f46ca679028100be2b,298,TRANSFER,1756323.6,0.090000858799558,low,2.1469988951139385e-06,False,0
df8848d8ad9e1c50ce293aa9bea50061d8e8f35f,141,CASH_IN,290013.99,1.3549080904340371e-06,low,3.387270226085093e-06,False,0
fbeb1de98708bbb8a51406fb104d1d17615c406b,192,DEBIT,6653.66,2.8806049158447423e-06,low,7.201512289611856e-06,False,0
7309ea86e64d4354257798ad18a26c209625d552,520,CASH_IN,632352.79,7.389534584945068e-06,low,1.847383646236267e-05,False,0
8e9b01fd33725f967edc02af1f10456a23925aaf,210,TRANSFER,812856.3,0.252140351555353,high,1.8213051589555107e-05,True,0
78353bb8c434576d99deb141516aebd9b009cfd8,402,TRANSFER,140543.84,0.5026582672744682,high,0.7133761644363403,True,0
85574c6eee30da33882309068696d04b31bee3af,312,TRANSFER,44556.37,0.22417458762729428,high,2.7759033400798216e-05,True,0
aaa669e433e105273f6a3a9a6ff8209c149fc964,226,CASH_OUT,270712.39,0.0015740791335701,low,0.0039351978339254,False,0
9bed49a304d0ace53f0b683b04f9a644fb985b9a,157,CASH_IN,112620.29,1.1928371350222731e-06,low,2.9820928375556832e-06,False,0
aaa169b7f94d8bfbea3a6fa4b11882f54a2326b1,133,CASH_OUT,1431074.09,0.2100717606046237,low,0.0001794015115592,False,0
439ebc122ba71331ebd03a96db2286dbeafe5fec,255,TRANSFER,6030.43,0.2864961909610429,high,1.551544755784562e-06,True,0
e1e725e9edb8d96ba930ca39bd25bd19ae84afc3,16,TRANSFER,939262.62,0.0900491846061777,low,0.0001229615154443,False,0
305ce5e9ae071f03084a3c6e7e8fac16be856eb6,324,PAYMENT,2364.39,1.2402870925143362e-05,low,3.10071773128584e-05,False,0
b8d5a4388885d697faed2f00e0c15156af8ed73d,35,TRANSFER,672091.62,0.45607613265770997,high,0.0001168042290373,True,0
ce79bf8f08cb7a7e130cf5f76560bb58fe8314f9,238,PAYMENT,34507.87,5.526541281142272e-06,low,1.381635320285568e-05,False,0
2c9504879f88ab1340483d1cef3f41396922bebc,298,CASH_OUT,630367.95,2.1355273202061656e-05,low,5.338818300515413e-05,False,0
c8c806c4e998d6664f9d497386b783f9826c1ec6,253,CASH_OUT,304470.94,2.967760665342212e-05,low,7.419401663355529e-05,False,0
e415ef3268977c83941d1fbae19e5e44786a630d,356,TRANSFER,74810.83,0.3665400133385656,high,9.23488914850168e-05,True,0
f7c06c7a8139847b2782bc4e5324b15d5d6bf4fc,522,CASH_IN,179452.07,8.883143163984642e-06,low,2.2207857909961604e-05,False,0
7e7b9b204667dc476000d269dc571a1c4f0211d5,374,CASH_OUT,909741.9,5.373583189793863e-06,low,1.3433957974484656e-05,False,0
19c6e489ac547d44726ffb0c81a64de7d2e4ee0e,299,CASH_OUT,689339.38,0.0001247811131179,low,0.0003119527827948,False,0
3d72a972bc964c8960012e5e30e1eca3821b99cc,141,PAYMENT,35499.66,4.370944952825084e-06,low,1.092736238206271e-05,False,0
1d30b613ebb68a0fd26dc8788abcb25c343074f8,20,CASH_OUT,505414.69,0.0017786560580134,low,0.0044466401450335,False,0
6348a3f6046e032240c91ccadc857e7aed55cdbd,552,TRANSFER,24752.52,0.4750147014616412,high,2.6540279577602632e-05,True,0
c62233f2b44e565372746af2c7ec4c35f3cca9d8,301,CASH_OUT,912847.41,0.000189710012637,low,0.0004742750315926,False,0
837281714961bd9373498be1fecf5e74d5d22ab7,330,PAYMENT,3517.33,1.2860094102506992e-06,low,3.215023525626748e-06,False,0
5c66d02802f24f34847193579daf6178e8910897,280,CASH_OUT,527190.38,6.39597128611058e-05,low,0.0001598992821527,False,0
64bd3eed2a978991f83fe6f493fdc79fbb23388d,209,TRANSFER,497308.33,0.20109361968732453,high,2.186562960559968e-05,True,0
b326fc1fb7ac2d8c0dd35169ca33e096f287acab,378,TRANSFER,837223.15,0.21877845863667192,high,1.7809707060223445e-05,True,0
20123fb253931976c5541a37c6846015314c6505,17,PAYMENT,27664.87,1.017257309285924e-05,low,2.5431432732148096e-05,False,0
183e9e4f3d7437536222ede11c8f5a0154370729,279,TRANSFER,801263.09,0.22861177052486237,high,1.4336425010696985e-05,True,0
368960b0bc4fecc20e0d9cdc9e8de6b3291606f8,325,CASH_IN,1181770.0,2.854976082744543e-06,low,7.137440206861356e-06,False,0
b940b283a439cf9293c5c0341da5c0657e84cfcd,236,TRANSFER,40512.97,0.41044235267379897,high,0.0001527763524791,True,0
413278809551e3a4e35251e83f025dac76f482f3,404,CASH_OUT,382853.3,0.001023665536195,low,0.0025591638404875,False,0
c61677c26bede921aa215baef2a56c66650f2a19,45,PAYMENT,59967.08,2.298125036759302e-06,low,5.745312591898255e-06,False,0
66d03d5a38e53b6dfc66d2937d66e0f3bc571da2,156,TRANSFER,918286.54,0.24434652631219297,high,0.0010391848627477,True,0
ecbc84f29d28f957a897b1eee79f93fa722e31b9,393,TRANSFER,2461253.03,0.2685041780564061,low,1.044514101522509e-05,True,0
30fd100f2023d902248f034aa1608e6ae7f74857,179,TRANSFER,213707.15,0.3064641950829437,high,5.904835416004062e-05,True,0
67d616753d046954d6aa4706dcc15a3318b61a96,686,PAYMENT,1998.44,1.5765272837597877e-05,low,3.941318209399469e-05,False,0
ffbe392b6b9b1fcbf0537383b6ae916f5e892171,276,CASH_OUT,2280.41,0.0012111294083297,low,0.0030278235208243,False,0
e4cb5143444c7ace3b7409ad7873cbc8c15a5205,135,CASH_OUT,706682.43,6.250149453990161e-06,low,1.5625373634975404e-05,False,0
cbfb0f4050bbf48b81fbd01617074cb59cbdfc6f,208,TRANSFER,15812.94,0.28228710099955334,high,3.360108530614525e-05,True,0
409090809d33deb643bbff5af82f182515e2e658,404,TRANSFER,16459.36,0.4435839125084474,high,5.716638042940758e-05,True,0
4083f31ca2f1e381ebee1ee2068b4321d83fa9bb,308,PAYMENT,19011.69,2.2866552171763036e-05,low,5.716638042940758e-05,False,0
1cb3aa8b596277af2a69817996fbc8cb11ac583b,235,CASH_IN,833205.05,6.335073703667149e-06,low,1.5837684259167872e-05,False,0
24d8f3b23173992b93f7b6343f16dbdb9fb499e5,162,CASH_OUT,806879.2,0.0001946317963302,low,0.0004865794908255,False,0
f4dc79ad1f07f9b858c78272447d7adb1441371a,164,TRANSFER,1434642.82,0.4423514662294486,high,3.2332939099433133e-06,True,0
65e17142b4ff2b62b40054e3ac6fddb0d62c9ae1,160,TRANSFER,5927.54,0.403163772136182,high,2.745909296208993e-05,True,0
f48e8a4a3172b0fe65326ac79d9c3073877cdac5,356,CASH_OUT,41144.99,2.885794674511999e-05,low,7.214486686279997e-05,False,0
1bcf475f58446a617f4037690e52996f63019f32,184,TRANSFER,64770.42,0.3944325558276184,high,1.0941857908619568e-05,True,0
37d957bc280c9d92bc07c49f4cec9b5b7054a16d,225,TRANSFER,973934.33,0.3451516099632324,high,0.0002452941553201,True,0
b177f8f5529fc1da4611c86c3a77e2cd2b0c51d0,589,TRANSFER,2295470.11,0.090591972656548,low,0.00147993164137,False,0
8eb95e68e4f27c8958b7e0cb1fbb37fc927a1fe7,167,TRANSFER,22155.82,0.23364555885261895,high,2.152452725567855e-05,True,0
fcfda1b7ef119c6ffe2058b558ccb7f69fee4c46,10,CASH_OUT,369768.6,0.0001981214387342,low,0.0004953035968355,False,0
ef415ddcc69c39da97ce45e0819ed008e16f3a38,399,TRANSFER,1332287.92,0.22998019791861332,high,1.638067260500975e-06,True,0
3b1db8bf980f27121f8d5bc8fd87202b220205b2,161,CASH_OUT,728982.26,1.4392929733730854e-05,low,3.598232433432713e-05,False,0
bf311abcad630bb5feb0c6928be0085733349c5c,211,CASH_IN,175574.61,1.4031744285603057e-06,low,3.5079360714007635e-06,False,0
53228a53a84c920fb1a9afcdef6025afba2568bf,259,CASH_OUT,566558.44,1.9309915660414845e-05,low,4.827478915103711e-05,False,0
25a1f5764d119e0b5f32c212174235c430e867ca,474,TRANSFER,21118.39,0.2854733604888319,high,3.488338916213252e-05,True,0
be41a527f022dae10755926abdfe59fb9365e8a5,399,CASH_OUT,1077625.84,0.2100330675655277,low,8.266891381936148e-05,False,0
6cda71cf6592ff7d6d6bffbb55f9f13d4364741e,214,CASH_OUT,653463.65,0.0001114592887461,low,0.0002786482218652,False,0
17511a0902cebacf553b0950930b27d6bc530365,129,TRANSFER,3149406.24,0.7394938765729941,high,0.0037968575488775,True,0
bb315e986f72f6a47e83cf261604787c7b638c0c,37,TRANSFER,1282307.79,0.5789693144310393,high,0.0001988525764318,True,0
7554b7c6d71b10882a624002bc26b976b8f7743e,180,TRANSFER,33649.27,0.47575400519597383,high,1.5088789950823411e-05,True,0
cbc4318d212dc7cf66b17b221d4b2adb54c8e2ab,132,PAYMENT,62650.76,1.9667177184601314e-06,low,4.916794296150329e-06,False,0
c208dd2722230d74aa9d0f1d2b59d9238441299e,6,PAYMENT,52309.51,1.4880429080221804e-05,low,3.7201072700554505e-05,False,0
22977867725624973adbeb921cfa2d9580c7eb4e,138,PAYMENT,166942.66,1.2264972610864788e-05,low,3.066243152716197e-05,False,0
761a1240fffa1869763a4d1d92afb175200fdecc,46,CASH_IN,499941.72,8.645767229609191e-06,low,2.161441807402298e-05,False,0
f33db2d6214f1abf325e0701c2514222a4702c02,228,PAYMENT,5995.26,1.1119434930151328e-05,low,2.779858732537832e-05,False,0
60d26cde0a59cd1066db65d4201832c137675e07,183,CASH_OUT,1118108.01,3.823225051746704e-06,low,9.55806262936676e-06,False,0
45cabf818b8f8ef6fb735e1f5c7b71053538f0e0,345,TRANSFER,1311483.01,0.34210040527175456,high,0.0008208799990825,True,0
149c8ce156981715ac5e5b276e0692b8d06f2c61,42,CASH_IN,828266.21,5.221415449341294e-07,low,1.3053538623353234e-06,False,0
6fb95ebffb7680e73d9f38496798ff77fd53291a,324,TRANSFER,100839.59,0.3659110304347552,high,1.78213285835227e-05,True,0
29021624d0a81e498bb1a2c26a50cd297bd4a93a,19,CASH_OUT,1299241.71,0.0003559594042599,low,0.0008898985106498,False,0
6d80e9ac4d9585639772c21b83c7b5f762348882,15,CASH_IN,389931.33,2.7278780180495237e-06,low,6.819695045123808e-06,False,0
fb718b6b3f30cbeaf17f7c43d1474677bee6c5b0,517,TRANSFER,392926.65,0.21119568919459422,high,6.503684289782541e-06,True,0
4076b5d0cb78025b942625a4fd8c8c48dc8a438d,256,CASH_OUT,176389.09,0.000445685070008,low,0.00111421267502,False,0
1a14d8efd92ecf3023e20824fc075eb381a0a465,189,TRANSFER,11444.81,0.2304345352945763,high,1.0050095625047106e-05,True,0
2375715f8a6a2e035777f5e55ab32dc36627f658,323,PAYMENT,88853.62,5.920924595557154e-05,low,0.0001480231148889,False,0
585dec12049ec2e4a6b32c13d78786ce147375bc,36,PAYMENT,84353.19,5.095276719657704e-06,low,1.273819179914426e-05,False,0
58f68497fc44768909cec277e983290114fbb2c0,42,CASH_IN,316324.04,1.752114258124493e-06,low,4.380285645311233e-06,False,0
1010f0de4c2d3a2d87a0fd36f61b0601a5d7f6b5,162,TRANSFER,499846.39,0.22380456104178093,high,2.372821836615913e-05,True,0
a73078164b9d73da9edd4ee2d43b0baf6a1a2406,307,TRANSFER,512347.05,0.4088556648182704,high,5.189383591641672e-05,True,0
3822bee59a5ac476dd0fcbaa2b31d2e595ae5075,188,TRANSFER,666828.53,0.22154414308796058,high,2.75379243248608e-05,True,0
5eafa998a64fec03a0829329903bc8c39e839504,303,TRANSFER,135747.72,0.3432042466428427,high,0.0001984669215744,True,0
3f65f008a6128b681d9a204e820f714fd2c2cd39,326,TRANSFER,1841914.58,0.3016163451041592,high,1.9137694835080765e-05,True,0
10c6476c4ae87459b5b7300fae4f61781e4bf0b0,229,TRANSFER,459592.78,0.2684250588943576,high,3.091268581556505e-06,True,0
61ee02da7e90ccd90c8815e18b99ba8ad05287ba,262,PAYMENT,28649.54,1.194267169921659e-05,low,2.9856679248041477e-05,False,0
1512cf6375f72449040320f5322ac36bbec4c94d,234,TRANSFER,413930.04,0.429266382146986,high,0.0006074850680306,True,0
f14285620a3ae779e258df940d858b087674feca,156,TRANSFER,489184.51,0.48546950874448486,high,1.7126998500316404e-05,True,0
fddbaecffa7b97746c5fdce14738b164fd9b83af,288,PAYMENT,61147.33,1.2974633136764169e-05,low,3.243658284191042e-05,False,0
78acd950fc007ba3bf37c9813bca17c3b1985a67,185,CASH_IN,222016.44,3.964581628679298e-06,low,9.911454071698245e-06,False,0
2d5f1217c29353ef05ce15d05512fae96ed6448e,354,CASH_OUT,284737.91,0.0003771331626921,low,0.0009428329067304,False,0
41b45cbb69436ab9489ff7cca45cc394add5185c,402,CASH_IN,426072.36,5.71794698771555e-06,low,1.4294867469288874e-05,False,0
8f5b8a6a77054b06e66093f76665ac3384b22051,207,PAYMENT,52232.54,1.1552458090591246e-06,low,2.888114522647811e-06,False,0
9a42a2f74a90917742a18de39c1d593e197e2f86,14,CASH_OUT,1714838.45,1.8369964891462589e-06,low,4.592491222865647e-06,False,0
e5c4c5f9fee17fc40e4a490f30b9e5b8bf9834e6,379,CASH_OUT,113335.69,0.000744079099968,low,0.0018601977499201,False,0
4f366950bdfe50e4c54ae3e7496fc3a06174263a,303,CASH_OUT,523995.53,3.0204260838218037e-05,low,7.551065209554508e-05,False,0
175f4751ebf06466a60e27cd4db4005d481dea93,186,TRANSFER,187837.66,0.3600129407335582,high,1.3411197869572788e-05,True,0
e32a27630edab06c6dabd61332af67605efc5fcb,398,TRANSFER,1665438.87,0.38729798832969387,high,0.0003747189766727,True,0
ae8599d48b300861f7ef95a3e9c19a04946acfbc,154,PAYMENT,50374.12,8.860308298608288e-06,low,2.215077074652072e-05,False,0
dd4997a832e775892c37921c476daba1429049c8,212,TRANSFER,692978.78,0.3993971273252024,high,1.2675118341576308e-05,True,0
7292a892727fd943e245b6308fe7d5c5b1ccac3f,371,CASH_OUT,701977.9,8.516167872585356e-05,low,0.0002129041968146,False,0
bf87d2dcfef94e4842169cf9d02b3dc049231b86,209,TRANSFER,3386753.34,0.28408251577296917,high,0.0034800011198967,True,0
7bbf7c64f6c725139b30c5d7703d03b6a2c0fb3e,157,TRANSFER,201236.86,0.22827013112825906,high,2.929486072389409e-06,True,0
5d7d8d7f675cf4b399de59f5f45b404c3eb3659d,144,TRANSFER,10703.51,0.2572482349724826,high,7.5219439167995e-05,True,0
aeeb15c0d0464bf6fbaf93331c4b4a0823f8fd75,12,TRANSFER,835985.93,0.0906509099155664,low,0.0016272747889161,False,0
c5a95237783d04a7c90714592a9d366cf6c50d12,207,TRANSFER,1698409.54,0.3885555029940728,high,3.128483149339445e-05,True,0
a03e4ee709c8a74566ae521e6452fe38036164b6,10,PAYMENT,58090.24,1.7697218936518766e-06,low,4.424304734129692e-06,False,0
89e1645436e04cca8dddbc8cf472a584d08a5f60,322,CASH_IN,763335.25,5.375571709009819e-06,low,1.3438929272524549e-05,False,0
1b77b33b4896d6209c1077129755e67116f48ac9,132,TRANSFER,90953.6,0.3300161565662923,high,9.95407117443392e-06,True,0
e9e5065b268af6c1d854be63768e11573d63d764,41,PAYMENT,17942.71,7.624837053299416e-07,low,1.906209263324854e-06,False,0
c0285008b990b101c95d980f003661d5ecb070b7,306,TRANSFER,783352.46,0.41614228687179,high,1.1352537512721028e-05,True,0
bed029e5fbfe025296a634ffad5a3fe9cb4701b0,33,TRANSFER,258524.81,0.37370998096991265,high,4.996275492885616e-06,True,0
4a2b296bf32cdf243b090fc398a5ca54c9bb0cd8,300,CASH_OUT,749546.56,0.2100434572022641,low,0.0001086430056602,False,0
bedba1ca6af9d79628ef38854f309bea9d7bd87e,401,PAYMENT,139567.18,1.6892069834284484e-05,low,4.223017458571121e-05,False,0
ece9454533c0dd251c506593daa1666343ff1278,352,TRANSFER,674559.11,0.4901299088734736,high,0.0006021067383699,True,0
4b715a5f61c31d2425ac0ede28fea236c551ff8e,228,CASH_OUT,347667.32,7.646892336197198e-05,low,0.0001911723084049,False,0
f930ff4166f27791b682dc11adb76645c0bebb7c,257,TRANSFER,50966.24,0.3491037424201521,high,2.4685705284355208e-05,True,0
b24e97acf1c521c0ba2012439f451fe8a393c0d6,324,PAYMENT,114111.0,3.896136695402675e-06,low,9.740341738506686e-06,False,0
f5d1d944ed852b7ed1c4338eee02e899be919e91,305,TRANSFER,20906512.86,0.090004603401976,low,1.1508504940138664e-05,False,0
ff9446d7e440936c16b950d8e73c86203f41ff08,495,CASH_OUT,907566.81,0.0002628409303724,low,0.0006571023259311,False,0
1f9f394f536bb7357464a67339c8a3f091d05c51,140,CASH_OUT,599293.86,0.2101813224167563,low,0.0004533060418907,False,0
9334e2a8777c332602de2f2f7c78a36666b12b53,331,TRANSFER,36612.66,0.27679211266646003,high,2.5970255592255853e-05,True,0
4bb5895ee391444cba94fa03066f89690bbaca81,274,CASH_OUT,985691.76,0.2104134553018957,low,0.0010336382547393,False,0
9a85ecd246ac326ad5bab53f2b0b71258d268c94,163,CASH_OUT,201042.77,0.0001597488997504,low,0.000399372249376,False,0
af43f33443509df0957282393a650d5a661c2f6f,329,PAYMENT,49683.06,1.3627031876239926e-05,low,3.4067579690599814e-05,False,0
88e1fb61482b58289105c8bd082bca6bebc18222,137,TRANSFER,134780.97,0.21856766725343346,high,5.060364401288098e-06,True,0
48d08aacf84800cb02bc2537f62d91d8615f79db,250,TRANSFER,9193717.61,0.47691695651453236,high,0.0019162183161824,True,0
b17ab62922165ff35a1729b6e9fd1309bd67bd82,233,TRANSFER,94143.12,0.37989252964925485,high,1.7149488485301845e-05,True,0
6125dabffd73d2015f98e2ddee89a410a44ff9c8,329,TRANSFER,10433.47,0.2214737711203522,high,1.1052754416596144e-05,True,0
32d61c361a86ea6537f9d1871fcf8d886570f3df,347,TRANSFER,228953.75,0.48009789219588195,high,0.0002034628560068,True,0
b93462607bde6dfea2d8051c179b96b9cc1d0c5f,351,TRANSFER,631322.71,0.4812286506620643,high,0.0003917216381523,True,0
ae1e23d84c39980aabf8d94b3ed50dc4d0e87eae,44,CASH_OUT,35408.76,0.0001522702281363,low,0.0003806755703408,False,0
314853830102e86c40f0fc7cdf747632d858f1eb,184,TRANSFER,373608.79,0.3858430380783507,high,0.0021283966489136,True,0
5d258bbcce7b7bc882a5c653b38fc2dffbc40803,397,DEBIT,1018.15,4.867102252319456e-05,low,0.0001216775563079,False,0
f9e0e96f16c047072ae1e5c76406e22e6f6330c6,184,CASH_IN,322182.1,1.998391962843016e-06,low,4.99597990710754e-06,False,0
93641dd2e65e9a60b96efc493514fb79cab98076,621,CASH_IN,199542.0,1.5456302207894623e-05,low,3.864075551973656e-05,False,0
0ecafb81afb34fd1a86e82169232b670ae709692,253,CASH_OUT,152791.28,0.0302590012550354,low,0.0756475031375885,False,0
9aae976950e3368df5c693921c8b06a74fe26d6d,16,CASH_IN,391578.18,4.695896495832131e-06,low,1.1739741239580326e-05,False,0
2e87dbf047d769c792319471b275a4e3b8afb456,277,CASH_OUT,791862.16,0.0001467608497478,low,0.0003669021243695,False,0
b80f203608bd7fbb210892697167db12c4d5ec9e,379,CASH_OUT,769363.86,0.0001888436148874,low,0.0004721090372186,False,0
a1ac5743307b3a8d0550e590be02759cdc14a2d4,380,PAYMENT,62513.57,8.047877781791614e-06,low,2.011969445447903e-05,False,0
9c145e53fabee2e47bf6d5b007e03a73de13e981,380,PAYMENT,4081.53,3.217208723071963e-06,low,8.043021807679906e-06,False,0
8b0ac72355d8d365437cc06f4bf1880e32469ae4,42,PAYMENT,144813.32,4.7122768592089415e-05,low,0.0001178069214802,False,0
6405939a64855b839c09c3b7276ddb4c4038638c,351,CASH_OUT,382371.99,0.0005899896845221,low,0.0014749742113053,False,0
b3c3acd28c3fee5b8949dcb23c65e8fa62c1c24e,206,TRANSFER,48601.33,0.4540717933408671,high,2.383101673331112e-05,True,0
3e2d40ef14ae7588137fb333022a6544b783116d,9,PAYMENT,87885.02,1.163691467809258e-06,low,2.909228669523145e-06,False,0
f7a44923c240506f7d6af01b982193ff39d89999,307,CASH_IN,239693.66,2.547247640904971e-06,low,6.368119102262426e-06,False,0
82f701cfd00263f05b13224514fb84cdc81eef2f,43,PAYMENT,105373.85,9.183614020003006e-06,low,2.2959035050007515e-05,False,0
68ec5a0a316acbc9e84bb0663c91f8476ae23a38,19,PAYMENT,14704.83,1.160011743195355e-06,low,2.9000293579883878e-06,False,0
1987187253cb8b2e67024fa90b5fa6b6b0f54930,394,PAYMENT,211238.49,1.0811304673552514e-05,low,2.7028261683881283e-05,False,0
31386540d0e105bb7c12c43f402721efd534f5f2,185,CASH_OUT,900189.35,0.0002362846164032,low,0.0005907115410082,False,0
cf8cc8da157cfd501cc4cbdabcd6cccff91ae3d7,408,PAYMENT,176181.39,6.176189635880292e-05,low,0.000154404740897,False,0
71bc250c6e29f883763265f0f90e04577c6ec605,130,TRANSFER,1341896.47,0.27280352125211665,high,3.2709140214137733e-06,True,0
793faf8ddb4366971881c73ab4a288814d54cdf3,215,TRANSFER,347935.11,0.3100100333811586,high,9.412509825779123e-06,True,0
2b56f7e680738c3993c0e88860d30cde018d4e50,408,TRANSFER,9352.97,0.3054074564333753,high,6.378616490110289e-06,True,0
9a2b72b72e11e474691dc6e34a517b0317c42b0b,257,TRANSFER,1668135.21,0.3574007490231856,high,1.240475285158027e-06,True,0
3c31ae9c5538cefa0e9d0dd0d7ad04aa02bbffe9,160,TRANSFER,507439.06,0.4649484996167471,high,2.6087514925166037e-05,True,0
6b3530991c94694bca49c6a978552342461578be,255,CASH_IN,554531.1,1.177598096546717e-05,low,2.9439952413667925e-05,False,0
05dafc8a1bb9c1f6414668fb186e5f2f6436ea7b,229,PAYMENT,16095.39,1.1903398990398274e-05,low,2.975849747599568e-05,False,0
798827f84966b4107edca8f881e3406a14d0c9ca,329,TRANSFER,13983.66,0.30205512654066624,high,3.360108530614525e-05,True,0
41eedb2c004e32d6d4cbbb0e004ab098731bfa04,276,TRANSFER,897152.54,0.0900240666558966,low,6.016663974151015e-05,False,0
74b3cfd1b4e8cdb22c76c1dcec528b4c183ccd97,596,TRANSFER,35084.75,0.2472977609271154,high,4.326735142967664e-05,True,0
fc07d2ea55a4c2e73e2debb28839908e10a0dea7,356,PAYMENT,9238.45,9.243522981705612e-07,low,2.3108807454264024e-06,False,0
d3e286b6d56312804a1098e300ad23e510426aa5,353,TRANSFER,1283741.87,0.4410555448032965,high,0.0003924220800399,True,0
0e4783659212e5c4926eea55ac7d17eb44e0fd45,15,CASH_OUT,1135580.66,0.0001742727356031,low,0.0004356818390078,False,0
b9ca05a9f565200a0c97ea2f95640bf95cdb474a,26,TRANSFER,26738.29,0.4386602798049731,high,6.79869435771252e-06,True,0
ac40ecf907d884ed91a4647f417a2c922626aaf5,45,PAYMENT,11510.96,1.6060573398135602e-05,low,4.0151433495339006e-05,False,0
a210491aa0b40f28ac9cabcf9eecdcf06e2d3982,378,TRANSFER,1005665.82,0.43227464839926777,high,0.000299300008919,True,0
044df561432844e2edaadf89aad8a29052f787a4,42,PAYMENT,3967.71,1.1957565584452825e-05,low,2.9893913961132057e-05,False,0
84a8bd7359b8343f7478e5281ddfc80463d6f148,131,TRANSFER,2177016.96,0.41989788575204057,high,9.396168024977668e-05,True,0
b76e3ebed507325a6079b4546fda27d502a595c7,300,PAYMENT,63169.8,1.1488738527987154e-05,low,2.872184631996788e-05,False,0
e00d8493952fdd0a28585f5579f4e43f6dc80f9d,403,CASH_IN,75860.92,1.1872771210619248e-06,low,2.968192802654812e-06,False,0
8ce71979e792951e2cc945d384025589e1cdbf37,162,CASH_IN,1313251.76,7.258179721247871e-07,low,1.814544930311968e-06,False,0
eb94c24d5c711930b520ff3a2c5d6ac03c2ed259,165,PAYMENT,12314.99,6.971375114517287e-07,low,1.7428437786293216e-06,False,0
66b544824d4694c0baaf0dcae01d02853605ee09,281,CASH_OUT,1134729.13,5.3639625548385085e-06,low,1.3409906387096273e-05,False,0
2fe1f4982d5edff6369aeefedb75834b97b6eccc,254,TRANSFER,96452.11,0.3681934882379082,high,3.411429497646168e-05,True,0
83587991bcd85c382604ebd7a2c4bda0586479ca,165,TRANSFER,18205.6,0.34420307733508043,high,5.083196811028756e-05,True,0
9335b2f6034377a5623cad891a691691247f72f8,35,TRANSFER,32515.55,0.4033938877402151,high,2.76179525826592e-05,True,0
ae8ed330d827705f5899560f71380a5817294168,401,TRANSFER,1031935.35,0.40008995784763196,high,3.271946525273961e-06,True,0
28effdfe05b870cbd52a87c8a5c3d430fd052a19,276,CASH_IN,839375.67,3.839334385702386e-06,low,9.598335964255966e-06,False,0
27727e81836a6da8b65d7cf885896d6dde2f38d7,120,PAYMENT,47459.09,1.1005142732756213e-05,low,2.751285683189053e-05,False,0
bddc7987e8787be517f699f49bf70e3575c40fe5,403,CASH_OUT,132253.36,2.530907513573766e-05,low,6.327268783934414e-05,False,0
f2f922aba309a425f77c9858950d86a286f82317,19,CASH_OUT,344628.14,0.0004585201386362,low,0.0011463003465905,False,0
4558282c9ac06b46020653d44a567415df53e798,403,CASH_IN,1011474.3,2.135840913979337e-05,low,5.3396022849483415e-05,False,0
554df832b843584528f479357de4d945220a791d,355,CASH_IN,134073.06,1.547876854601782e-06,low,3.869692136504455e-06,False,0
e4288d7ba9a669ef522dcf3444f1243ae3b76484,375,PAYMENT,27526.41,1.0300472786184402e-05,low,2.5751181965461e-05,False,0
8d2b3be33123c627498f02846b0d71f2e2716919,395,TRANSFER,332622.29,0.39425043615017785,high,6.797321839258075e-05,True,0
e31f2a00d33eb5d437713c45e93a5a21f194abc7,691,CASH_OUT,516479.62,4.210238694213331e-06,low,1.0525596735533329e-05,False,0
78dda8dd454698c5b829a09dc1432b40433e960b,250,CASH_OUT,1976194.06,0.0002329416573047,low,0.0005823541432619,False,0
48394c9acf364d94f1d0486db27dcf6ec7c6d3a2,281,TRANSFER,1002.23,0.4678140101996026,high,5.466466063808184e-06,True,0
564c1ada1fdd6f54df70ff32b577d1e7ed0f3e74,129,TRANSFER,1066842.59,0.30098363821705965,high,0.0002298384642926,True,0
99f489e3f64d0baecbfa0ffccdb4afabbfce6e85,10,CASH_IN,130721.58,1.620336297492031e-06,low,4.0508407437300775e-06,False,0
a5052e55d865e1149f0d0e4ddf96866d129a7364,16,CASH_IN,246533.98,1.7449821825721305e-06,low,4.362455456430325e-06,False,0
2a6fec91d3829e9800972aa13fa39997628ca4b1,17,CASH_IN,551572.89,4.1376948502147575e-06,low,1.0344237125536893e-05,False,0
56eb92287c5d335b2fbdfe5aae22b68575655c4f,595,TRANSFER,486620.79,0.0900797830987721,low,0.0001994577469304,False,0
fcef63104021622ae4617a030ec806ccf4b54fa1,495,TRANSFER,800387.27,0.20305389268085483,high,3.772869604290463e-05,True,0
76eafa59bc517e42f3f07896c1141bb545dbceab,18,TRANSFER,395289.41,0.47466186314939096,high,0.0001069550562533,True,0
2e62437250d9263c1f3782c972c294061002c67c,132,CASH_OUT,1480443.98,3.0189650715328755e-06,low,7.547412678832188e-06,False,0
b9a073397783112199e6aa8c9e07800c319bd868,120,PAYMENT,9567.22,3.479205479379744e-05,low,8.698013698449358e-05,False,0
177727c1b3ce544dd1827f7ea841f01bf344e6e6,160,CASH_OUT,1265402.01,1.333056570729241e-06,low,3.332641426823102e-06,False,0
5c619fc6a5786c0e49f3c93fc57587701ea07426,238,PAYMENT,30511.0,9.801170381251723e-06,low,2.4502925953129303e-05,False,0
5f19e415279afa50e379d762cf5949fa11dd0242,129,TRANSFER,926164.19,0.4769631440157027,high,0.000615679542534,True,0
b409cc501f85566e6d08cde9fd18381d6c86a338,329,CASH_IN,1098823.13,3.7357011024141687e-06,low,9.33925275603542e-06,False,0
7342fb44b04b5875d90ab1fa7a62a0c8a3330920,301,TRANSFER,1493111.91,0.2609648342489362,high,0.0004037447215523,True,0
3e04b0d272a2e30a75f97c33b77fdce47b957fa5,180,TRANSFER,42150.97,0.40557671716339,high,6.218829184945207e-06,True,0
9c6bb127f9a8758383da8916d4c288cb285c3cc7,298,TRANSFER,630224.34,0.3648262992826298,high,0.0003321983094792,True,0
336ebce9726109cba26b9807049ae640b19cc75d,348,TRANSFER,169591.29,0.4835591463096558,high,0.0005006163846701,True,0
b5757413f699acc85f47d58cff1011932ce6b720,284,PAYMENT,27634.87,1.7131744243670257e-06,low,4.282936060917564e-06,False,0
08941f112bfbf87e9718a40a09d0b33001a5d892,158,TRANSFER,643638.02,0.2808034547238636,high,0.0006234010797925,True,0
f27a985bac80611a2221884ac1cf0abb12a5d416,42,TRANSFER,26106.5,0.24149089819540165,high,1.1994367923762184e-05,True,0
40ed0b679d5c2d05230bc5750ac8ac683cfeee12,589,CASH_OUT,295948.53,0.0001697393949143,low,0.0004243484872858,False,0
a952c93d2b4ed6371437220febdf22a94e7da5be,688,PAYMENT,6378.04,1.2072420940967278e-05,low,3.0181052352418192e-05,False,0
3ceff2e20e2e7036f6a8e771034dc022e5f32a5a,186,TRANSFER,6648.11,0.20851535418940362,high,3.055754496017471e-05,True,0
9fb4132d9fba887d903ff5f87c14c05f5f42e169,35,TRANSFER,448928.25,0.6330296706254945,high,0.0022401604801416,True,0
d3fa6f97ac6a9f0399a59f23e7884a586e3c5a1c,178,TRANSFER,232186.13,0.4784787980045558,high,0.0009992230916395,True,0
cac9961b92da857b4fa0193b029982675f7daeb6,304,PAYMENT,104620.67,3.468672002782114e-06,low,8.671680006955285e-06,False,0
950bc43c19cdb4ef74fb4cff9ae68297a160d6f4,307,TRANSFER,549632.16,0.2330592896600501,high,2.0690320525318384e-05,True,0
dd0520008bb647f3f84f810f65a4153b29ca28fb,8,TRANSFER,32214.75,0.4076197548997508,high,8.156341209542006e-05,True,0
4fdb718699f1e3eb0a4b880037054a7df0cddfa1,157,TRANSFER,226020.15,0.394396836989402,high,1.9560551663744263e-05,True,0
3992a69053c51f9434172f66ce8779169131bdff,41,PAYMENT,5643.6,1.2072420940967278e-05,low,3.0181052352418192e-05,False,0
cfb507656f347dd8b3c6e48a9b424abccbea4e76,208,TRANSFER,970065.6,0.45033318179677223,high,1.5890378563199192e-05,True,0
dc352f4d881da71b00ccde318fa7d3f67e0b9951,262,PAYMENT,20669.58,5.364499884308316e-06,low,1.341124971077079e-05,False,0
61751dd5aa42d90a903e0a2f47037477c702e3ec,209,TRANSFER,322956.5,0.4721607844287383,high,3.931069386453601e-06,True,0
43a3b53cbc6768abdd024d4ad0656c144c4c4256,355,PAYMENT,36434.2,1.7301796106039547e-06,low,4.325449026509887e-06,False,0
476ae87f1910257e5aaa6f21d04af76cd897d220,356,TRANSFER,40380.65,0.4437696376556216,high,4.326735142967664e-05,True,0
a1a8aa01ecd27458cb073df239cf5595bc568bbb,234,TRANSFER,681164.46,0.5648072009315216,high,9.383014548802748e-05,True,0
24b4532bc5b4369c93e4aabeb764019919a3ecc1,41,TRANSFER,3052356.64,0.3655137180258661,high,1.3137525911588457e-06,True,0
eccf697dd48511dc231308a80e17ed4e312ad373,332,PAYMENT,34852.42,0.0001395714469254,low,0.0003489286173135,False,0
a1e025bfa94c6e166284f7efe1822b7f9bd40640,9,CASH_IN,339740.61,1.3378285984799732e-06,low,3.344571496199933e-06,False,0
b84a183708b1adaf08dd03455a3830854f73e59e,139,TRANSFER,27873.85,0.39765891134610637,high,1.2667010196310002e-05,True,0
da828821ab8484308e6331623596c9017a847b81,153,TRANSFER,571007.19,0.2401981701828995,high,1.2511035492934752e-05,True,0
4c15b0b627072b3c9ad1b63a1d219110224eb356,252,CASH_OUT,201979.92,6.622125511057675e-05,low,0.0001655531377764,False,0
fe2bf663569bbe5d52f17fc24bfdd15d39211df1,34,CASH_OUT,265841.43,0.0004283704329282,low,0.0010709260823205,False,0
0996c1c84bb941a98718ab76da78d202bfd0305e,36,TRANSFER,225447.65,0.29020705696706106,high,0.0008832747116684,True,0
e5dcd38e093956662d9661d47e29fbd5cb2bb04f,399,TRANSFER,1795485.57,0.35974682898381855,high,0.0003067269572056,True,0
a2d6918b933d97368cadf57def885b8fbc59af6c,159,PAYMENT,33366.38,9.42795886658132e-06,low,2.3569897166453305e-05,False,0
2f89d08ea89f7f963e1d87260bab8c71c359e365,354,CASH_IN,551855.56,1.046690158545971e-06,low,2.6167253963649277e-06,False,0
4737f0216d707f72ea47ab7ac9f836dca4804a26,327,CASH_IN,430104.27,3.1701383704785258e-06,low,7.925345926196314e-06,False,0
8f42b2b250fa6a516d58defd63eb8bfca496f335,495,CASH_OUT,1488550.75,5.697480082744733e-06,low,1.4243700206861831e-05,False,0
003dcef1cfefaf5672f34f0b571f19117e5eef68,550,PAYMENT,24345.6,6.833540828665719e-06,low,1.7083852071664296e-05,False,0
161ac1d0a11890ac872485e130374ea484386398,377,TRANSFER,15638.26,0.30269732965820606,high,4.151842949795537e-05,True,0
403ebc5132f6e7eb32e38057c2ee770cd45f56e8,379,CASH_IN,1282412.95,1.6251510533038527e-05,low,4.062877633259632e-05,False,0
2bb562cb3cd7d0be9534fb51a0e0084ef156f269,373,TRANSFER,3377567.68,0.41104772632776715,high,0.0006595420418307,True,0
8854ad234038c434043551ef58a4476b465cf05b,329,TRANSFER,49143.01,0.2462586796230078,high,3.537415295795654e-06,True,0
03973604074f81c72e7b0b51aa30bd6c0c2d3cd2,213,TRANSFER,366534.23,0.3586006156629963,high,4.725235157820862e-06,True,0
2f6160983800f9e3f443ae98e972954c95e6cf21,164,TRANSFER,737400.08,0.3160652118952174,high,0.0003932738618459,True,0
ed56e13c4b59d236d9ec67ff330a41e78b39ae50,370,CASH_OUT,1661921.86,0.0001784647931344,low,0.0004461619828362,False,0
5b357364a4232f97d563618159afe34752297292,403,TRANSFER,440511.76,0.4773007183993685,high,3.447644121479243e-05,True,0
2923a14b1d29290a94340e597a54bda443b04672,20,TRANSFER,553598.95,0.44768728251298506,high,0.00300835352391,True,0
244334d053440f6df97b56d784d3f8f6f296d8f7,379,PAYMENT,70678.75,1.3915749150328338e-05,low,3.4789372875820845e-05,False,0
d88836122487441003097bf6c3ef5a703fdda239,155,CASH_OUT,1206630.49,0.0002997910138219,low,0.0007494775345548,False,0
e41e712a6d540125581a20fad9df47d6ced99273,398,PAYMENT,95087.96,3.7750134652014815e-06,low,9.437533663003704e-06,False,0
1fb22c7601731df7df8d31ebf36ba48a282aad20,379,CASH_IN,129501.89,2.597697857709136e-06,low,6.49424464427284e-06,False,0
884a1134e5c4b77eb215e6d1bcb09e5cb4392789,37,CASH_OUT,722543.02,0.000434946687892,low,0.0010873667197301,False,0
18a2981e2258d37fe82eb02038891297b0d148a6,261,TRANSFER,29439.18,0.3685884492082586,high,1.5430319763254374e-05,True,0
297b8f2675ad498da25990eef4f3a73d6072e0ac,159,CASH_IN,460278.22,7.482887303922326e-06,low,1.8707218259805813e-05,False,0
fcef1e942f5a16155a49de5ace293d6d968f044f,351,PAYMENT,18712.53,1.28328989376314e-05,low,3.2082247344078496e-05,False,0
ceba75aad2966775a9311f6442f0f136898fde9b,137,TRANSFER,49731.93,0.2022533412631953,high,0.0003193375305272,True,0
1219b3f135820fa9664957933f9be93d55dd3fcc,281,TRANSFER,6707.79,0.3788838952853209,high,3.0181052352418192e-05,True,0
374ff3bb272eb552bd9ad23d7d934c0c91d7ae57,349,TRANSFER,965180.97,0.2792180663791762,high,1.98892412299756e-05,True,0
d8f483bcbc499a6102992b8ed5ca900d9d75bf49,280,CASH_IN,532041.96,4.288289346732199e-06,low,1.0720723366830498e-05,False,0
e0db6c94082dcc489292aa97e9de0a8d380f0386,138,TRANSFER,1553699.5,0.21239335537285542,high,0.0006594398873858,True,0
e18ac32ba6aad88262e89b25334de4b179ee62e8,299,TRANSFER,1285914.52,0.30931274301885303,high,1.0675190424080938e-05,True,0
052a229648ad2fddb5d94489452d1ff7cb77531f,297,PAYMENT,163612.97,1.5860350686125457e-05,low,3.965087671531364e-05,False,0
622597d6447d87a04d148d72f0b211ae303a5be0,33,TRANSFER,3093535.55,0.0900809558376204,low,0.000202389594051,False,0
ed09a57531d8d1ee77bd10932d8e224a45424541,321,TRANSFER,592734.32,0.404181879480883,high,0.0011490411125123,True,0
2efdd2a1b11bede113e27cca01696b23ef0f12e4,16,CASH_OUT,1319179.52,0.0001348121557384,low,0.0003370303893461,False,0
3a7a281e12f8c4c87257dd765396fa794c4b2ce1,229,TRANSFER,334290.45,0.2984354132646347,high,1.292626893700799e-05,True,0
2477c486d22ea0a339dc8e5166d4b5601041f5f5,238,PAYMENT,40430.23,2.3218808928504588e-05,low,5.8047022321261466e-05,False,0
ea207df75277a0ef86c2d2337909fc1f09318bf0,204,CASH_IN,980544.4,6.894319085404277e-06,low,1.7235797713510692e-05,False,0
a9c337c1c004c51ce9840ff1fadaf851e59f5ebd,140,TRANSFER,3446.0,0.3677968977528675,high,6.057285645511001e-05,True,0
761a5df3acf4f4e85b6237c28bc4291b85a6e265,321,PAYMENT,80602.13,1.2868599151261151e-05,low,3.217149787815288e-05,False,0
e07bc658ace05b1f4ed4f827425dd1262c9265d9,154,CASH_OUT,344640.21,7.288458436960355e-06,low,1.822114609240089e-05,False,0
d03061c8b832ea2ad396965f6de0cf4c37933dfd,396,CASH_OUT,1002797.04,0.0011397794820368,low,0.002849448705092,False,0
2dd452b83325fd2238879b27c5cea7c56df5b716,22,TRANSFER,3398453.79,0.090438809255138,low,0.001097023137845,False,0
68da340ef59852bf36101fb33cb5606ce212538c,304,CASH_OUT,1226578.03,2.5222192562068816e-06,low,6.305548140517203e-06,False,0
2205c2989c65c5df9674178b138d4192a49f3343,211,TRANSFER,22523.04,0.47069581136645555,high,1.21247276183567e-05,True,0
fcb7d814963c34e8c1c8ed5b26be6ce18049c2a9,282,PAYMENT,4439.65,1.6307101759593934e-06,low,4.076775439898484e-06,False,0
d7a7f29c39ebdf6eccccd87ac5e30271e2b4a685,377,CASH_OUT,75028.07,3.041809832211584e-05,low,7.60452458052896e-05,False,0
4ea21727fea683c71975e51bc9e3aa33c324473f,141,CASH_OUT,587269.42,0.0002277819206938,low,0.0005694548017345,False,0
d6a68fa93220dfa983d92f186c36718e05f8e3d3,157,TRANSFER,1032707.3,0.6468945306554422,high,6.767363811377436e-05,True,0
be46f52418ab07a2d1759a1a62daa4f8a9007a87,375,PAYMENT,11683.76,1.0148251749342308e-05,low,2.537062937335577e-05,False,0
60b97c1f6024615cf522c8b8c84303ffc4cb8eb8,202,TRANSFER,154583.67,0.28680189170780196,high,0.0008552533690817,True,0
c363e1aea207907704702337292174b195b6d9fc,140,TRANSFER,96097.23,0.0006077810656279,low,0.0015194526640698,False,0
9a9be1cbc3279e4a0b7dedf3aa01d7aa6b0d7cae,324,TRANSFER,6641.52,0.43790662934194396,high,9.81903667707229e-07,True,0
40c66e22177d173d01c6ff7b53edcd1af905ff15,188,CASH_OUT,989765.15,1.82197371032089e-05,low,4.554934275802225e-05,False,0
753795f27441921b0d4d59b4302a466d44f240c6,255,PAYMENT,17954.17,1.28328989376314e-05,low,3.2082247344078496e-05,False,0
ad7d393e4cbfe4112a2f1446afffa24125280236,322,CASH_OUT,11238.54,0.2399404764175415,low,0.5998511910438538,True,0
46a1fcd192eb130bc4f075bdf38b567e4f1dc4a4,129,CASH_IN,21212.78,5.104987394588534e-07,low,1.2762468486471334e-06,False,0
32d28f1aed8ae5893576f95b7c2de33ef9d7818e,39,TRANSFER,359306.12,0.33176637900383266,high,6.813083928136621e-06,True,0
d3a68822514fdf9426d7606704105e2bc66eee1e,371,PAYMENT,106588.96,3.673154787975364e-06,low,9.182886969938409e-06,False,0
4951cbaf4cbfc916fffc454e4e9c1123cf336a4b,307,CASH_OUT,328824.3,0.0004250116180628,low,0.0010625290451571,False,0
a8fdd11fe0081be11f747487caccfb6120d000e7,567,TRANSFER,396211.21,0.32285327368931754,high,6.431575002352474e-06,True,0
80cd384cc94c1e92434614cddd054cdfb25224c5,183,TRANSFER,43.13,0.3658169985938034,high,3.882303644786589e-05,True,0
408166b4882f337be47a08eac5e169f7f9951f74,277,TRANSFER,17248.73,0.32970573282811055,high,1.2764994608005509e-05,True,0
df9ce65951e9e5a04302bf725c146e70cd95a174,688,PAYMENT,22804.56,1.0725025640567763e-05,low,2.681256410141941e-05,False,0
a610f7c2fca629d0016a72d5335d44f4a8b3222c,684,CASH_IN,488353.43,1.2463102757465096e-05,low,3.1157756893662736e-05,False,0
395f3c2e8502742a70dd7e8f4f96971e03f1b80c,163,PAYMENT,25241.08,1.4340225607156754e-05,low,3.5850564017891884e-05,False,0
95413ab3cb93fc37f11b44786eeb226d9ba759bd,260,TRANSFER,4212385.59,0.4592898773044243,high,2.5388890207977965e-06,True,0
d1d66dbf52391d8dd4841da3fcd8569976e7754a,345,CASH_IN,850219.28,6.618228508159518e-06,low,1.6545571270398796e-05,False,0
9d21ecbeef3e7d66d1045d920906366f128d0a9f,226,TRANSFER,98848.64,0.4115768662844099,high,1.2121617146476638e-05,True,0
60f13941d4c6b75f085b0ddc1f76493bf22e6b0c,164,PAYMENT,12225.98,1.7493365157861265e-05,low,4.373341289465316e-05,False,0
3e56f4af5cd8b0f3d1728e1a690ed98fcfc12a93,9,TRANSFER,23705.83,0.36890337737478635,high,2.1761887182947248e-05,True,0
c8addb5b456405ce1414a7ee4052841ead75597b,305,CASH_OUT,565877.92,4.295296093914658e-06,low,1.0738240234786645e-05,False,0
b696ad9c3f885ef77dacd9b6545e79d865c19176,134,CASH_IN,120544.82,2.779304304567632e-06,low,6.948260761419078e-06,False,0
463e6fe37234ffac99a9c698a41a68f720f8499a,592,TRANSFER,954186.1,0.40308926361976233,high,0.0004278265114407,True,0
4ef86f34c8682a8c0c7be502b3b56466023b3ec3,251,CASH_OUT,291785.11,0.0001415817998349,low,0.0003539544995874,False,0
4da4b67d957e986643b7d4e4ac6ee45d329a7906,144,PAYMENT,39289.2,5.550012792809867e-06,low,1.3875031982024666e-05,False,0
894f5f7a684342504abff06bfff165d59ad03ffb,187,TRANSFER,55089.97,0.34951432730323995,high,4.907991751679219e-06,True,0
d35e34477bfaecc4c1939634b35f790fecb12f3f,18,TRANSFER,55307.47,0.37648218318298154,high,4.042003638460301e-06,True,0
7289acf1c8b6472162a05c640ca97c0b17fce25a,206,TRANSFER,389583.05,0.0003161284374073,low,0.0007903210935182,False,0
72e69f1dd5167dfd68177472c78339b50642daf5,397,TRANSFER,1403015.82,0.674897908686442,high,0.0202728901058435,True,0
c5c61e7e7c94f271160641e817457438e646ea3f,354,TRANSFER,517496.27,0.38301708839122134,high,2.4339644369320013e-05,True,0
eb3161efee65b680d516d8304faf28805445843e,328,CASH_OUT,780940.5,5.820271326228976e-06,low,1.455067831557244e-05,False,0
b9766d5664822970d7a6468fd6852b0430013cf4,298,CASH_OUT,426845.05,2.485361765138805e-05,low,6.213404412847012e-05,False,0
cb4c90a453141a6b67075e69a948139e72df26d4,354,TRANSFER,917333.98,0.41512603163587225,high,2.2354259272105992e-05,True,0
9ea27bb94bdf6cf7fef8be0f00241337ed899383,275,TRANSFER,1951653.65,0.42749773989039597,high,1.9692128262249756e-05,True,0
dd5ddfc2f22b8d37a0f55a5807364b623bc499c3,325,PAYMENT,61314.48,1.986593269975856e-05,low,4.96648317493964e-05,False,0
efabfbf3048972348fecb41ae58e8bdbae3201f8,185,PAYMENT,157825.39,4.9317278899252416e-05,low,0.0001232931972481,False,0
6be06909471dfdbff71770e3a892b4c965f5744e,691,CASH_IN,907540.52,7.108131831046194e-06,low,1.7770329577615485e-05,False,0
9d070c84b5684c39762ffada002cb096221655e9,156,TRANSFER,9412454.39,0.4611543922387993,high,4.115887804800877e-06,True,0
fbfe865a72c73926a3e37fba181bac502e5b1f6b,305,DEBIT,42770.8,0.0001146226772107,low,0.0002865566930267,False,0
551fa7860a0baf5a39c8da7f0fe61513b3083286,153,CASH_OUT,288040.09,8.31933633890003e-05,low,0.0002079834084725,False,0
10e4a379371271cf59804b4c057de3ef13bc6d03,12,TRANSFER,860480.47,0.4154560427286667,high,8.262725714303087e-06,True,0
d2115b94889b9d81f74dd8de210b00d171143f68,139,PAYMENT,36563.57,1.0388102236902342e-05,low,2.5970255592255853e-05,False,0
77d77f425864ff18604450ed214c83874f8848be,525,PAYMENT,19679.04,2.335351164219901e-05,low,5.838377910549752e-05,False,0
30946c0b339c5fc909e26dba1293fc3c809b9364,684,TRANSFER,24250.07,0.44298145445929926,high,1.2808644669348723e-06,True,0
00526670316cf510b2320a3bfae07bb59109ee41,236,TRANSFER,487423.1,0.4044795985178583,high,0.0001694584207143,True,0
994426390859452a37a1808bde250a8bb78818a2,177,CASH_OUT,402707.35,0.2126709457859396,low,0.0066773644648492,False,0
9340c3b59e18aad69a4340e4fcb078268c8fb01d,44,TRANSFER,64391.16,0.4877312433053395,high,2.3104703359422277e-05,True,0
3e62f45c436336162b91868f389564c570720460,280,TRANSFER,789579.53,0.4123210298551248,high,0.0003521789913065,True,0
9f422299582359aeb72b125e459cb12f9b32ccc1,203,TRANSFER,35347.29,0.49638401407094845,high,5.838493052578997e-06,True,0
5210c9f70ade985f193fb0f6db425491a66753ab,252,TRANSFER,385398.48,0.49140941609766114,high,7.755304250167683e-05,True,0
31de6c79d1dcfd956fb418fbdcf7d3bb765c629d,329,TRANSFER,3736557.69,0.5658753764987291,high,0.0005061491392552,True,0
16159b524d0f62086f172bc8e1b09f68fbcb04b3,187,CASH_OUT,742664.88,3.4169283026130878e-06,low,8.542320756532717e-06,False,0
f87f5ac91f3b538da1c109bfd26155d4ed348ffa,330,TRANSFER,5070609.93,0.4728294325511525,high,1.5550051557511324e-06,True,0
1ab52301a04338b4621e9fa867731b5fca265bf2,348,TRANSFER,25227.42,0.25165471213330043,high,8.78257105796365e-06,True,0
ed3e34fba85774ed82e10c6163ce648e6a677610,205,PAYMENT,35413.1,1.9343956955708565e-05,low,4.835989238927141e-05,False,0
033cb66c88f72138dd52c4771b342bb19d92f891,19,TRANSFER,503042.12,0.42963561342021084,high,5.66417547815945e-05,True,0
cca4d2958410028a2af847f2d2f445d54749fda4,235,CASH_IN,235994.85,5.225506174610928e-06,low,1.306376543652732e-05,False,0
dd68b06534349d6e5f6f9efbe8355d0cd6e71070,226,TRANSFER,130.12,0.46048691898653127,high,3.7951162084937096e-05,True,0
08b3e334fc2d0d6d62e3a758f4aefdc040bad30d,9,TRANSFER,323409.55,0.23289882324702518,high,5.133723789185751e-06,True,0
d251dfc4e0dd3e0ca88aadd2a7eb35889498c334,370,TRANSFER,49928.24,0.3142869375683885,high,1.2082884495612234e-05,True,0
fbb54531c8c6cc5391a55af4b78df45dac817b93,278,PAYMENT,10981.99,1.3467967801261694e-05,low,3.366991950315423e-05,False,0
1b6087de827099ab6bc7900f903f63cd9bd36a38,256,TRANSFER,474224.17,0.3298141385655391,high,0.0002913745120167,True,0
e7236099f86ee1e3f3f37a0dd7fbf2a6c4c3bdad,132,CASH_IN,413764.12,1.684010567259975e-06,low,4.210026418149937e-06,False,0
a270db9539043addc7c140dcfd4105846d86e843,42,TRANSFER,419406.98,0.4582091795140196,high,0.0053767282515764,True,0
102c3dd5ed0923f1e8fa51a378ae0822a5d7821d,14,CASH_OUT,398322.82,0.0003918175585567,low,0.0009795438963919,False,0
ce77fabf25f310546cea354b129f82f806faef16,9,PAYMENT,21245.29,7.783012733852957e-07,low,1.945753183463239e-06,False,0
b0eb82b97768dc5ff9bb583e0c909d14d6f2f850,380,TRANSFER,46053.86,0.21461875691422988,high,5.0722210289677605e-06,True,0
42a9e047c588180b64b96b2d8996b9f2fa7a7a4d,283,CASH_IN,1015524.38,1.2820154370274395e-05,low,3.205038592568599e-05,False,0
6b7092f8b926acc4bd1f727a2ee9f7db54efb24a,517,TRANSFER,89523.56,0.3420760420780456,high,8.355369936907664e-05,True,0
a7baf0155d716208ef30a9ea3524d30ccec24308,177,TRANSFER,27234.88,0.24932232253220632,high,2.1761887182947248e-05,True,0
9ad738cf08966b5de211e3c0e886b51f57a090ed,11,TRANSFER,331189.34,0.41253200445517796,high,0.0024855516385287,True,0
40dba454a2555efa3dfdd1cd4f71573fe8eb9e27,349,CASH_OUT,184182.06,0.0001304378267377,low,0.0003260945668444,False,0
6cf056f3dd6de069fdb7bbc81051f3af76319244,373,CASH_OUT,402717.15,1.0656238737283277e-05,low,2.6640596843208183e-05,False,0
20e11ebb3bf3838756e6666333658a784d2da809,207,TRANSFER,342251.24,0.3778408292480122,high,0.000469364458695,True,0
011dc008e4c5691f9a6780143b59e68a27ed11fe,283,CASH_IN,426086.85,8.342279033968226e-06,low,2.0855697584920563e-05,False,0
812153ee47bc1b2857f3416a3a76ca55da739d6a,328,CASH_OUT,1411479.5,1.6568394494242968e-05,low,4.1420986235607415e-05,False,0
b867684174ff7f1ac10fa0e94d83cfc19ec9b78b,184,TRANSFER,23798.94,0.46665208868855246,high,3.360108530614525e-05,True,0
09055ce5ce69ab738acd635c0d0feac2e8466aa0,188,PAYMENT,17100.57,1.515389703854453e-06,low,3.788474259636132e-06,False,0
8cee85754a9f56c1cf02c036ae6bf11b75c3b764,189,CASH_IN,263187.34,6.785294390283525e-05,low,0.000169632359757,False,0
97915420279709c2d4fe1da2a1ffc4fc19686455,254,CASH_OUT,1263138.53,0.2121328415721654,low,0.0053321039304137,False,0
df49c682067c27897be440c4bf98dd0faa3b9ec9,163,CASH_OUT,574213.39,0.0002241756301373,low,0.0005604390753433,False,0
790fe6019568df3d52554840c0690de8d6ab92dc,334,TRANSFER,35536.96,0.341287532895124,high,4.728395197162172e-06,True,0
177db4a24aa4709d77eb8fb781d4d6e5a7cc9714,162,TRANSFER,687340.76,0.3440292937160783,high,1.3177894288673995e-05,True,0
128f277769ec0cdaf5a570daedc445cadfb2cf34,20,PAYMENT,20081.33,6.577448948519305e-06,low,1.644362237129826e-05,False,0
95c16fe442c027dee1dc5ef9e5cc0c8fbbaf9f17,42,TRANSFER,59878.8,0.23455785521035724,high,0.0005606487975455,True,0
9fbe67dbd4b4629b2fbcecf18017f65d01e73151,490,TRANSFER,681117.91,0.4559540396726905,high,0.0009113224805332,True,0
60ccbd74bf22bac4bec86a86329a50309d266b70,212,CASH_IN,541884.9,4.381634353194386e-05,low,0.0001095408588298,False,0
e6d03f673d0ac4f9e2d44d03c02314055789b5f9,42,TRANSFER,1071301.02,0.36596075208241974,high,2.9065527087368537e-06,True,0
046542fafaa964218f8ab42a279135d676045bfa,255,CASH_OUT,293759.65,1.475427416153252e-05,low,3.68856854038313e-05,False,0
50173c5879a4db3863ef217fe346cb2a585b3d9d,43,PAYMENT,32451.7,9.540145401842891e-06,low,2.385036350460723e-05,False,0
2ef80fb51ce81502a6d850c9c217c29073ed1b3b,41,TRANSFER,3894.52,0.28774092676884055,high,1.538317178528814e-06,True,0
0d0ff5d8c1a80fa888856b1f54ee32136b2c403f,232,PAYMENT,101153.28,5.082387360744178e-06,low,1.2705968401860446e-05,False,0
d879e3de7d2810bba2057f0a676011dffa71620f,405,CASH_IN,969164.83,6.083751213736832e-06,low,1.520937803434208e-05,False,0
af45be38245e75e5b0e8f03f59cbd54268e73914,346,CASH_IN,186774.27,2.350138493056875e-06,low,5.875346232642187e-06,False,0
e2c4da0de866f172750d2f512427cecae9348358,307,TRANSFER,15937.3,0.38682112850590955,high,3.431299774092622e-05,True,0
bdb20dfce238cf98a35a74ec1e5f0e7d37a06665,380,TRANSFER,792724.46,0.3543128162703194,high,4.254083978594281e-05,True,0
ec378de70fb66b17f5f02671dc7d5d8dadfae3e3,228,PAYMENT,27464.35,9.369546751258896e-06,low,2.342386687814724e-05,False,0
638a0b504005d4737ffa177e3cbafd2924b2d803,331,TRANSFER,15805.94,0.35119361452816666,high,3.431299774092622e-05,True,0
cddf1edff8f6ceb53d17f35fa340d7d0bbde1072,525,TRANSFER,678173.34,0.0001377012231387,low,0.0003442530578467,False,0
6898bc492d777deec0eeac7994adc3dd521ce739,186,TRANSFER,158273.31,0.2622341188989774,high,0.0172508265823125,True,0
18d39392d534349550e7622ddc025a717fe3d0ce,211,TRANSFER,93774.05,0.4920269642739425,high,5.5897875427035615e-05,True,0
056671fdaf68f306b49877797a0f272154be812e,349,CASH_IN,2286518.28,5.426679308584426e-07,low,1.3566698271461064e-06,False,0
1efc4801ec041f656d9d2a41b4910268fef2239d,569,CASH_IN,918113.29,3.318560629850253e-06,low,8.296401574625634e-06,False,0
e6ffa465dc645dae9a74650c60f344414d919280,229,CASH_OUT,1319322.58,1.921131479321048e-06,low,4.802828698302619e-06,False,0
6c17fa645a5a61b02c031b590c2618bfcd55be6c,379,TRANSFER,1240224.73,0.4517608699783806,high,0.0015010129427537,True,0
3a3f769b3acd8ac3f48a4905d5dad04dd557bce8,400,CASH_OUT,388326.9,0.0007788722403347,low,0.0019471806008368,False,0
1b0053db628173a88df197fc00fc4dda8130520d,180,CASH_IN,154006.46,8.662314212415368e-06,low,2.165578553103842e-05,False,0
d5c037dcacb15269dd1b065915786c89060071c4,349,TRANSFER,766078.34,0.2426200914428713,high,0.0012126098154112,True,0
57e6abe3a59bcbcfc5af175125d3d7b9b94062f2,348,TRANSFER,45064.21,0.2921176592059994,high,5.211043117014924e-06,True,0
cc11a44d40187780c273889c2f1ef66e111bc42a,185,PAYMENT,28027.36,1.0725025640567763e-05,low,2.681256410141941e-05,False,0
468b8add3bc44f3dc98a424d2a1fc665550d5643,229,TRANSFER,166168.18,0.29748833255948964,high,0.0019810427911579,True,0
a91def35c590783fb342a298689622c382296f6b,330,CASH_OUT,226856.44,2.254647697554901e-05,low,5.636619243887253e-05,False,0
cb21c721f1a466123aba2d02279bbeb64859c555,407,CASH_OUT,2181302.99,0.3899160385131836,medium,0.974790096282959,True,0
bfabbca8dc5b8e4ff4cb8551b96fbb22dde7beaa,180,TRANSFER,10161.31,0.27700596575089326,high,7.995270607352722e-06,True,0
6c3cbe07c4a9059858475581a373f8e9eb03739d,236,TRANSFER,197879.82,0.42511926941073724,high,0.0038372944109141,True,0
2cfb0270c3993dc3c26dfabe6f8d7d3b0ed21694,323,TRANSFER,872922.95,0.22218170718907168,high,0.0001702161389403,True,0
048ec1458084ca3aafe421b606fdc9a2a32338a0,94,TRANSFER,37930.5,0.4297280157817002,high,1.5708817954873666e-05,True,0
fb23905280e0c7f9b82370216a9b0e009b18ac5c,37,TRANSFER,78173.94,0.43760920532973335,high,5.581202003668295e-06,True,0
b9280d74578890b9fff396265f3d0374c836303b,178,CASH_OUT,861217.63,0.0002753616077825,low,0.0006884040194563,False,0
77016fe930c895b649177434f1a768f4ef5fb809,369,TRANSFER,1127569.67,0.4167481482080602,high,1.2003144547634292e-05,True,0
9d40815b6c3c608ee0b69d5edab0a0851a814101,232,CASH_OUT,933973.12,4.141164754400961e-06,low,1.0352911886002404e-05,False,0
370dbf497954a3a399894fd177266549f3570e38,250,TRANSFER,200831.29,0.4402329338135039,high,4.760436786455102e-05,True,0
a0206b2bf854025f6333bc788eb3481bb5ff1e68,187,TRANSFER,24408.91,0.3171443412213249,high,2.5970255592255853e-05,True,0
0a98c3a8d03868b665e2b222e33f4e4e62bd5a2d,211,TRANSFER,1435276.55,0.34526450595659597,high,1.1291814416836132e-06,True,0
a2ecdeef7e7c1999d12617fa04e107e2fd4c6f8f,186,PAYMENT,80903.38,4.321860251366161e-06,low,1.0804650628415402e-05,False,0
3dbe549743935cc7109ac3e8cff67f62ae149b0e,330,CASH_OUT,363621.85,0.0001203527441248,low,0.000300881860312,False,0
1cf7f2f4705af942b5e98a0453876ed624df645c,37,TRANSFER,59670.36,0.4411784990914496,high,3.419249696889892e-05,True,0
b745aed4ef9f212ddc8fd34639ce3c6d1278412a,9,PAYMENT,70886.94,1.0180952813243494e-06,low,2.5452382033108734e-06,False,0
1390ff91d80cd88daa53bc2ad5d766256b1aaba0,13,CASH_OUT,678647.21,9.144261275650931e-06,low,2.2860653189127333e-05,False,0
da35587664a50447e925b5f4f729909782a34c9b,187,TRANSFER,17028.5,0.2260538582043134,high,3.431299774092622e-05,True,0
1330f183ec5c2e9dcc80dbb50c9a4bd82b275742,12,PAYMENT,37686.88,1.324950426351279e-05,low,3.3123760658781976e-05,False,0
5e6b8085fb95130ec96dfb252342c9274a047813,18,TRANSFER,547956.56,0.4993235502113045,high,5.2290000894572586e-05,True,0
3bf7ea802c842b224c4f8d4e61b77f1d2c616002,20,TRANSFER,399035.26,0.46167844088519205,high,0.0021032597869634,True,0
d4a44393cce603c0d24285ff1daa2f154122f695,371,CASH_OUT,1945134.77,0.0002737760310992,low,0.0006844400777481,False,0
0a1a141aa7db839611015950e1aed410a1c9aa93,229,TRANSFER,54201.79,0.48558669148322764,high,0.0005067680031061,True,0
c34b8834858fee436e8836e51274334df2f3011b,254,TRANSFER,143949.49,0.33194175825258543,high,0.0011171635705977,True,0
21ce2169eb3be66e5c68a0e90ae9ca9abf93bdce,226,PAYMENT,98317.19,4.598966188495979e-06,low,1.1497415471239948e-05,False,0
e8b93cf24e94209fc1493bf0445b908e48142033,402,TRANSFER,1222415.16,0.23901377466637336,high,1.5690402506152168e-05,True,0
45c3830861223e02899dc35f179df7e77a056709,162,CASH_OUT,884309.52,0.0002197132213041,low,0.0005492830532602,False,0
cc864b5d583e33d829e2bcaca8aec9725a624721,40,CASH_OUT,1326193.06,0.2101632655621506,low,0.0004081639053765,False,0
3ec5aac6cc2c57bdb35820133bd1d16b3841020f,234,CASH_OUT,1723984.5,0.2101296771341003,low,0.0003241928352508,False,0
74ea6c17f96fe091b947f912c4b56d12b2536a4c,188,PAYMENT,25358.75,0.0001021730946376,low,0.0002554327365942,False,0
144997d5371a748ba2b044409dbd2ea32a4a3cea,478,PAYMENT,14217.31,4.279087588656694e-05,low,0.0001069771897164,False,0
4479c4c3173ed62d50a919e35dde9968c767456b,209,CASH_OUT,1024634.78,0.2101457737525925,low,0.0003644343814812,False,0
1838d4ea8a2d0f829dad60abde47203fd5544561,642,TRANSFER,88921.76,0.25968840688714245,high,3.483522959868424e-06,True,0
4e2a707c212fdff579091ea78a731eb2cfa053dd,163,TRANSFER,294709.6,0.6219448709244746,high,0.3605283498764038,True,0
c109ccceaf8e223e2a206d82e0af5978ca1b5403,37,PAYMENT,62366.87,8.25931056169793e-06,low,2.0648276404244825e-05,False,0
89337222eff582098e01de79008becc74017d6e9,16,CASH_OUT,758740.34,0.0001589708495885,low,0.0003974271239712,False,0
78472235c3070fe80d9909569015f0341eab5f0e,154,TRANSFER,697748.78,0.38465354361228654,high,0.0003655726031865,True,0
6373f200d8a08584089aacd31d95242ea139e5b8,283,TRANSFER,1711593.41,0.0901644346979446,low,0.0004110867448616,False,0
76371362e6b0fb467044376f94458aa1bc7b1a7b,226,TRANSFER,207510.14,0.38082569892865814,high,0.0001466731773689,True,0
c827c2a0364986cb547c72cc08c7b543d8316089,15,CASH_IN,79357.9,9.867530934570825e-07,low,2.4668827336427057e-06,False,0
aa886e4f2c3040e05789bb024842a0da71f1a73e,490,TRANSFER,44735.44,0.30965164324766953,high,1.6344531559298048e-06,True,0
b57c724a0688e630aa098154be5e7536708b8a0c,156,TRANSFER,1887075.05,0.2479231074373153,high,3.9178762563096825e-06,True,0
2ed0fddbcb09a5e3d9c42bf7d3eaf6c829a5d532,257,TRANSFER,263970.07,0.29620104546829834,high,6.456683331634849e-05,True,0
718abeab8d650258fd74d77c9bdbe50ea096e660,131,TRANSFER,34538.22,0.4892923578949576,high,1.8908209312940016e-05,True,0
f584ad5da808eb9d182002502557c0edecc91511,264,TRANSFER,42495.43,0.386553484606443,high,2.5173176254611462e-05,True,0
65234cb052bff2a0bafda2d244afbcc5d1d4b5b1,326,TRANSFER,213926.04,0.2832585025768369,high,1.291686658078106e-05,True,0
994de6dfab2c0e2ee43913b5f78152f43ee0d8cb,182,TRANSFER,22699.98,0.3353094515841225,high,8.717858872842044e-05,True,0
b344b05e3a0812d9e0af317e923a2bc1ccccaf61,331,TRANSFER,30748.25,0.4506547747123903,high,2.158707729904563e-06,True,0
ba34d04ea507e3a61a71d252e23c28b257ad6238,205,TRANSFER,15921.06,0.40054497461072247,high,2.975849747599568e-05,True,0
46e3625f194b9834fa824fd70fbafb098e76ddb8,304,TRANSFER,628818.92,0.3685148422611836,high,0.0007974751060828,True,0
204387fe3645aef4fb6dde108dc44ac759eede20,178,TRANSFER,1243419.21,0.46554951431386904,high,1.6283092918456532e-06,True,0
47b18c214f9e5ae150d9f4bc42d394801072cfbd,348,TRANSFER,24749.72,0.4017407582148044,high,2.2216374418349005e-05,True,0
c09097c754bf2cf5a51ee1e078d8621cd7e131e4,327,TRANSFER,10245.6,0.39282036416565846,high,3.6123208246863214e-06,True,0
a6220989dd8ae046c98175bc79c2a5beee77191e,178,TRANSFER,71068.16,0.25693527489328455,high,1.2084325135219842e-05,True,0
6c811991cd06a70643b383b87df5597c3186c50a,331,TRANSFER,143104.91,0.2319801674249677,high,0.0001589063031133,True,0
850943e8fd0224381f4a8edc181bd259f5bd6b13,478,PAYMENT,10679.41,4.406514635775239e-05,low,0.0001101628658943,False,0
96d78b01c431fc9d0e1b920706904e3ff7f6a0cf,331,CASH_OUT,216535.69,0.0002486397046595,low,0.0006215992616489,False,0
5284df17ae4b40711999cc4db9de4c66638187de,5,PAYMENT,16286.18,8.68620481924154e-06,low,2.1715512048103847e-05,False,0
0b6a8596449536812ea3da7b46f47b7df1f58ff5,420,TRANSFER,5442110.1,0.0900989873893559,low,0.0002474684733897,False,0
88d7978c350584e9e3857e491d42facb06190219,346,CASH_OUT,502216.24,6.7551460233517e-06,low,1.6887865058379248e-05,False,0
4be7afc67616358b6d56cb0a9a7bca5c27ae7a95,297,TRANSFER,2886476.21,0.4576332706888978,high,0.0274877212941646,True,0
22dbc3a6e74d36924f77bc7b831aa0ef05e76f28,355,PAYMENT,26207.81,3.662555900518783e-06,low,9.156389751296956e-06,False,0
5748f3f646c41838fa73da6be77a4b7bf24796bc,356,PAYMENT,1930.02,3.410057843211689e-07,low,8.525144608029223e-07,False,0
7a4e49fe5cfc666bbcc0722d1ba16f527f69e8f8,41,CASH_IN,485598.81,4.753765097120777e-06,low,1.1884412742801942e-05,False,0
dcf48ff6018b593f5d916a28316506a4db1742c2,332,TRANSFER,1031963.8,0.2701303181648254,low,0.0040757954120635,True,0
2389453e972efa11da3d31415b3f84e5eb22e283,393,TRANSFER,742624.59,0.20906362628466038,high,1.6045300981204491e-06,True,0
720bd235a3fd3ed1816933cdcaf3a3066dab5b17,522,CASH_OUT,863020.91,0.0001479061204008,low,0.0003697653010021,False,0
b42f8549700bb22c70c1c16b0a4836fc78f9d5c0,201,PAYMENT,23614.88,1.2908999633509668e-05,low,3.2272499083774164e-05,False,0
f3bcecb7494f573c8a4f098a3bc47f451b5bc0d2,332,TRANSFER,644323.19,0.21554510343312028,high,8.92185289558256e-06,True,0
e2b7a2e38c96b55319de1cfd2532bc35c57cfdbc,369,CASH_IN,239321.86,8.543648873455824e-05,low,0.0002135912218363,False,0
db77223e776f8cbfb22fd1a851e168395e218dba,133,TRANSFER,874450.26,0.30501968028673315,high,1.6783937098807655e-05,True,0
fea5a0e1b93dca212ffe100e58bbeb6a242bdaf1,262,CASH_OUT,613960.61,0.0008754342794418,low,0.0021885856986045,False,0
32ca8b377272ad1ef90af9f003474690287c0d1f,143,PAYMENT,77189.08,8.821570663712919e-05,low,0.0002205392665928,False,0
d05578b6ff52c72f2a6fcb711e79ecadfc36cf64,226,TRANSFER,5026.79,0.45776277902354173,high,2.308853618160356e-05,True,0
3a98c39da8b49d3bda411cbe031f41f3cc5dc5b9,250,CASH_OUT,825347.92,0.0001073118764907,low,0.0002682796912267,False,0
afdd7acb1fa30acfec6d711b8a008df11230a7ca,188,TRANSFER,909538.24,0.2630697790231448,high,3.002024459419772e-05,True,0
c0e60455104d9d3ee2b1e4e8f9200238c82a5ab2,33,CASH_OUT,188510.9,0.0004647768568247,low,0.0011619421420618,False,0
3dcd640ab869e50260406136ea347060c1d9729d,370,CASH_IN,203029.98,1.2202617654111236e-06,low,3.050654413527809e-06,False,0
aaca18c746ba2ca3d546327ff8c88290052e4bc7,17,CASH_IN,1269258.22,7.66597004258074e-06,low,1.9164925106451847e-05,False,0
b87c258bc8c639be30d06f089fd3ea7a15c96e3e,372,CASH_IN,377159.02,3.6009063478559256e-05,low,9.002265869639814e-05,False,0
76d19661bcce62b189e4e4b5ecb10e86aadbac02,137,TRANSFER,2651332.75,0.24755947822768914,high,1.1737296290448285e-06,True,0
538a7a24844ee6e54b40ff9e36430875e64a7657,188,TRANSFER,284509.22,0.3251761336907947,high,0.0001506716798758,True,0
f6fe702fa13b8cbef8df871feb95b326b010d6a1,36,TRANSFER,785078.65,0.4638522955579898,high,3.0597202567150816e-05,True,0
34a847a993dc72f0d986470d4582da24daced0e4,373,TRANSFER,8557.22,0.21718825010778978,high,2.565227759987465e-06,True,0
5dfb2150035869301eac265ba28d5d47bbf32226,139,TRANSFER,263554.65,0.264322494218642,high,0.001300205476582,True,0
38f7644fcba1bd1cfe316438f7bfbde5dcd24e5d,212,TRANSFER,757499.4,0.47253052986326044,high,6.706800195388496e-05,True,0
d2b8e3688bf628d32f600fa84a22768c235d6382,207,TRANSFER,136900.28,0.46746616925650464,high,0.0011544175213202,True,0
e4c17661b39369218550bbb34e9373b9dda93d29,358,TRANSFER,547156.25,0.4038654465894924,high,7.549150177510455e-05,True,0
15edd34758b6caf25271b9dcf1fcfc9e9c9d53c2,373,CASH_OUT,375262.79,0.0011416225694119,low,0.0028540564235299,False,0
b5713e477ccf7b09526e6ecaa5c6c6ad16391514,571,TRANSFER,167671.64,0.35240326455677934,high,0.0661502406001091,True,0
b1e790a2b66eb526d725f5c9191ce7994ad2706b,571,PAYMENT,46920.26,8.829228136164602e-07,low,2.2073070340411505e-06,False,0
e431180b18252d5a9673b4bc91f4b8ef482d4e1a,229,TRANSFER,369836.25,0.23858076911570822,high,1.0540945368120448e-05,True,0
a8479941525884472dee90649cfa1495740df61d,354,TRANSFER,72755.07,0.31400267199830584,high,7.884110345912632e-06,True,0
e91662521ce7a2d7c392d71714cb459bc38ee156,227,PAYMENT,2766.42,1.39588710226235e-06,low,3.4897177556558745e-06,False,0
76c717b086ae0d1bac8343d2f051691c049c857b,23,TRANSFER,23198.81,0.3081429188640173,high,0.0004077905614394,True,0
72305d925d4803be9d4bc6ea5ecb5913e5054bee,380,TRANSFER,1785762.39,0.7142644359100547,high,0.1562926769256591,True,0
0476e594ce890a1d9ed908a0ab7636bb3825c0a5,377,PAYMENT,37365.62,1.1362705845385793e-05,low,2.8406764613464475e-05,False,0
1a53d4ec5d653abc708bbebaa436077d3ad0d636,332,TRANSFER,732254.69,0.3040209724593629,high,0.0006645353278145,True,0
6318f712f19710c9eedeeef53dfacbb721063276,311,TRANSFER,7591.57,0.43720437874562623,high,5.753130608354695e-06,True,0
1ebe520fdf01ccfa176c94f5671ac41e811c2189,349,CASH_IN,92813.38,1.4702012776979249e-06,low,3.6755031942448113e-06,False,0
f3fc75db2896a181a574159faaef1cf6e5f27e8d,182,TRANSFER,29606.7,0.29662097146562416,high,2.686751577130053e-05,True,0
33935d2d07b149e7b97310410e3f10bf3e5eb44f,355,TRANSFER,827119.96,0.0900010707934961,low,2.676983740457217e-06,False,0
956653004fd25efd3df1ddb216ed1c77e7036a25,298,TRANSFER,827095.65,0.2834519039170875,high,8.046873517741915e-06,True,0
2657439543305120a07d82b1626863a573c0945c,258,CASH_IN,254707.9,3.3120253647211942e-06,low,8.280063411802985e-06,False,0
040afdc96026328db66f22b82712ab00a6f02a0c,374,CASH_IN,575916.33,4.6101460611680524e-06,low,1.152536515292013e-05,False,0
7197a49c55b5ccaea2e80d7f0c49b8e18c3d7de4,347,PAYMENT,24327.25,9.194830636261032e-06,low,2.2987076590652578e-05,False,0
eb57b1e1390032ab76b79ee57c96f0b831a66ee1,14,CASH_OUT,277793.17,2.0976245286874474e-05,low,5.244061321718618e-05,False,0
2b0e986140bda9194544129deada6c5173f6e979,370,TRANSFER,1186726.83,0.34611799287584705,high,1.08621552499244e-05,True,0
17b69ae758966b61c2e8f3675eee444a7fb96a14,157,CASH_OUT,127052.91,0.0009523058310151,low,0.0023807645775377,False,0
02c806d0a7f77a3ba803c83ba56c2695215c5c6c,184,TRANSFER,15239.38,0.2283671409609291,high,1.3394047755355132e-06,True,0
a777146171afb60b90fa6441a5f446aad5276e26,157,CASH_IN,544794.17,3.020281110366341e-06,low,7.550702775915852e-06,False,0
f67d1f75f76175830102233b31141cd850ba1968,17,CASH_IN,4452.76,4.045752575621009e-07,low,1.0114381439052522e-06,False,0
4a733f1455637c7ba30656ae15f35c3361b23723,397,TRANSFER,148571.52,0.3845509635016568,high,2.571626282588113e-05,True,0
463243e9cedb24df1b92142b9d39230fb227931b,210,PAYMENT,31569.41,0.0001623965566977,low,0.0004059913917444,False,0
98a4833411329e3cb75b7c150570ab186bea439a,260,TRANSFER,189460.78,0.2118404001592964,high,0.0004178848175797,True,0
448699065419f430738270db33a7474e8446ee58,20,CASH_OUT,232720.22,0.0009830822236835,low,0.0024577055592089,False,0
2bb2aa1c007440065c6abc59ab8f995e2078545b,184,CASH_OUT,460622.45,0.0002563072368502,low,0.0006407680921256,False,0
0de77b7a7a657d753205b883f3adbfbf146d2e8c,185,TRANSFER,660012.13,0.3627685977012379,high,1.344096745015122e-05,True,0
bf8e7f33a96e2fb1aa02ab67b961a6b5a6db1971,321,CASH_OUT,180099.93,8.89781687874347e-05,low,0.0002224454219685,False,0
6a990316463e5c8b0b63f2f0f96e65789b6502fc,297,CASH_OUT,472258.09,1.3159845548216256e-05,low,3.2899613870540634e-05,False,0
fd73cae7500f7b0ac9cd74b245840628acf0d2f8,282,TRANSFER,1776918.92,0.28983089404661644,high,1.8614004147821103e-05,True,0
e297249b0078c7a21ce37b32d0d80d297dd5dcac,129,PAYMENT,11754.38,5.904449062654749e-06,low,1.4761122656636871e-05,False,0
6633cf7671ff0f67f32ba265758f6616e69645cc,136,TRANSFER,2918971.14,0.4175229181954704,high,0.0002238891174783,True,0
106450b3bf858c2b0916eed4de783bc1e7b096a2,202,CASH_OUT,215913.66,0.0002489206846803,low,0.0006223017117008,False,0
e504ad2fa87d75b33a09e9002e3e1e891ae4c50c,311,TRANSFER,872403.98,0.4658429913743525,high,0.0020985254086554,True,0
89641bf85f20d8a2c84d1e8db966ce052ee861aa,181,CASH_OUT,639653.76,0.0005898495204746,low,0.0014746238011866,False,0
3f8b6448c31158e3d4cb011ee603de59a42a6f9f,131,CASH_IN,645237.73,1.857057068264112e-05,low,4.64264267066028e-05,False,0
7eb6522a51d5368b8c5f49040a0ff36b8619c1f6,355,TRANSFER,274922.1,0.4055198441483348,high,0.0005702456110157,True,0
91f3b62d9f02526f89cf479eff4bd6ba1a39e5d5,43,TRANSFER,1228836.99,0.21853409974405263,high,0.0007128487341105,True,0
252b1fe83c4ae79bf014ea211b5a42779ba03ed7,250,TRANSFER,898999.35,0.0901067742356099,low,0.0002669355890247,False,0
fcf913f85cb176379bf681cecb5752ad830252dc,383,CASH_IN,31331.88,6.6779379267245534e-06,low,1.6694844816811383e-05,False,0
125e121be819a8303655711f2d9705704ab2f393,10,TRANSFER,52699.67,0.4010354661238165,high,1.878469811344985e-05,True,0
d19745ea38207dcb6a258139f44142e853d9ad04,238,TRANSFER,27295.25,0.3317413176048104,high,7.695984095335007e-05,True,0
4f98b5cd46fb6344cadf3973398b7f0ed8d7c509,251,TRANSFER,2023544.65,0.5106168896203293,high,0.000895922887139,True,0
d60e5c99494ad2537900d9bcca732518e6f8c976,162,CASH_OUT,1090905.22,8.600001456215978e-05,low,0.0002150000364053,False,0
bbb80636e6e26a21ddf0b1c7a183c6949641c49f,305,PAYMENT,82234.73,8.350867574336007e-06,low,2.0877168935840015e-05,False,0
c883ed773193a3f2c4fee47b22ced96409a4eb9e,301,TRANSFER,9259101.29,0.09001452951401,low,3.632378502516076e-05,False,0
392e8431e9ff681dd4c6b1925b4f5bf72cd36b56,131,PAYMENT,99234.69,1.098978191294009e-06,low,2.747445478235022e-06,False,0
08db57228d1c9135d8e2cfe2ed0717cc3b6f2adf,134,CASH_OUT,268696.12,0.0001449028612114,low,0.0003622571530286,False,0
22d54119edfa96ca8111438b2670d06f5c5150e0,256,TRANSFER,698580.64,0.4498452841232851,high,0.000338441459462,True,0
69cee9281d79b91ba815e290fff8d142615d22a6,249,TRANSFER,3304399.78,0.6875960041091644,high,4.068856287631206e-05,True,0
7e0b911f9639bd3d2cde4bec169d9248cb9ce230,715,PAYMENT,66040.19,9.862509614322336e-06,low,2.465627403580584e-05,False,0
959a4161ce8aaa7f07fd4534ae06d986d486d8fb,11,CASH_IN,1412394.66,5.326500831870363e-06,low,1.3316252079675904e-05,False,0
fdeaf861d5c3b7882d8a322376773c1a1d1359fe,211,TRANSFER,54600.98,0.34275767073884966,high,0.0004886429524049,True,0
fa15a90751e563e299ea64a812684ef85c378288,36,TRANSFER,288520.77,0.3915716754097174,high,0.0002139205898856,True,0
1abe8a02711f1f4076321e9deb1458d68a06c339,164,TRANSFER,633651.75,0.0900279911153484,low,6.997778837103397e-05,False,0
8968bd84b3191eff8d84a7b270706093f4fc26d9,20,TRANSFER,472693.65,0.45531948605125006,high,2.0974734070478007e-05,True,0
2bdfb3342d6d0b9b06e51b0cbeafdbb5f00f70a8,188,TRANSFER,38571.28,0.32940905325496533,high,2.930983782789553e-06,True,0
98c4d2487b09bb82aa5fb79bf513e5ad85d4902a,301,CASH_OUT,413964.27,0.2758591175079345,low,0.6896477937698364,True,0
b52c3f30c0021881391fdc8d74fa3d994e4a409a,395,TRANSFER,7078267.94,0.5299002291340186,high,0.0002346415421925,True,0
770e6704aee606f7d82f2a8222d94f8b895b91b6,140,TRANSFER,2096572.7,0.2689193305503577,low,0.0010483263758942,True,0
7458942a4eb0e55b49d1bad3e26df12198978139,401,TRANSFER,190721.49,0.2777230453636542,high,0.0076170889660716,True,0
eb72b7a6d14dc291d2e22d376b9408fbd35bb9d4,216,TRANSFER,22995.14,0.41288747937076553,high,4.066012479597703e-06,True,0
a9a9e834bd70348d8bd22bd9985d25020fd7d455,201,PAYMENT,22579.55,2.164764919143636e-06,low,5.4119122978590894e-06,False,0
1b49bf40a3ea28dfc6a18c0042cdc013db86a4a3,36,TRANSFER,57389.95,0.48089009279082834,high,1.6362373571610078e-05,True,0
19dce2686b02053bd25b58749fa66f8e31c9e41c,379,CASH_OUT,327011.0,2.63205700321123e-05,low,6.580142508028075e-05,False,0
0e6d5e82184e90ec5a19a412b51a76fe7cc48bb5,206,TRANSFER,10411.67,0.3720600948117924,high,5.840748144692043e-06,True,0
2c85f4649bbb701660909e1793f5c0930f418daa,45,CASH_OUT,216728.55,0.0031537696719169,low,0.0078844241797924,False,0
ed7d99380efb209c2d16e0159bce9307a924bb61,130,PAYMENT,77202.49,5.1740906201303005e-05,low,0.0001293522655032,False,0
ca0a7f11fc70c333afc11e90563f5a866c476e9c,35,PAYMENT,106291.94,3.0578332371078438e-06,low,7.644583092769608e-06,False,0
9c2de307ebc02c1465a543152be4cc3d21b2f27f,189,TRANSFER,18891.28,0.27652038212918806,high,3.785829539992847e-05,True,0
9fa2d56869a6ed98c9428c8a78fcab358948c9ef,255,TRANSFER,2892287.63,0.5075251404388117,high,0.0002606872585602,True,0
ee5a004990489333e454abee5787e84fc7498fb6,563,TRANSFER,43522.32,0.4387406873357119,high,5.46473529539071e-06,True,0
f963ffe56eecb8bd2d013c40cd1be64e67fa1202,281,PAYMENT,8983.03,2.536590327508748e-05,low,6.341475818771869e-05,False,0
11c9f63a0672b651c63b4ea7222d8532164bdef8,204,TRANSFER,46525.27,0.2633588163895324,high,1.750952037582465e-06,True,0
c0bee2dacb1b1da7edc55c3514fc60f205cce09b,41,TRANSFER,4462.65,0.25669992550426274,high,2.9525595891755078e-05,True,0
337e8705dc9fb58e3dac8c7efbed0c5a683b9514,36,TRANSFER,4885367.16,0.5472163704336008,high,0.0006689254078082,True,0
35fc48e5cd75fdd7fd6b014adf128637f27d1f5b,201,TRANSFER,21265.74,0.35323520239053613,high,2.0640914954128675e-05,True,0
e604ee4a57829eec8da9a93e7abaa4c2b9585fb2,258,TRANSFER,18721.54,0.22704477169128334,high,9.192699508275837e-06,True,0
4ba353a4a852950178ef0a09dcc3cc0e8b506662,16,TRANSFER,2145301.77,0.4154875657366427,high,0.0009543097694404,True,0
031aa229d57551127531f24a9890417ac54250e9,145,TRANSFER,24112.91,0.2750531643487449,high,4.621268089977093e-06,True,0
596a7d5916aa29c2f2cb193e90825861a4813631,8,TRANSFER,2778745.6,0.0900629662186838,low,0.0001574155467096,False,0
ae128ad53c88795994b4007b82b9ec3eb55c309a,251,TRANSFER,1096913.13,0.29287995741415446,high,2.105401290464215e-05,True,0
60f2bf33dd6b2695599fc41d8f796c4404d09578,286,TRANSFER,139328.58,0.2601794676794627,high,0.0002455466310493,True,0
dbe93d134bedf573bd2bd545423cd0ff0a9e8f2d,33,CASH_IN,50728.4,1.785295899026096e-05,low,4.46323974756524e-05,False,0
07c4f4d38d6989d086ce0f415fecff022553b102,139,CASH_OUT,791144.89,1.957026834134013e-05,low,4.892567085335031e-05,False,0
a3c2993f5d2a685510763ce57e16c32a1bdf8d20,182,TRANSFER,57659.93,0.3352298257652127,high,2.137354931619484e-05,True,0
bfc4feac856ec11b10e7575a66c5daab17fbf693,184,CASH_OUT,792121.77,0.2104473948385566,low,0.0011184870963916,False,0
77b5d86605948ad9b2a7e21b2840779ad451f86a,404,CASH_OUT,292211.95,0.0003458711318671,low,0.0008646778296679,False,0
0cc2cc6173ca993603700c314ef0def29280ddc4,186,CASH_OUT,437334.39,0.0002234464976936,low,0.0005586162442341,False,0
e156b82d5ae500809a319df678b60a50d2a1024c,403,CASH_OUT,656100.41,4.045771856908687e-06,low,1.0114429642271716e-05,False,0
3b44dafdefdb32ccd1b9e9667911929d648864bb,48,PAYMENT,12625.99,3.500710954540409e-06,low,8.751777386351023e-06,False,0
7a111b18f597fee561e868bfbb8b964d97c921d5,184,TRANSFER,119724.49,0.47836118088978197,high,1.7025853594532236e-05,True,0
d887d09a2c7a730f819b86cb1d60afbdad2aeddb,274,TRANSFER,115912.49,0.2509678035906901,high,0.003610557410866,True,0
481f8da410b9e13dec9481782e17b7f1966032f5,490,CASH_IN,729175.06,7.028209802228958e-06,low,1.7570524505572394e-05,False,0
9aed9160271fde63af5da32e748db3c43962a3e7,131,CASH_OUT,268283.04,0.0004829244222491,low,0.0012073110556229,False,0
2f9ba6b833c618b1479494f54f03b99bca574512,234,PAYMENT,27937.06,1.0004270734498276e-05,low,2.5010676836245693e-05,False,0
0a9cd1376fee47b7722885f41d860c5ebb5e0ddf,21,TRANSFER,96787.41,0.2746102677753603,high,7.88384750194382e-06,True,0
786e60531ac4ada53d2c63b93ab086610312d5eb,9,CASH_IN,322477.81,1.6437523299828172e-06,low,4.109380824957043e-06,False,0
df8e756f7e1a41dbafeb0053cfc34dd928a477da,283,TRANSFER,1592183.9,0.5271178784704846,high,0.0002723693032748,True,0
f5c1aa09c2f5e09363273d250ef66b8d45f4aebe,396,CASH_IN,237477.68,1.5567902664770372e-06,low,3.891975666192593e-06,False,0
e3224dbffb46ac4705c141575b43fb80c6b0d45b,19,PAYMENT,5394.4,4.7007401008158926e-06,low,1.175185025203973e-05,False,0
99b574441eb171d35b6a7f810cd76673aa70e016,188,CASH_OUT,509752.86,1.4194060349836946e-05,low,3.5485150874592364e-05,False,0
614f30a81236dbdd4923807d02348d6c94ee7a38,3,CASH_OUT,57148.16,0.007181192189455,low,0.0179529804736375,False,0
43c24467f1e56ea97c2297980c55a5d17d06d538,188,CASH_OUT,1217619.99,0.2100498405715916,low,0.000124601428979,False,0
36140358e7127084052c35b855308a6b5cdb9c53,332,PAYMENT,45954.6,1.434430159861222e-05,low,3.586075399653055e-05,False,0
860b69ebaf5b0b9e9b950e670bb3a84aaf18b904,322,CASH_OUT,1336436.3,4.109095243620686e-06,low,1.0272738109051716e-05,False,0
cd38c8c57d6ed3a995c63e34f704a8cdc92dd0cc,135,CASH_OUT,931674.33,0.0002824924886226,low,0.0007062312215566,False,0
a6eb00d1a550d5a39a0544c77d259f7d6195be62,14,PAYMENT,26632.62,3.4848755603889005e-06,low,8.712188900972251e-06,False,0
6315673e6aca2fff6605b80d08909c1f80594add,18,TRANSFER,88738.65,0.3473927676258335,high,4.269539658707799e-06,True,0
686b66b33190edae93746a4bd5b8a4257687c869,353,CASH_OUT,496214.24,1.6479189798701555e-05,low,4.1197974496753886e-05,False,0
6ca266a6c8036fc2d7752070911e8525fd51c439,177,TRANSFER,246404.78,0.2234798603626487,high,5.395143944042502e-06,True,0
b3c63832a01c9acea14bca985b29e3f8b1117104,161,CASH_OUT,1281501.67,0.0002434530295431,low,0.0006086325738579,False,0
d397a04bef733b5b6e7698936457e2f19a7096d2,20,TRANSFER,8556499.42,0.0904495094995945,low,0.0011237737489864,False,0
f6978534ceac9a320f391788f8a4233ea2903813,20,TRANSFER,969684.43,0.22602792794308993,high,0.0013387550134211,True,0
f1772ccfe2a34ada29727b94b3d9e8d330eeda81,186,TRANSFER,496544.39,0.6538206896622243,high,0.5074648857116699,True,0
2259e29d2b45ecbac300a49419554e733b34193c,136,TRANSFER,881450.98,0.4798944890201172,high,1.2025633395751356e-06,True,0
b6e3503e5a45d70fc840d21a4eecb9f67f9f4327,119,CASH_OUT,1028676.63,0.0012318233028054,low,0.0030795582570135,False,0
d2989602540c43d141a13c081800af7813f86a35,37,TRANSFER,30835.37,0.3574527815356991,high,2.3563132344861515e-05,True,0
08e9bf0212c80d57762b158d215cde1d6eee69d0,189,TRANSFER,850402.25,0.4783679995409769,high,2.632975520100445e-05,True,0
9776cb102758c408020562e1b84e61e32f0b36a7,139,CASH_OUT,302100.95,0.0004128652624785,low,0.0010321631561964,False,0
13ab78807394c8783ca234f718b82b6a94516f3a,325,PAYMENT,1090.31,1.925842225318775e-05,low,4.814605563296937e-05,False,0
d66f24eea8a0f78fa149f1f95b795b093355384d,378,TRANSFER,327813.51,0.3074903321633908,high,0.006972661241889,True,0
dfda3cb5b9e207ff45c12914c57142edee2eeab9,255,TRANSFER,1064915.62,0.40963779412819423,high,0.0004860044573433,True,0
cc62c5a1ed9a3906e4bee89f1752b3832ce5ccd9,384,CASH_IN,284856.82,3.5084012779407203e-06,low,8.7710031948518e-06,False,0
861863efb9fbe6316d99463da9ba7dabef299d4d,238,CASH_OUT,23248.02,7.866972737247124e-06,low,1.966743184311781e-05,False,0
dd3b8e69ed974c4195304e963ea64381bd5dd63a,301,CASH_OUT,959945.63,0.0005285002756863,low,0.0013212506892159,False,0
2310c976130135d9f12578a74de14f53729727c5,302,TRANSFER,896735.63,0.2460571626060492,high,1.645816723794269e-06,True,0
9b8f1edc87eb00ee6148cb33e548c1c59faa13f4,22,TRANSFER,85169.09,0.3693773294869175,high,0.0016962029039859,True,0
03f41a753aa07ff907047b23072e08049c1272c5,141,TRANSFER,228183.54,0.39677517824705705,high,0.0021203958895057,True,0
003c5d0220ec67c221bab861033f3101df9e3aa5,393,PAYMENT,150386.44,1.107132266042754e-05,low,2.767830665106885e-05,False,0
061ec2be87990548ec033e90bf958774be3bc567,331,TRANSFER,395458.58,0.43375315432145284,high,0.0006125327199697,True,0
5e32c9f5a32bbafc481e486bbab4afb064341001,205,TRANSFER,189896.82,0.32459195147741154,high,1.881838943518233e-05,True,0
ce2f686996032403f2b7a3c60484db7462a7be38,307,CASH_OUT,834838.93,1.7348647816106677e-05,low,4.337161954026669e-05,False,0
97eb7ee3c7aac9ed99a4543cd05b9d824853dd56,354,CASH_OUT,256455.57,4.254606319591403e-05,low,0.0001063651579897,False,0
6dc9ac59d1c272de2088ef0d8c8393f0ae7d0d9f,180,CASH_OUT,329590.19,0.0004849762190133,low,0.0012124405475333,False,0
11e2711806b0d18021a7080b6f85546ccc736c75,179,PAYMENT,41149.85,9.194830636261032e-06,low,2.2987076590652578e-05,False,0
8567f14b3376adf14035b56a12b34268bfa51a2a,372,CASH_OUT,953268.51,0.0002596464473754,low,0.0006491161184385,False,0
7881c7419f405ed04ece5e1ac0c6ef3babe251a2,236,TRANSFER,153247.78,0.20679401463873986,high,0.0018766829743981,True,0
de1a222b804eed2413b35516b219e7cc6adc8145,404,TRANSFER,69383.2,0.24724775906131166,high,3.369115438545123e-05,True,0
ad4666faf0225cd5469932c0415857da5ebc43c7,231,PAYMENT,202446.86,4.662898427341134e-05,low,0.0001165724606835,False,0
816978742f75fd628e710585009fea25b1e7e0b5,163,TRANSFER,183082.54,0.3889047216941839,high,7.274188101291656e-05,True,0
369df15b2de0d7c1bcec4ef5a12f51da994db561,283,CASH_OUT,344547.12,0.0017947906628251,low,0.0044869766570627,False,0
44064c784325b3b5d408d59a248992bcf04b4d05,276,PAYMENT,60340.74,3.5450542782200504e-06,low,8.862635695550125e-06,False,0
2a272380936ca2df4d1f543b2fac726024c6f993,139,PAYMENT,5150.59,1.1644709593383597e-05,low,2.911177398345899e-05,False,0
f7cc9cc8abb57ff5cfef5ff90a1bc03c48064ef5,355,TRANSFER,1049512.66,0.2412790329702644,high,3.032180575246457e-05,True,0
512c6d3e211e4cadf1418ce2a78fecfbbbf9bd8d,330,TRANSFER,176596.21,0.36922641003465334,high,1.2160892765678e-05,True,0
b1dd4085cea0c9107490eb5626a1e3e2ead17908,161,TRANSFER,155197.92,0.21848037060373265,high,4.63082369606127e-06,True,0
59aafc0a60baa71c89dfcd97506d3e5fab980ad6,333,TRANSFER,1079762.37,0.32977888356334956,high,0.0012835358502343,True,0
7ad119f382525ae106af3c5388a1e0ee6cd77ed9,134,TRANSFER,1351778.41,0.3170790035735156,high,3.53722339241358e-06,True,0
22e1641816d85320ba2f6e6923885ad40302ffd5,255,TRANSFER,1206903.98,0.3287285301595236,high,0.0009609683766029,True,0
eae0a80d9daebfce73df77702ab945e1381e4798,402,PAYMENT,4684.1,1.1957565584452825e-05,low,2.9893913961132057e-05,False,0
483ecc06ba10638dd3e20a5529ce51eef927bfba,393,PAYMENT,151258.32,4.228945763316006e-05,low,0.0001057236440829,False,0
00fec25a6b1494c95e0b9551078e2a7883a71e22,153,CASH_IN,83184.6,1.3486904208548367e-06,low,3.371726052137092e-06,False,0
c7a78ebaad78b0745b55aa7a67c2313548e2a48c,208,TRANSFER,353984.91,0.4305700038870831,high,3.7265268474584445e-05,True,0
852a55fa45a8da0d188befb3f234dabc52ec50a5,378,TRANSFER,552935.15,0.38833101404274917,high,1.3463263712765183e-05,True,0
f9fef7f7516d7520ab1495f39aeda0a0b3f58f1b,350,TRANSFER,434940.44,0.36231879399439604,high,0.0020383854862302,True,0
4fcb807d6c9c1597a4b25a44797b1dd2353b6b7e,43,TRANSFER,524647.89,0.20933713823216157,high,2.9710574381169863e-05,True,0
851182d72d367e97ca3f2613c625a844569d9faa,287,TRANSFER,141809.76,0.4168875606502389,high,1.8402606656309217e-05,True,0
d6369f0207bf17d5b00df069643d190a61fc1759,397,PAYMENT,23047.97,1.019342234940268e-05,low,2.5483555873506702e-05,False,0
fda2c2e63177a233674a2c281da9c3d646e3063e,34,TRANSFER,28845.12,0.28123098013272324,high,2.1662333892891183e-05,True,0
07ed7d09fcc66e8c32c2ffc4c222bfa9e7c13f17,402,TRANSFER,159617.65,0.29840242752429286,high,0.0001245396706508,True,0
6cabddac1850b941daaf9ec4764e82ca145783c6,259,PAYMENT,44354.21,3.5010580177186057e-06,low,8.752645044296514e-06,False,0
e5bdcc422e84b50b5ed6ee72e4d6b4f26a1a9f86,136,CASH_OUT,129647.34,0.015677198767662,low,0.0391929969191551,False,0
6ef3918b25260314a0581d9191566b25d745cc45,309,CASH_OUT,143777.77,0.0223973035812377,low,0.0559932589530944,False,0
88a42967aa24642383e2e4474d7c833c79ad2a31,154,TRANSFER,76458.38,0.38627884520291367,high,5.808225978398696e-06,True,0
e542d27cf21b785e63e8c5f01cb0957db9815e39,380,CASH_OUT,373902.13,0.0012537311762571,low,0.0031343279406428,False,0
cefd686662f83d848f2abe58a84b035cf8b2046c,348,TRANSFER,141800.44,0.3411146313871181,high,0.0001498735655331,True,0
277c8a25534a31d28298e83b0824a2a041cac1bb,33,TRANSFER,596025.55,0.28709875864217554,high,1.4954074686102103e-05,True,0
7c14ab1856ec5ed2352b9a2d1bc1ef82ef40ddbe,347,TRANSFER,19438522.67,0.0900015589268514,low,3.8973171285761055e-06,False,0
25d8b2e9d8d69e97df0a4465644bcb56bca1044c,274,CASH_IN,695731.97,7.897521754784976e-07,low,1.974380438696244e-06,False,0
2335f039c102d614f62fe82e40e753417471cac1,211,TRANSFER,515051.53,0.21238593724456148,high,0.0010083992965519,True,0
68066d24fd4b0f189d31803491ee2007efa7a14d,23,PAYMENT,17543.25,5.5216375039890414e-05,low,0.0001380409375997,False,0
eb171f329711e7e9b508b12f443602e031d64035,396,TRANSFER,174615.77,0.28489727801053794,high,8.539380360161886e-06,True,0
b7a61b88591497a73053c1f359b3a32920888937,403,TRANSFER,8054.4,0.40476967684392134,high,4.347035428509116e-06,True,0
0b862ef9db7a92186d9da55748a48d2a9bbae049,275,TRANSFER,326625.96,0.39282070647187933,high,7.780169653415214e-06,True,0
643c5ca50afd6800d56e409d1a437547a9d1a75a,203,CASH_OUT,871504.62,5.052887718193234e-06,low,1.2632219295483084e-05,False,0
ce5d19cb893f23c5e36bc1f7455fd1a381ef2700,20,TRANSFER,203804.58,0.3825666008566457,high,0.000319814949762,True,0
3904eb3e555096530709dc4141bd38876500e845,234,CASH_OUT,522967.84,0.0001232927897945,low,0.0003082319744862,False,0
78b7d2f44287fbc31c500d94dd8fc044685c1d96,520,TRANSFER,596511.0,0.5670295100488612,high,0.0113156531006097,True,0
60fd0ce30624e74d199f1ecd3e684a7af6bbeae6,180,CASH_OUT,1012127.28,0.2102574640559032,low,0.0006436601397581,False,0
9aad12d6c939167303fb9b669fef0acd1cc50ef0,304,CASH_OUT,1199407.33,0.0001713815261609,low,0.0004284538154024,False,0
424a9342811b3c2afbbab1a2528b38ba48d6b5b5,301,TRANSFER,164248.12,0.2708868710822541,high,1.649474688747432e-05,True,0
02617d900e52c94ef6712d1c918b28a920e03cf3,211,TRANSFER,1164527.01,0.28545205016200786,high,0.0011507460149005,True,0
3166c6b560a26d5acd2f3e795db8f631dcd3b468,249,TRANSFER,77087.04,0.3272104305548301,high,1.3252769349492157e-05,True,0
e77561cefb86f01896cb413cef4b58109c1645cb,236,CASH_IN,427391.21,2.4971888706204483e-06,low,6.24297217655112e-06,False,0
5759f9f4b363d9a6805aece1d6a71ccb25062429,405,TRANSFER,6019.48,0.31002512381876696,high,5.4853494475537445e-06,True,0
90697f1d44ce5f44479bfe622624bd5ae574eb40,183,CASH_IN,2086627.09,4.983554845239269e-07,low,1.2458887113098172e-06,False,0
04044ac5161645e914454914f06f00fb612e3e61,138,TRANSFER,243415.83,0.5938922393818097,high,0.0068321777507662,True,0
2b04dff4bdf9a66e4dec729cee30abf04d216769,428,PAYMENT,117295.37,1.1437818466220051e-05,low,2.8594546165550128e-05,False,0
22e65741e1a18ba27955eaadda1cb4b97a624313,396,CASH_OUT,1920895.75,0.2103623016644269,low,0.0009057541610673,False,0
9f866e3e8c54b3175fc85a1d3c381e9e37a284e2,22,PAYMENT,4873.18,8.579959103371949e-06,low,2.144989775842987e-05,False,0
b2d6c126f5cbf63d4193f3d6907bc71f159b0319,321,CASH_OUT,1169507.59,0.000430823303759,low,0.0010770582593977,False,0
ac5ee9d6d164c6d93314ec5ed8b10fbdc5cb96da,354,TRANSFER,3133338.85,0.49327542563116217,high,0.0008567031472921,True,0
9ee649eb897b88c39f2721770db89f5c5fad984f,505,PAYMENT,41855.05,1.6258578398264945e-05,low,4.064644599566236e-05,False,0
9838a8394d497ce1f4a2704a7e095598a035b3c4,186,TRANSFER,30322.59,0.208475255730274,high,2.349019268876873e-05,True,0
c04ed8bdde75e7be63c305d62882d7dc1bb10703,303,CASH_OUT,459569.69,0.0078550294041633,low,0.0196375735104084,False,0
270b0da4f65b0fcaaf83212a460a6004cc2eb984,39,CASH_IN,1065121.57,5.291515844874084e-06,low,1.322878961218521e-05,False,0
d4caeafe748069018621261cba58c7909b7e2e5d,429,PAYMENT,10590.99,5.10766803927254e-06,low,1.2769170098181348e-05,False,0
346b7017fbba86ddf63ef3987dbd1d0f06ec1373,380,PAYMENT,43147.25,1.7306940571870657e-05,low,4.326735142967664e-05,False,0
2af576e33a04d585dc7cd5a0f123b67c46eb411d,210,TRANSFER,139697.07,0.36914339530317564,high,4.064744643983431e-06,True,0
6f6ebc44bf9bed8fb86b6d455e2360c8a109b38e,329,TRANSFER,42147.82,0.2772168322506707,high,1.3988557157063042e-06,True,0
f1ef81f9e925da5c5d10486b0b1d9091c1f0cb4e,252,TRANSFER,44994.68,0.3860401250450227,high,1.5840902051422745e-05,True,0
c2dccf12f3b277f70546f6a75b3af7bf1f4446a9,163,CASH_OUT,830417.35,1.7318149912171065e-05,low,4.329537478042767e-05,False,0
8bf49f0b897228403ead9ccab4c27f455e0d17d8,203,CASH_IN,721156.58,1.0154128540307284e-05,low,2.538532135076821e-05,False,0
0cbff6364baf7103f914f05f8c7c431518a7c176,129,TRANSFER,5841.88,0.2611396495084907,high,8.211196109186858e-05,True,0
3eb953edd1618bc76b9b6893f28c2ee38b2d13cb,380,TRANSFER,276151.18,0.2341356822170806,high,0.0016981975641101,True,0
58b4ed534fe8a22bcf63f3b7f9f1e706995cec1e,395,TRANSFER,9477.21,0.23602663008380087,high,0.0001572247419971,True,0
50cf84d67db7841e14e2dbb2f9aea7963825533f,234,TRANSFER,14885.4,0.49972323047392664,high,2.8063055651728064e-05,True,0
b504f8c6548a59e322b5d2aff22762e526a99a29,16,TRANSFER,60389.61,0.3236998033270458,high,1.6463174688396975e-05,True,0
c91f2a677d4534ccf7b02a9a0ab4371748fd5cfe,37,PAYMENT,11003.06,4.989261469745543e-07,low,1.2473153674363855e-06,False,0
c3c64d8342f0507d19dac0526d93a7f10d6409b7,153,CASH_OUT,329414.33,0.2191835409402847,low,0.0229588523507118,False,0
b9d886969524e30efa0d9f98d67d385a181bbede,302,TRANSFER,587159.46,0.20599769020684902,high,9.282344763050789e-06,True,0
73b40386c8d1f2bcdf7a32272f9bfaad2a982bf5,522,CASH_OUT,176940.86,0.0004164395388215,low,0.0010410988470539,False,0
164ccb60b34c1bf14a236dc7dcd3b776f5d47051,308,PAYMENT,14649.78,1.2137493467889727e-05,low,3.0343733669724315e-05,False,0
d201e4c87787f1ab2bd43c866aaccbb9cbf1b908,183,TRANSFER,16460.89,0.4743926062104661,high,3.2082247344078496e-05,True,0
599679cd9102e6f4e56cac0ab4e6372076e2efea,307,TRANSFER,56905.99,0.4138666709133864,high,1.9587093902373454e-06,True,0
4c4ef05cc19e8792bf3c49221cee6d84f8f30a16,15,TRANSFER,3237672.91,0.3401409594490329,high,0.0026330824475735,True,0
64f407168c2fbcf802fb38679d510206283aaf0b,302,TRANSFER,653005.68,0.4923977964407029,high,0.0001629618636798,True,0
2f87e5c85602a9995a051e935471e28ca3f7896a,372,PAYMENT,32300.46,3.650609141914174e-06,low,9.126522854785437e-06,False,0
6019e84cd7a44610c7b6ea9796987bda889eb232,371,PAYMENT,44277.75,6.451862282119692e-06,low,1.612965570529923e-05,False,0
c2cebd4509d25ee9b34d3814659b8faf8b87029e,163,TRANSFER,9882.73,0.45481787609186397,high,1.026448330776475e-06,True,0
8b63540d25344fb058fecda0abe1caee86a96729,380,PAYMENT,40713.54,1.084716132027097e-05,low,2.7117903300677423e-05,False,0
7d461326478d8391055ecf7d669dadc0423828e8,9,TRANSFER,1288610.17,0.2764364873815575,high,1.190038074128097e-05,True,0
e3476d6810aea7ab76cbccc0e66e0af2ec0fab24,188,PAYMENT,17903.48,8.049285497691017e-07,low,2.012321374422754e-06,False,0
8ea50ad57caf1bba1ea8e85f860a815a34647870,331,CASH_OUT,242347.38,1.260200224351138e-05,low,3.150500560877845e-05,False,0
42f5b60f2b4fff968b2bf2f5c52c5db9f281baa5,400,TRANSFER,89227.2,0.35484359100111706,high,0.0002143990132026,True,0
da9d24b82303835ebd73124ad0a3a0852d92d78e,187,TRANSFER,12418.73,0.35697376631459604,high,5.844522820552811e-05,True,0
5076348ac8e1212b90021fda49f66dabb2058bb9,261,CASH_IN,196617.39,2.2145371985970995e-06,low,5.536342996492749e-06,False,0
96a59fd82d7529bb2e509c1e15414aba5b1b2ae5,201,CASH_IN,148005.71,1.7468202713644134e-06,low,4.367050678411033e-06,False,0
820627b421faa1d6adda77ffb2009c0711c83929,153,TRANSFER,483484.09,0.2933631891292206,high,0.000110096494609,True,0
deb9b21f29233f17bbb7c763db31a66d16e7e1d8,380,TRANSFER,140253.76,0.4386760657679836,high,0.2966402471065521,True,0
9be837066ef83eca74e53200ae105cd473362c62,95,TRANSFER,15377.26,0.24007597505091996,high,6.806130841141567e-05,True,0
6cd158ac09437833a14b005e6fedc001bf64ded1,276,CASH_OUT,105537.79,1.3068289263173938e-05,low,3.2670723157934844e-05,False,0
b4d51bf5e8adfa7fb31dcca1c908cb7d2973817e,15,PAYMENT,58354.74,5.281226185616106e-06,low,1.3203065464040264e-05,False,0
7d6406b1c21a306f5501bb49da151a718ebda58d,11,PAYMENT,10748.41,5.791484727524221e-05,low,0.0001447871181881,False,0
403f8e0b0307cb46b1372129a3064fba04f3b594,377,CASH_IN,597508.37,6.237467005121289e-07,low,1.5593667512803222e-06,False,0
4e5b235eb24894b4242fca6625b5b5e55c401f1a,260,CASH_OUT,687135.41,1.936767512233928e-05,low,4.84191878058482e-05,False,0
a6c9aed2adcd4f74c9e6061f817c1b01fe2f1591,159,PAYMENT,1915.34,4.116779564355966e-07,low,1.0291948910889914e-06,False,0
07bb628b207b12c9af7be946704a54a66cab7660,281,TRANSFER,1656827.3,0.4005501868014531,high,4.749260369862896e-06,True,0
b0bc0937a779a5ed91ddd0c43fd3bd0fdde1930b,328,CASH_OUT,725614.29,0.2106411849986761,low,0.0016029624966904,False,0
050b044a07f076b3750bb6b9dedc1f4dba277c05,332,TRANSFER,235487.58,0.46437506782244226,high,1.2757802323903888e-05,True,0
6c65b9b8a1041e781332f7cbb4fc80632b76245e,226,TRANSFER,392585.59,0.36432055368978583,high,0.0005392130697146,True,0
582676916ac02fa245f8f81ab462026e75bbb2ce,279,PAYMENT,20916.27,1.3667971870745531e-06,low,3.416992967686383e-06,False,0
a63d3d24fe743068c395d8cc13569e95fbab966a,402,CASH_OUT,1023038.85,7.756317791063338e-06,low,1.9390794477658343e-05,False,0
15c205851da795cfbadd5617a39b943644821c54,42,PAYMENT,89347.51,1.6834341295179912e-06,low,4.208585323794978e-06,False,0
8b0c4c9d7e6fe25c260eaf57725caf5e8f303566,656,TRANSFER,13628.45,0.45963001695015726,high,1.1506588180054678e-06,True,0
2ad2d1424d66b5746d3d0f1661f273003c741900,236,PAYMENT,2870.09,2.628778456710279e-05,low,6.571946141775697e-05,False,0
4563a6c0558c9130335004e70445b71e483259e8,542,CASH_OUT,1497379.94,0.0001276007620617,low,0.0003190019051544,False,0
ef4d58df724be531f4d0e469313e76093f9fdb36,301,TRANSFER,3510.62,0.2914868970467764,high,3.373365325387567e-05,True,0
e448392645f7588e88f62b0562f73eb14b3f38f6,38,TRANSFER,1224706.31,0.3556132013716993,high,6.707208285661181e-06,True,0
9b32c5210a82a641307a5e27c7b5ad4024c58f51,301,TRANSFER,488055.07,0.0901079238019883,low,0.0002698095049709,False,0
78bb4cdd7b5ed020a0ee18411c5b02bac95ed846,35,TRANSFER,794416.27,0.398240397234013,high,0.0002551341021899,True,0
a0980dd83f7a3e4387888888284330944891581c,181,CASH_OUT,1177172.88,0.0002134484471753,low,0.0005336211179383,False,0
78e4ac679d4157fde610059ae99d3ef9195390da,323,TRANSFER,354643.57,0.2653527454649298,high,3.8947496250330005e-06,True,0
3e8c5d044591a4331bd8cda997df1b33852d29df,404,TRANSFER,471872.86,0.46154153204044235,high,0.0037222832906991,True,0
188936e588c6c7fedf92a29a26fd978292942a5a,187,PAYMENT,12898.3,4.521845767158084e-07,low,1.130461441789521e-06,False,0
f1b177ea8c2d540f4a35f5d28c1fa9892218107b,227,TRANSFER,487185.22,0.4768854839382453,high,6.1449654822354205e-06,True,0
4a20e9760885da67da1b918380ecd8a1d1678233,284,PAYMENT,38355.05,2.2540072677657008e-05,low,5.635018169414252e-05,False,0
4272ad3b5a5df82e860d220b75683ce90b3d6d2a,401,PAYMENT,201186.52,0.0001103911432437,low,0.0002759778581093,False,0
c76e371d5ee48da691dac11bd2fb9ff71394186a,256,TRANSFER,262103.49,0.36098630954104155,high,4.453705514606554e-06,True,0
67c9842f4f4dc6fae3ac931ba7fcbb6d493007f2,400,CASH_IN,761835.95,3.230317815905437e-06,low,8.075794539763592e-06,False,0
d14b2f17fffcc8db0a9edbda8d81e2e8eff10323,164,CASH_OUT,751008.28,0.0004067377652972,low,0.0010168444132432,False,0
37d86fd576f2a3895dd114a46cf01e007bad2f35,132,CASH_IN,1104708.18,7.313887181226164e-06,low,1.828471795306541e-05,False,0
b6dcfef900c57f3c8aaf9594aca92627ed9b8fa3,140,PAYMENT,1540.89,2.628933871164918e-05,low,6.572334677912295e-05,False,0
ad9ad8f48d9bbe1e05ab055f04973f452ac75b66,324,CASH_OUT,460405.02,0.0004214236978441,low,0.0010535592446103,False,0
60ffac437a2364be84ef5d19ebf2597a9509fb4e,227,CASH_OUT,1767577.35,0.0005139439366757,low,0.0012848598416894,False,0
eb41b848aac07b0b2c2f9959a79cde03243b441a,210,TRANSFER,138264.08,0.2108720910528124,high,0.0001615475048311,True,0
55f1291ffafa6e89ab57dcd18cf6c0fabe526b0e,203,TRANSFER,1923512.65,0.0901050925347954,low,0.0002627313369885,False,0
5204397d8ba9332bb4aa6183ea920796581189bf,254,PAYMENT,52301.84,2.2573385649593547e-06,low,5.643346412398387e-06,False,0
2f4d16c0febabbdeee9b30de7df3e4f9496ac3e1,375,CASH_IN,1077832.76,1.094980470952578e-05,low,2.7374511773814447e-05,False,0
e0b6021491028f5ea4e271f9b889c56878f14b2f,281,CASH_OUT,394695.49,0.0002401698147878,low,0.0006004245369695,False,0
624f75179262a50c45b8b9f664b74adadb6ca285,406,TRANSFER,251250.74,0.3506705984290011,high,0.0034036489669233,True,0
6dbb6dbaad482102ff9b80c697ad31bbb4d4627b,525,PAYMENT,3026.87,2.253867278341204e-05,low,5.63466819585301e-05,False,0
8bcd17b57aaea26ec82091b921ab75c214c6d1cf,383,PAYMENT,15737.7,6.514069391414524e-05,low,0.0001628517347853,False,0
808f2c01a23a77f3abeb8f2a93bc8609a13a24a9,587,TRANSFER,49415.48,0.2557012860670682,high,9.943454642780123e-06,True,0
9953f457239f9c0400642fef4978b0ef8305e831,259,TRANSFER,24514.68,0.25726649282429737,high,2.372131575612002e-06,True,0
5c603b43865f238970cf258ae10fe1334dfacde6,186,PAYMENT,107047.86,5.62270543014165e-06,low,1.4056763575354124e-05,False,0
2d689f1d568e3e03568a16a14e1536dd1aa7e94b,36,CASH_OUT,322975.95,0.2256738117337226,low,0.0391845293343067,False,0
f6e2e82bd8c48db5945bdccd6830ef82e2b8a488,135,CASH_IN,85447.68,1.5915653420961465e-06,low,3.9789133552403655e-06,False,0
8a19354b8919c2db4ecbe0d7a53bff891b1a1206,138,TRANSFER,1594768.61,0.2629373375725908,high,2.2848471417091787e-05,True,0
1b3de7742cc73cfadf6606f9a2ef51f39c33c392,205,TRANSFER,1058431.87,0.22734636711857323,high,1.733372664602939e-05,True,0
7998cbb685ee29937db49684605cddd5c194edec,348,CASH_OUT,1992894.62,7.890602864790707e-06,low,1.972650716197677e-05,False,0
9e14a4e010170c5db33d0ef47ec378787f886ea9,352,CASH_OUT,454057.83,0.000408627372235,low,0.0010215684305876,False,0
76f0d63f12721f910d19dc9a8d0ff5d2a7c9cbdf,41,CASH_IN,893368.0,9.19650628929958e-06,low,2.2991265723248944e-05,False,0
3a434089eb300ed3407177fce69fd296684f4ca1,160,CASH_IN,485923.99,7.942188676679508e-06,low,1.9855471691698767e-05,False,0
fb372dbbc15e334388dc57e2aaab10ef4e22da2f,228,CASH_IN,512960.18,4.116013224120252e-06,low,1.029003306030063e-05,False,0
81e84d8a5ffca5c65270b099444cacd2443cbce6,370,PAYMENT,78926.65,6.337847298709676e-06,low,1.584461824677419e-05,False,0
3f10f707cc6d03b8330a8427d43e9681acbaf521,165,CASH_IN,914215.21,4.2787447455339134e-05,low,0.0001069686186383,False,0
3706782c5751f56e6ec58bd64d60c95b39ac0dd4,38,PAYMENT,27247.99,1.6707685063011014e-06,low,4.176921265752753e-06,False,0
01e4e2e9a2d2feeaa604b5bbbe352fd1053a443a,16,CASH_OUT,2420839.84,1.1841127707157284e-05,low,2.960281926789321e-05,False,0
0769360b03c9012595e0761c0fc355b9cbdf3b06,18,TRANSFER,561300.93,0.48436360131944495,high,0.000721831980627,True,0
5b6a3f2b33eaade306d1702e0c5720cdb06aa729,160,TRANSFER,384436.29,0.23194141590508907,high,0.0003516703727655,True,0
6de86218d637adb54882317492394ebf537c5e79,42,CASH_IN,195506.21,2.1147758161532693e-06,low,5.286939540383173e-06,False,0
6e015892833cf22b194302bb1f4f2493fcc2bd98,18,CASH_IN,998451.58,5.00155620102305e-06,low,1.2503890502557624e-05,False,0
8e5451dcbae62768df8fc559e72528581d284f26,154,TRANSFER,925040.68,0.0900705362530425,low,0.0001763406326062,False,0
91f428106ea03154109288bce5a5c649fdf2c57e,255,TRANSFER,100222.38,0.40999855427975695,high,0.0038976522628217,True,0
f3930b506f72c0832a0a713e46c7b9e615756dd6,184,TRANSFER,3370688.1,0.0900006559484063,low,1.639871015868266e-06,False,0
6366c7fb22c83dd225c06687cf55e50774ab202b,260,TRANSFER,1488906.87,0.3036227326676199,high,0.0004074793250765,True,0
60b6d8163e0a89b7f4ef67754dbfe479c28e7e6a,324,CASH_OUT,1427198.09,6.551807018695399e-06,low,1.6379517546738498e-05,False,0
45f2583a8b7b75c05f6987170f05230bc4ac4ad7,308,CASH_IN,471758.39,0.000245836097747,low,0.0006145902443677,False,0
587d0a0d55a304b00d8505550b63a7e2d77505ce,208,CASH_OUT,958947.35,2.3571325073135086e-06,low,5.892831268283771e-06,False,0
091313a1e5dc81934962eeec489c2c360a6e2a74,403,CASH_OUT,959236.12,0.0001780002028681,low,0.0004450005071703,False,0
996edbdd14c1ed8e82201748d4497a95f1692d30,302,TRANSFER,368430.89,0.24463597452754485,high,0.0040832697413861,True,0
45846e55d8c6d2fa0ff5a467febefad8001f2147,299,TRANSFER,1343859.86,0.48674350161774144,high,0.0014713365817442,True,0
97ee010c2ec1a3817c4a381d6f7a1e7644c85422,182,CASH_OUT,452102.71,4.294510872568936e-05,low,0.0001073627718142,False,0
0918380f059fdc3f59666b288efae4478fe81cac,11,TRANSFER,666311.99,0.090170887238346,low,0.0004272180958651,False,0
f894b497293ba2e2f7f5a963821e2d3e460a0e5a,136,CASH_OUT,1382525.75,0.0002078773453831,low,0.0005196933634579,False,0
5923edb13c5891c6e85665c6be4a075182f8090a,302,TRANSFER,3173.37,0.22292203450308434,high,3.373365325387567e-05,True,0
d8db0335693e179c72d5269c21e01cc02202419e,378,TRANSFER,354983.99,0.26071403524115966,high,5.362397132557817e-05,True,0
d9d4bad131d8c0b634fa4a05a4e8263620384097,356,TRANSFER,68879.75,0.21646917177372485,high,9.23488914850168e-05,True,0
9907c39d14429af9dc719b06df56db08272e6dbc,330,TRANSFER,100951.53,0.24182356030844127,high,1.0863430361496285e-05,True,0
cd94557584291521dc7e50923dda803a4afafef3,372,TRANSFER,309341.52,0.3483649259913099,high,0.000799196655862,True,0
c29631c27b444a356f30a3aabe55b8caeae437e6,228,CASH_OUT,880379.14,1.3038154975220096e-06,low,3.259538743805024e-06,False,0
809e1b3046dc9855ccb0f93d5f6812c2975cf949,544,PAYMENT,1968.66,1.5733928012195975e-05,low,3.9334820030489936e-05,False,0
8c249b62bcff5283a53d5a33da1dad1c69b32493,396,TRANSFER,51243.21,0.3323151879101298,high,2.400184712314513e-05,True,0
bf243d7e31f1c62f0abd50c579f4a087706d6033,263,TRANSFER,19971.32,0.37437561623713267,high,3.773452817767975e-06,True,0
977f7f02df0cd187891bd47550f7fc875919fcc0,202,TRANSFER,456974.29,0.27053964586532636,high,0.0006798575050197,True,0
a6e3abf1c0c30614d67e5350af8e676cab5edf59,13,PAYMENT,20276.9,7.632695087522735e-07,low,1.9081737718806835e-06,False,0
6a4532dee25b38d0a068ba02087d370492c80912,394,TRANSFER,101503.52,0.2218213807012608,high,0.0006772994529455,True,0
bd2e4476534898a6b1de109ca8297e1dc073a827,279,CASH_IN,453949.2,4.481029100134038e-06,low,1.1202572750335094e-05,False,0
9cb3879e2f97607de0bb90a8cd93aee4ad33c940,260,CASH_OUT,695402.18,0.0002255748258903,low,0.0005639370647259,False,0
ae240d79a36418d4178466a61dd2c3a89e7f0823,330,TRANSFER,59595.52,0.49735626378538356,high,0.0005590252694673,True,0
da31cf49bad11cac2b0facff4ab8d5322b4091ad,14,PAYMENT,119540.73,6.563874776475132e-05,low,0.0001640968694118,False,0
106f2200f21bad19238ed4dd41b04a15695f66d5,18,CASH_OUT,1695890.37,0.0005349675193428,low,0.0013374187983572,False,0
33623b31f941ed3acd90e4b1bcfde9ddd2a2434a,189,TRANSFER,460035.08,0.3281781335740394,high,0.0031305442098528,True,0
8869d5ebf3fa2f7c253144126453b08e54ea8ce7,162,TRANSFER,111258.18,0.2242529477262793,high,0.0001220855046994,True,0
e1e87adc406fda0aade36be321147f094f34c3b4,19,CASH_OUT,455050.9,0.210997406989336,low,0.00249351747334,False,0
42f4acbdb30d76d3dea63b5e266ea1afa6631024,183,CASH_OUT,1047898.02,7.4838724685832865e-06,low,1.870968117145821e-05,False,0
29e51525daaabc3066c6a9bd23c48db871a92cba,16,CASH_OUT,1277824.35,0.210077281956328,low,0.0001932048908201,False,0
2ece50c8126ad29280a27cad2e4221443df8f26a,405,TRANSFER,354568.77,1.529860164737329e-05,low,3.824650411843322e-05,False,0
89983ec92b22966819bb797a9873f6e6eeeae7be,157,TRANSFER,68325.39,0.33596171334668373,high,1.0332079909858294e-05,True,0
743ecdcc91264f242fb77bcf6b5b53ee355a4b88,354,TRANSFER,1690150.97,0.0900768481986597,low,0.0001921204966492,False,0
9504c06cd283ec1e8a7a66785732d597e4d7052e,18,CASH_IN,756323.44,7.229726907098666e-06,low,1.8074317267746665e-05,False,0
f4874c2f9c59071f51fa36d9ac02fce1f9febb28,185,TRANSFER,178305.14,0.41490323488106096,high,0.0001831092085922,True,0
f1d5fdf50c62b3f7d3a7f90bd0cd2e2f8d85511f,264,PAYMENT,4668.91,9.650960419094193e-06,low,2.4127401047735475e-05,False,0
386648234b4a288c2c77d91d2201f2da38503a9b,299,PAYMENT,4688.92,1.091208978323266e-05,low,2.7280224458081648e-05,False,0
0812d01499e7c4e5aa2abb30def9d5a1499d5853,324,CASH_IN,2097633.15,6.911544915055856e-07,low,1.727886228763964e-06,False,0
491f8d5af91219bf7e7f5259561ad202e8d3725f,229,TRANSFER,10190.72,0.36151848054277613,high,1.083791971723258e-06,True,0
077ec8a4375ed36aa93c81e5412c4941417d0828,346,TRANSFER,1508204.5,0.46526159186295335,high,4.956679549650289e-05,True,0
0249c54f87a8440768451efb44c07f7436e93cda,257,PAYMENT,97790.26,1.8780613027047368e-05,low,4.6951532567618415e-05,False,0
4789d9f1186c999280f3964a70ab75a6fd128416,191,PAYMENT,297.26,2.2440694010583683e-06,low,5.610173502645921e-06,False,0
3e5f96d79ff85ed0f73b988d32b9df1bb5431de0,235,CASH_IN,262395.13,0.0002678991993889,low,0.0006697479984723,False,0
15193ae9cb3a54719cf480797e9da75460f9df4f,205,PAYMENT,61043.46,1.986593269975856e-05,low,4.96648317493964e-05,False,0
6609f22aafc4bcb7347d6f62b9bb5496ff638e6e,321,CASH_OUT,27205.76,0.0017471678555011,low,0.0043679196387529,False,0
9d1fe4d2866a7f6a0a8ad10a1d2cb6c10abfd476,44,TRANSFER,267613.0,0.2517682202681199,high,0.0001451307471143,True,0
abf3c1a0c73d6282f02bae747f22fb793e98dc73,163,TRANSFER,17001.96,0.4891760552667048,high,0.0256139505654573,True,0
dcc41744019e8c2465ff28c432cf61f895fc30aa,371,TRANSFER,4364.05,0.21291314681644138,high,3.0428986065089703e-05,True,0
49d196375a83fc5e55d5b4983c81ad7458e6415b,138,TRANSFER,317197.5,0.36954644308574347,high,5.023192443331936e-06,True,0
7aae097d277d5b1192168e2763e0d4b662203533,156,CASH_IN,320662.03,0.0005734251346439,low,0.0014335628366097,False,0
69c661679158df4151ed95d541d5d2c23cc93db4,331,TRANSFER,176807.61,0.27521000251454625,high,6.835048407083377e-05,True,0
403221458e4186ec35db4d5752a6fedf661922b1,347,TRANSFER,1726620.12,0.3358394836555748,high,1.990030432352796e-05,True,0
2aee6ad6e0deab32ece9e771da1a192cbdbc73dc,331,CASH_OUT,205295.8,0.000324072339572,low,0.00081018084893,False,0
ee6ba3b99ad2b178d6c593ddfe7232c9090fbd5b,10,TRANSFER,59355.32,0.41638764923054744,high,1.6513633454451337e-05,True,0
fd6f8c6318f257ba425d9f1609c315d56a4fc871,119,TRANSFER,88424.16,0.26655025143839295,high,0.0001027673133648,True,0
57169fb422510ee5f5b6d36b8a4af1c6a16c1815,177,CASH_IN,224948.31,2.309939554834273e-06,low,5.774848887085682e-06,False,0
c2e81d9817e671c2ce447d80c8a1739b7272b518,211,TRANSFER,12808.28,0.2944742375526022,high,2.673517337825615e-05,True,0
4245ef50d825e0b558466a8892d46ed1268a37f2,9,CASH_IN,476719.93,6.274365296121687e-06,low,1.5685913240304217e-05,False,0
6cda9284ddb2c61b61440569142d42ffedd8ddfe,261,CASH_OUT,198186.89,0.0009982019662857,low,0.0024955049157142,False,0
d2645acce4cbbaf8b55b1cc1a5cee9c46bcf0b11,184,TRANSFER,43473.27,0.4840806171242613,high,3.2324460335075855e-05,True,0
bf146823cdd7cc74b7dd05e46a206cd973a6d455,372,CASH_IN,69594.48,0.000211299280636,low,0.00052824820159,False,0
66a68f267cba1c0d7f9fb996f5e3886b160a8a3d,133,PAYMENT,181052.99,0.0004663249943405,low,0.0011658124858513,False,0
132583310d18c58f3507bc4836a6f186b3f34811,163,CASH_IN,526122.0,2.9906475901952947e-06,low,7.476618975488236e-06,False,0
210e0cb588f3abb9b7304f10b5a7de12b3878a21,281,PAYMENT,24381.5,2.321746615052689e-06,low,5.804366537631722e-06,False,0
dc4b1b441f8047fc10fa0e2b7a29e856bc8861e2,139,CASH_OUT,766379.9,9.82492812909186e-05,low,0.0002456232032272,False,0
60ba73e3e17f887d7981ffd480cef26409a9d439,335,PAYMENT,4114.3,6.544225470861421e-07,low,1.636056367715355e-06,False,0
606dc265f36c7387c5cbc83a36b44eb682799f0c,308,CASH_IN,711991.96,1.274172100238502e-05,low,3.185430250596255e-05,False,0
8a233e9427453590ddaa56de30131eda36047c5a,136,TRANSFER,359771.72,0.36396899764969565,high,0.0003178740735165,True,0
4ca253020376ae4c18148f41340fca4cd2aedb5a,307,PAYMENT,20307.61,1.6959231288637966e-05,low,4.239807822159492e-05,False,0
57f2ad365ffddb86985555117b5bd95fb0c839e7,228,PAYMENT,5818.01,3.822924099949887e-07,low,9.557310249874718e-07,False,0
e1ef2bb5a20cd2a9b9dbe80b6f2852369c6bb80e,15,CASH_OUT,513584.26,9.944039629772304e-05,low,0.0002486009907443,False,0
6040be7507804b939f4c1f657df2fb181a6e14f9,258,TRANSFER,12309.13,0.45405697256415384,high,1.710015203570947e-05,True,0
53174068b0e22cc972591d477196bfdb2d20b55b,146,TRANSFER,161891.15,0.31455190893256935,high,0.0022478546015918,True,0
c89e053a83f1f329d24b7b25352488526d28a5de,154,TRANSFER,248890.48,0.0002068310044705,low,0.0005170775111764,False,0
98b4759a66ca9b5c32157e5668f3840afede2a6c,225,PAYMENT,4591.97,4.734337926493027e-06,low,1.1835844816232566e-05,False,0
346ed15b72a919d6bc17ba148783a51194077fde,155,TRANSFER,25590.4,0.4260506556911102,high,1.2166435681137957e-06,True,0
ae2337aee66b8be205286e402e3cd2aad4a97c08,44,TRANSFER,646950.65,0.24060562651339248,high,5.261990008875728e-05,True,0
ee9af0c6d5706fffb4326a6576b735f69b7b03cc,236,TRANSFER,59834.92,0.4774059895124388,high,2.730903725023381e-05,True,0
403408d4888c14f9e8ccfa2901feabf1e672e2ac,18,TRANSFER,122799.3,0.0335296392440795,low,0.0838240981101989,False,0
0fae3c198cd4e7126cf0b91eb982a755add1a1f4,18,TRANSFER,35661.63,0.27794062735927466,high,2.8841784569522133e-06,True,0
47be8151387b02432de3655d3b3da5b595a1d30e,44,CASH_IN,538026.82,7.667644240427762e-06,low,1.916911060106941e-05,False,0
0223bd73d06660d3ebcb9a17ffc78a77e86f034d,232,TRANSFER,193229.1,0.27952554987919465,high,5.908266757614911e-06,True,0
95df3b96268624ba4508e28d6dfdd2a8513c47f8,377,TRANSFER,776982.96,0.31002785768664815,high,2.6514528144616637e-05,True,0
96768868a5335a0c9dfa242d840f33a4502c1807,13,TRANSFER,318712.05,0.4152787252649183,high,5.716365558328107e-05,True,0
a38b660b7c91b68a15dad38c4b572aa0cde4d5bd,371,PAYMENT,2237.13,1.4220859156921506e-05,low,3.5552147892303765e-05,False,0
4e57724d3caafcdbd02e4a67c90eaed573a5f4cd,327,CASH_IN,167506.1,1.9526934920577334e-06,low,4.881733730144333e-06,False,0
e65a9aac63df91b39e81e7be084624f4645255cc,397,CASH_OUT,1208801.13,4.309817813918926e-06,low,1.0774544534797316e-05,False,0
94f5c338c5744365e4e688b8a0749ef2f5066b66,17,PAYMENT,4600.47,5.96084782955586e-07,low,1.490211957388965e-06,False,0
84b72e3f834f0a5e004c726bea016e4f216e9005,16,TRANSFER,390990.25,0.44846131623424473,high,7.440307399519952e-06,True,0
59656f74f98c9d9f4fcc4bfd959d6375a475502f,534,CASH_OUT,1248180.14,0.0003802510444074,low,0.0009506276110187,False,0
2773951c9fa99c0be6b901d0e5a582b50f2e09d6,226,TRANSFER,1419944.1,0.2879151675680956,high,9.663095625001006e-06,True,0
f5252fb087aa02ab9b89c7189aedbe5ee11b6a45,45,TRANSFER,1503026.87,0.5761578063557858,high,0.000329329399392,True,0
c4427dfb7a8981f4888995a363568f1c87df6651,163,TRANSFER,2609975.44,0.0900317012221785,low,7.925305544631556e-05,False,0
c00b146ce39ce36944cf7eed63ed002f3b625a18,237,TRANSFER,23059.16,0.44005105707674086,high,6.909079820616171e-05,True,0
bc9b6d183d034500d8d8fedcd7835da613e566e1,260,CASH_OUT,948726.52,0.0009390451945364,low,0.0023476129863411,False,0
1721522b59329ad7b3885cde0270e836d3a940ac,133,CASH_OUT,1541380.17,0.0006104630883783,low,0.0015261577209457,False,0
3ed6cf4ad99071a32ec153bcda4abb7305d4093a,379,PAYMENT,69642.35,4.799385715159588e-06,low,1.1998464287898967e-05,False,0
a6e8f9e7a24eaeec432ef56082a8a54a97282d65,235,CASH_OUT,529358.96,1.9784542382694783e-05,low,4.946135595673695e-05,False,0
e6ba236f09b43305676ce60ec29dfd565703b583,667,PAYMENT,8999.4,3.703474794747308e-06,low,9.25868698686827e-06,False,0
b779a2d7976592bb7e3542b66e5a2dc507320398,346,TRANSFER,58122.99,0.43674842736620745,high,1.4538513823936228e-05,True,0
6d838a21df52b7546a7c8b5e4340dcf241de7fc1,202,TRANSFER,283693.09,0.2843959389734195,high,3.4670281365833944e-06,True,0
7315f6af415aef2d74408bcba9978b82c955b0d4,34,TRANSFER,515556.8,0.40856619016523604,high,4.35811807619757e-06,True,0
7b5c634c5aa70d6659ba689ccdd83140989784b8,322,CASH_OUT,530386.09,0.0002459510462358,low,0.0006148776155896,False,0
d1f24729580fb6f6314eeae58ea06cf413e79ddb,180,PAYMENT,55505.6,4.372471084934659e-06,low,1.0931177712336648e-05,False,0
c8c6f4335e1db498335e57fb84c65dcd9a55ed54,188,TRANSFER,90174.41,0.31787288903131317,high,3.884362740791403e-05,True,0
3220a980779ef685722f25c5e65ed85e26af5a9d,187,CASH_IN,1816718.37,3.336917643537163e-07,low,8.342294108842907e-07,False,0
739cc11a1c28bf403d84906fb91813aa6e061556,225,CASH_OUT,1132701.32,0.2100317804951919,low,7.945123797981068e-05,False,0
21494e65ff83f577ccfad19d5c0393a0b545d04c,20,PAYMENT,120263.34,5.545574094867334e-06,low,1.3863935237168334e-05,False,0
e60db23b2fbd6c7052e0057df3d7e3f4496b7bac,157,CASH_OUT,458468.52,4.979154909960926e-05,low,0.000124478872749,False,0
e2c8cb80d39b62a420907a52ad9c98bdea2e2307,11,CASH_OUT,73281.53,0.0003075717948377,low,0.0007689294870942,False,0
faf7670c81cb12b96c0f11b45510e4e64a5ddea7,329,CASH_OUT,267548.42,4.256825777702034e-05,low,0.0001064206444425,False,0
19f97f0cafa8c9e3f503777c2e853011e7252c72,283,PAYMENT,75363.13,2.166118647437543e-05,low,5.415296618593857e-05,False,0
5c4f09a20b30db3772ec21a4f320c04aa973760d,324,TRANSFER,138582.77,0.2468757214003647,high,8.373680429940578e-06,True,0
43106a12509666ef3e2eb83e717b54a87f26cdb6,308,PAYMENT,80531.52,4.6553202992072336e-06,low,1.1638300748018082e-05,False,0
634147d6e0f0d4b5943702c6999da45ef41514fd,378,TRANSFER,54571.65,0.31098956908104375,high,0.0003706380666699,True,0
0b1295130d46bc0d2387ceb74c7134eb026c437d,202,TRANSFER,1149782.14,0.0900016207519365,low,4.051879841426853e-06,False,0
2f0dedb1d279146fcd034afa0097bb3a666443c2,132,TRANSFER,1068.48,0.4187990750653166,high,4.425476799951866e-05,True,0
646fbdbb9c90ac76e5191a179040ef47d04840d6,356,TRANSFER,1626942.37,0.2934167786575923,high,0.0013029241235926,True,0
a25766dbdd7557ce6e66fcefcf1d084e6c17c4b6,596,TRANSFER,93910.25,0.36205227100503057,high,2.421326280455105e-05,True,0
996aa3c0513dca2f8a2c2974c6a56c0e10282f7e,256,TRANSFER,1142854.49,0.4769675053764539,high,1.1119889222754864e-06,True,0
c0fc33f6bed6bd9a4f391e27f623d68747b91a35,307,TRANSFER,770036.64,0.361904894197179,high,0.0003052488027606,True,0
05c52e85c7306e540a36e68418852357cce7d83f,159,TRANSFER,572619.35,0.5993905631282148,high,0.0107092252001166,True,0
908213e2d3fdd9a8f413911b8d03f3f84b43a130,400,PAYMENT,219794.25,6.744361016899348e-05,low,0.0001686090254224,False,0
55b36eda875d697235d5f12787841af01a4781f4,140,TRANSFER,1457227.88,0.2538452462995229,high,0.0010125079425051,True,0
5ebb0c7c395b64be18e5ee853a740c8c17a41e85,253,PAYMENT,87452.47,3.6706755054183303e-06,low,9.176688763545826e-06,False,0
473465dd7e6b341e4f3e3036effea3faa3343680,158,CASH_OUT,493108.46,3.2603251747787e-05,low,8.15081293694675e-05,False,0
de589b80a0579fba9bb6d02f010342535bc553b6,236,PAYMENT,32530.23,1.1165605246787891e-05,low,2.7914013116969727e-05,False,0
13bbf481c75a8940a2960fa807dee8f683d92918,165,TRANSFER,39052.85,0.25594480791764584,high,2.054989818134345e-05,True,0
b653b249c481dd563a0699702316dcfa9067e4e6,209,TRANSFER,583848.91,0.2657852973105241,high,9.430083991901483e-06,True,0
d7c83ca87e6b6af704407fefaeff5d1ac02ba7f9,33,PAYMENT,15485.43,4.87693541799672e-06,low,1.21923385449918e-05,False,0
1f99b7bf4ebc0a3827fc0563e53fb1d2d100984b,252,TRANSFER,502276.91,0.5929463060629324,high,0.0140575524419546,True,0
0243e96e9e6f258edf7779760336c4de5b79cd25,298,TRANSFER,844248.19,0.3866257938077926,high,0.0002173391694668,True,0
0c846ad6a390b6c99338aaba7f6e39514b9cd4ec,531,CASH_IN,369115.26,1.680700370343402e-05,low,4.201750925858505e-05,False,0
330aab8541621a8e59d720989c4ba723b1eef965,138,CASH_OUT,176010.16,0.0001972111174836,low,0.0004930277937091,False,0
40309ce80beadf281ccf477721f6589f66bac584,13,TRANSFER,390654.97,0.2887436475446361,high,0.0005790134891867,True,0
d2b8fd8f5e3fd9dd40ab853dd2692a616471db48,252,TRANSFER,1621370.19,0.0902949322108179,low,0.0007373305270448,False,0
9c498a7a54c81f53c6b36063c846ae9b1b0b1836,188,PAYMENT,7131.05,2.2286304738372567e-05,low,5.571576184593141e-05,False,0
73e7b8486fe94fb11b779359d1621e5b7e56be6e,236,PAYMENT,81484.13,3.0369175874511717e-06,low,7.592293968627928e-06,False,0
33400dd6fb4ec64b4308a671853649939b592560,686,TRANSFER,648185.64,0.47222528338359715,high,1.8185137378168288e-06,True,0
731866a9c6b42580ef4009e38dd123e96b2fc369,397,TRANSFER,46841.3,0.22864845176069656,high,8.570432328269817e-06,True,0
9a74598adb12b18a9f7cf1999dda084c7abf0217,299,PAYMENT,50158.68,4.115911360713654e-06,low,1.0289778401784131e-05,False,0
8c78100cb006a7d759ae6c3ad0ec32bf839a3c84,306,TRANSFER,73610.45,0.41838161122637085,high,4.87432989757508e-05,True,0
1ef20c72549cd88031b37beef43cc1838ae18027,226,PAYMENT,70901.6,1.136222781497054e-05,low,2.8405569537426345e-05,False,0
1a748b8beaecf0206221f2baff98b9e72f740d61,325,TRANSFER,57046.8,0.355575130001929,high,2.3807413072063355e-06,True,0
a6da1dd114b97e4d74ac71fdb75ba83c753c1a1b,205,CASH_OUT,138872.83,3.333897620905191e-05,low,8.334744052262977e-05,False,0
f901ed5d2ceb2b68f1758bb7e3763d65daa27ccc,210,CASH_OUT,168780.11,0.022257687151432,low,0.05564421787858,False,0
35891234c03cd2673c7635286018c9e1d173f7ae,137,CASH_IN,573775.74,3.1820753065403558e-06,low,7.955188266350888e-06,False,0
6392a7ae92b92f65d6de718e4636868e8ee17989,261,CASH_IN,245762.11,6.3939543906599285e-06,low,1.598488597664982e-05,False,0
14c606daa2d1d52554c9ce938eccdde581e3976d,168,TRANSFER,1168814.6,0.7127356624877736,high,0.0346961244940757,True,0
9f8e5eee2637318724ddcfc88ac3cf1a79b388c1,94,CASH_OUT,690601.82,0.0007424715906381,low,0.0018561789765954,False,0
a83a970525541f9f10c7623f4bb9cd8f66d93af5,514,TRANSFER,1042673.15,0.46685250129666384,high,1.5054390587465605e-06,True,0
26f18a2a120ecd708c61834b83b10b78363ed31a,33,PAYMENT,14275.21,4.032801734865643e-06,low,1.0082004337164108e-05,False,0
ed38019b767e9352fb4fd68479ba8f27e7947df0,204,PAYMENT,21127.6,9.87838866421953e-06,low,2.469597166054882e-05,False,0
458f8a7fc4957cd8956198d81787ddcdd096a7c7,203,CASH_OUT,2588836.12,0.2100282018416328,low,7.050460408208892e-05,False,0
5394cefe9a2707d5c9f4e11c4a404095a3eae397,236,PAYMENT,9884.36,1.1720369002432564e-06,low,2.9300922506081406e-06,False,0
78e92a9d137721eff1255acfba6086e7f1827f72,33,CASH_IN,1245580.69,3.773034904952511e-07,low,9.432587262381276e-07,False,0
404430ac2bf728c31708736deb521e51cf23e406,381,TRANSFER,110252.55,0.4661471970940895,high,8.872748730937019e-05,True,0
601880cd5dc1a4671a62ff3b4672adfc2cc3c119,331,PAYMENT,60766.07,1.9178517686668783e-05,low,4.794629421667196e-05,False,0
728e81032c05af22ff9bba2a544dfbd14908e599,235,CASH_IN,370804.74,1.125842481997097e-06,low,2.8146062049927423e-06,False,0
df93dd782afc2d0b864ba143d9cd7bd1e39ad4ad,311,TRANSFER,26027.69,0.2457833032259793,high,3.405455208849162e-05,True,0
29f4ebc7398abe9d79bf42875a5f57a6052a83d8,252,CASH_OUT,35465.82,0.0001915081171318,low,0.0004787702928297,False,0
7a50659f99aa6c381910c07ebaee9bd27f621257,234,TRANSFER,13731.91,0.34379404191374985,high,3.006806218763813e-05,True,0
2ba70f852bcde9f7fc954067ac77f6e23bc84779,251,TRANSFER,168213.79,0.4395341811125255,high,1.1309681212878786e-05,True,0
a77125984dca97e54c59cdacdb78c17970f030df,181,TRANSFER,32426.12,0.47258884880216573,high,8.792619155428838e-06,True,0
2a93a55d13003a89a2389a0fb2624974181833d0,567,TRANSFER,55251.95,0.4195251536069857,high,0.0004583513364195,True,0
31d2bd219eb78c5a598c7db8fcc51ee9d3db2051,212,CASH_OUT,320897.64,0.000966506358236,low,0.0024162658955901,False,0
d73da790739b8eecec0e76c61f199949a79e13ea,254,PAYMENT,65988.05,3.037207170564216e-06,low,7.593017926410539e-06,False,0
5c9004bc907eceb4b8c0429a274ba737aa0e823b,34,PAYMENT,118675.97,5.980477726552636e-06,low,1.4951194316381589e-05,False,0
4b3cae76d6f0b9d254fa4be801de30117c48582f,258,TRANSFER,1128377.22,0.2741512128561735,low,0.0141280321404337,True,0
53246c077218077ba8133d65ca6123505050915b,212,TRANSFER,325197.12,0.42876616089212516,high,0.0316390469670295,True,0
3ff872a1b3c5a5403e1e5ac62e1820eba0ced1bd,177,CASH_IN,526792.67,2.720606062212028e-06,low,6.801515155530069e-06,False,0
20fbed0351234b03df6df6f867a864daf85612f1,186,TRANSFER,8235.19,0.45695076060333406,high,0.0003988013777416,True,0
35be54662ba75dd843a9a3e1c351aaec3672add3,225,CASH_OUT,30049.78,8.302283240482212e-05,low,0.000207557081012,False,0
07b44df65faf730705a3f4d3554e4c09fa879d20,300,TRANSFER,894203.87,0.4394986809118733,high,0.0019652356859296,True,0
896576aded63c6e4158712996d05b559add82b35,44,CASH_OUT,423335.56,1.7369538545608522e-05,low,4.34238463640213e-05,False,0
c27c8fda12cf058cf033a7465cef776f0e4ff5f6,351,CASH_OUT,528624.47,0.2472077494859695,low,0.0930193737149238,True,0
94040a963b5c229066aaed2b8a88f819850872ec,380,CASH_IN,779314.03,1.2872818842879498e-06,low,3.218204710719874e-06,False,0
7aeee008227a7b190c1a11d3385d379fc49db42c,372,CASH_IN,342639.6,1.5370458640973084e-06,low,3.842614660243271e-06,False,0
2ee76dbf429c1fac6677e5d50415f4889f06c58a,279,TRANSFER,42507.35,0.3423257118020855,high,2.2458357307186816e-06,True,0
0762d630b67d7ac38250b109d2b1775924699e70,33,CASH_IN,239142.21,1.2518277799244972e-06,low,3.1295694498112425e-06,False,0
0ff13be8745870264397e24f8f231b5943741f59,179,CASH_IN,33153.64,5.330159638106124e-07,low,1.3325399095265311e-06,False,0
5864452ceb012fda2e407c717eb2602984ae2637,259,PAYMENT,26040.59,1.6959231288637966e-05,low,4.239807822159492e-05,False,0
c4ce10a016d69288a0192d91fcf9eb680c5f968d,283,CASH_OUT,1622874.39,0.000184938008897,low,0.0004623450222425,False,0
8871df29bcf0e8c3ddfa5729c2bd4a56537c144b,326,PAYMENT,279522.45,1.1177152919117364e-05,low,2.7942882297793403e-05,False,0
ff5ce55cc695b755e6bd42d4cb4f7403f9ea699d,163,CASH_OUT,337347.35,2.6445105322636665e-05,low,6.611276330659166e-05,False,0
0623f5b6d64bcf94bd1b72a409508e1598a5f058,358,TRANSFER,793752.39,0.3613530613333911,high,9.854084964899812e-06,True,0
e7e1dbc4b5345680ea2427bb9deefd36a3f77c71,280,PAYMENT,11529.48,4.52096137451008e-06,low,1.13024034362752e-05,False,0
8f54d66576b5dee7e94c27c6c08d4277984fe712,256,PAYMENT,45645.42,1.3635662617161871e-05,low,3.4089156542904675e-05,False,0
541532650e2e4818980430cd106715ae01f321bf,394,CASH_OUT,321982.85,0.0003330630715936,low,0.0008326576789841,False,0
4c0df472eef49745fa608970f6e844c384081d15,258,PAYMENT,53174.32,4.63814867543988e-06,low,1.1595371688599698e-05,False,0
4fcfbb1854a47b68417d67684a8307cb505a11c4,215,TRANSFER,52333.69,0.472318758649218,high,2.496896922821179e-05,True,0
791818502e7db2da00b33a94aa1b5ad94f3b6cde,14,CASH_OUT,410552.99,6.963940541027114e-06,low,1.7409851352567784e-05,False,0
29948206d2cb17870a2e88daf2d3d6bb985b6870,493,TRANSFER,4151505.73,0.42527854136324744,high,2.7929211228183703e-06,True,0
bee2192a7a20c89f3c012746e320364b5ff6b73f,13,TRANSFER,68026.73,0.2622342772506386,high,5.603669706033543e-05,True,0
7fc241671eaa4dc299362b36235aafedfbef61ea,183,CASH_OUT,723911.08,1.5923789760563523e-05,low,3.9809474401408806e-05,False,0
64fcd6ec51783c8a714e8368fd72379f769af48c,325,TRANSFER,1108847.23,0.2840883677616293,high,4.833780621993356e-05,True,0
29992a1930ae65833135b33a5bf6dd523839bea2,135,TRANSFER,794344.46,0.548080117650775,high,0.0001954205799847,True,0
4345ed92fef40b281662d2710ea865597ffb36bb,252,TRANSFER,69647.61,0.3190103739488347,high,0.0002560594002716,True,0
b95bbdf7157002ac8cadd201df4e93f616a8a039,138,CASH_OUT,1538594.0,1.2253355635039044e-06,low,3.0633389087597607e-06,False,0
a8a3c59af97ebdbf6a0dce10b5d3de9c896c05a6,37,CASH_OUT,231756.92,0.0005346155725419,low,0.0013365389313548,False,0
fc58e901570672d5792ee738fab385612de35885,302,CASH_OUT,697503.66,0.0005815542303025,low,0.0014538855757564,False,0
20839468b3621152d160dc1812e92739a7ace4e1,210,TRANSFER,27373.91,0.3212505293715021,high,1.0421718798170332e-05,True,0
9f88231e08b35e7e700ca8461e176134f0efd4ee,180,CASH_OUT,1271400.62,2.08318106160732e-06,low,5.2079526540183e-06,False,0
6c0e8600e14ca655f1222c557da6b8fd1df4be70,41,TRANSFER,269212.89,0.0001127046183682,low,0.0002817615459207,False,0
05be69c842b07890aac7113a16536f6db0f4b9d5,369,PAYMENT,63254.34,0.0002449078019708,low,0.000612269504927,False,0
1b995331e60601473aec008d00533ba32f1cd370,357,TRANSFER,2013575.55,0.5020540868403504,high,5.836716354679084e-06,True,0
2473f68a040684a8042de97d26f3449ccb4e8db4,226,TRANSFER,823231.64,0.4987076249496659,high,1.671190511842724e-05,True,0
a58948901a98eb9e16dbb5c4f4aba5f4477a7b79,334,CASH_IN,428047.72,1.5569770766887814e-05,low,3.8924426917219535e-05,False,0
29f321a90f79c04010279bb5ac649ab0f83b89ec,237,TRANSFER,558819.15,3.5017124901060016e-06,low,8.754281225265004e-06,False,0
b3518ca3020b2c391ea48c483083fca427b86f34,469,CASH_OUT,144148.26,0.0001727359020151,low,0.0004318397550377,False,0
97f11ff208552487eccc38e7d845b720771ffd21,469,PAYMENT,278185.2,0.0002824628958478,low,0.0007061572396196,False,0
48d3ac4e5ae0640120c8fd45569e609ead6cef09,189,CASH_OUT,479007.13,3.304436686448753e-05,low,8.261091716121882e-05,False,0
8c82c30ddc3336e2ea1bca1ace9503c3e473aa16,203,CASH_OUT,1599675.31,7.139512308640406e-06,low,1.7848780771601014e-05,False,0
23405d2d54207e5b794c446f3922b82ae0324ab2,352,TRANSFER,515057.57,0.4696700155656609,high,6.236966146389022e-05,True,0
b04784ae9f382389ad7431ac7b93a292c12245ee,37,PAYMENT,251520.21,6.904431938892231e-06,low,1.7261079847230576e-05,False,0
5aa444337195ab07fc88300782b5172ce91625c2,136,CASH_IN,655032.88,4.947965862811543e-07,low,1.2369914657028858e-06,False,0
1ab55321e7fd750265649d9abe53a3566bccd6c0,183,TRANSFER,407183.48,0.40991068800547925,high,0.0002089372719638,True,0
47ffd47ce36fc66a3e3648ddcb17849981e114b8,232,PAYMENT,4042.99,4.222849020152353e-06,low,1.0557122550380882e-05,False,0
fd0f7731ec6f46b5df9a71522ed0babdaa732a35,180,TRANSFER,809461.34,0.4756414016854261,high,5.00947680848185e-06,True,0
171886092f2a03e1ab1c4ce2ec2d3da5730b602c,133,PAYMENT,9290.27,1.1006139538949356e-05,low,2.751534884737339e-05,False,0
9e39e5199bce7351260c04f7020b37497b22e2de,684,TRANSFER,520034.76,0.23124112156391644,high,1.7882043721328955e-06,True,0
2d948248740d5d7da2bb35a8e4681d66dde3756b,234,CASH_OUT,241291.12,2.3207608319353315e-05,low,5.801902079838328e-05,False,0
27bc8dc55b26599a6dae42ea2c7aa4df64d06d8b,20,TRANSFER,1198249.21,0.3109806127881264,high,0.0002432806213619,True,0
2de48dff5e470af422ea65a2aa0e0c3371ba605c,138,CASH_OUT,196578.06,0.0003998273052275,low,0.0009995682630687,False,0
e103c0b90ccad100991809d84fb7e7b0e20e2a91,140,CASH_OUT,590688.35,0.0002430903958156,low,0.0006077259895391,False,0
13d881da512ed1df6f013146e5f0e67283a43c22,14,TRANSFER,1603533.45,0.4171106809055718,high,1.79498329089256e-05,True,0
67d30bdf6dbe4795041f784959391f6820da7f6a,500,CASH_IN,996187.17,5.247569424682297e-06,low,1.3118923561705742e-05,False,0
baebeeaa34ef0c63c01edeb5bac86c0c9567c11a,156,PAYMENT,147254.76,1.2885777687188238e-05,low,3.2214444217970595e-05,False,0
460d7532bd0a89ed19091082fd90e1ad54a0074d,398,CASH_OUT,530072.97,3.982534399256111e-05,low,9.956335998140275e-05,False,0
66bab1105279c7ba7a5ebfe345824e4f8271c44b,187,TRANSFER,1115529.44,0.35609964942502975,high,0.0008935354417189,True,0
568ff5b9d4ffe23ecfdc29da70893cd11d4c813d,16,TRANSFER,928517.23,0.0900012204164704,low,3.051041176149738e-06,False,0
80c2e43a7a0b24a4f5e6c61252e911cdc2bd73e8,393,TRANSFER,1745560.11,0.4653857316949893,high,6.827249762864085e-06,True,0
da004518046d4b44368c7a855cf546b5a0bbff33,263,TRANSFER,8573.26,0.2525150289006463,high,3.3850534236989915e-05,True,0
2cf1073d9a2a735d327509ba3bb74acb48bd86ae,396,CASH_OUT,1085667.63,0.000497620133683,low,0.0012440503342077,False,0
828ff751035da9ffd88962b3f44442f6f781b727,398,CASH_OUT,262697.99,0.0004591696429997,low,0.0011479241074994,False,0
47b681aa73e9512e95c7a64ebe96e64395f06127,442,PAYMENT,45283.19,5.817996134283021e-06,low,1.4544990335707553e-05,False,0
db6ed1ea69ac0ae16f1fd1ccecf204c341327235,587,TRANSFER,19341.66,0.23174789842367344,high,8.85029567143647e-06,True,0
cdffe94fbc6993907b6dbfda3e58966f2918b075,349,PAYMENT,57816.11,1.4414537872653456e-05,low,3.603634468163364e-05,False,0
2da8ccf0b0f759c206e06917e91bd7ae25692c8d,178,CASH_IN,624019.45,4.548375436570496e-05,low,0.0001137093859142,False,0
5b4c74b4a3fd0bd0502c3e98d35f0241d2870ced,129,CASH_IN,89268.7,2.8130176360718907e-06,low,7.032544090179727e-06,False,0
dd15620582741b71008223a98035bb05629e4c45,355,PAYMENT,39566.89,9.840684651862833e-06,low,2.4601711629657075e-05,False,0
eab64f699f1e5b61d01077f0045a5c6aa6c0a6e4,234,TRANSFER,40704.63,0.21848865485651014,high,3.638358066382352e-06,True,0
7e28a19cf80951cd402cedd2b9b1453d4bb479ad,236,TRANSFER,203985.83,0.3346478490978328,high,1.483491541875992e-05,True,0
96141b72c63be8467113da85f1229bdd7e3bd8c0,312,PAYMENT,24425.17,6.7183791543357074e-06,low,1.679594788583927e-05,False,0
dafd8ea769562b220ace4a418dd771ebc7930fea,17,TRANSFER,2540440.47,0.2693350876159966,low,0.0020877190399914,True,0
08350de463d35681c4f448e3e7e1394874a302d7,261,TRANSFER,1245361.62,0.3074317494341204,high,0.0010597738437354,True,0
16df776967ebc35aa8c8f7316168183ca2c83a97,44,TRANSFER,60135.46,0.3348148122032125,high,2.157473318220582e-05,True,0
374aad92111a8549d9722a3775ca3e998bef8412,12,TRANSFER,1073981.1,0.23430023984475526,high,0.0006368997856043,True,0
fbffa08f56f1f8c5f512233b47c1b1629cacfa0c,162,CASH_OUT,170195.1,0.0003466880647465,low,0.0008667201618663,False,0
2245e253ce2c2723663482c49e57d29ca3fde2ae,406,TRANSFER,81112.92,0.25566166069638757,high,1.100951703847386e-05,True,0
9711504c15dd56986eb9a87969817cc08c7b2673,205,TRANSFER,6905111.58,0.2689744444508106,low,0.0011861111270263,True,0
d554bd4c2289d9d1af41625a5f78f255ee31f33d,12,CASH_IN,1068176.48,4.439416807144881e-06,low,1.10985420178622e-05,False,0
5746d6075e1f8afc2ab6fbb3daf6aa643f0aac26,163,TRANSFER,43551.77,0.49277922923239215,high,2.7128869987791404e-05,True,0
0a6099f789d0738ecb6310090fcee3f8d175585a,10,PAYMENT,56889.19,4.263935625203885e-06,low,1.0659839063009713e-05,False,0
914a8c4982194b9aac4ddde62bb1144b532c7879,96,PAYMENT,39507.04,3.357093664817512e-05,low,8.39273416204378e-05,False,0
0739af0e114333efbae27d3f40981127aab15690,153,PAYMENT,33024.89,9.104487253353e-06,low,2.27612181333825e-05,False,0
915be2cd0e608f47a8851fbf582afd7a021ac3f4,129,TRANSFER,628192.79,0.3003561046321635,high,4.3092426494695246e-05,True,0
12f2602703ec7693994de1d4f3187140cd1353fb,347,TRANSFER,4134480.6,0.33585255487176424,high,2.14391402550973e-05,True,0
11feb99ac403948ad3d005410a8444f1b08112e9,210,TRANSFER,13075.42,0.26553735329152867,high,3.488338916213252e-05,True,0
dcb3fbaf4063c7b4abd8c29feabe01881dc117de,288,PAYMENT,86483.9,2.4181474873330445e-05,low,6.045368718332611e-05,False,0
cd4b089bbf0f3ed7424f795f468543820b0085bd,274,CASH_IN,363985.0,1.4616023690905422e-06,low,3.654005922726356e-06,False,0
f0f14ffcebfcfa2349c19fca8ab8c898611af568,326,TRANSFER,127428.44,0.25294155064384666,high,1.0636837942001875e-05,True,0
a45b64d1236dcbb5ac201afd2ffe5c7f9534ef8e,378,TRANSFER,201414.81,0.3671790541473463,high,0.0004530848527792,True,0
bf14dbc6856c6df6d3fba4c8f1d05a58ef22c0d7,380,CASH_OUT,499518.22,0.0006849404424428,low,0.0017123511061072,False,0
26aeb0a0ec2b2e62dce70abaac3702894d571a75,134,TRANSFER,22472.21,0.4928710063137353,high,2.686751577130053e-05,True,0
710336e298fd9c174beae49640625f2cf1618397,162,TRANSFER,248710.91,0.20987692048238446,high,0.0001243785081896,True,0
7cf6fcb9cafcefbf1dc9b23c37f955d108759035,184,CASH_OUT,760035.08,0.000188323657494,low,0.000470809143735,False,0
e0dc32e7c124a0d2c25644f60cd14777f86bec8a,284,TRANSFER,5288.28,0.4319028133385682,high,9.263702850148547e-06,True,0
1005fca6d5ed97c402ca09637def61f8854c4c85,201,TRANSFER,14296.82,0.22016273209585044,high,3.475727135082707e-05,True,0
35749f13b22434a5cb5655902d57cfbdf9d3fa7e,179,CASH_OUT,944934.83,0.0001872942666523,low,0.0004682356666307,False,0
e97052f5149a9ea7de76799c2a4c701532b2da5e,372,TRANSFER,54626.5,0.3153102580492165,high,4.5650795073015615e-05,True,0
80d2517566bf27ae649e3d8ee315732370be6803,142,CASH_OUT,922730.42,0.0006291699595749,low,0.0015729248989373,False,0
4d676f8dd229ad22d7bc536bcaf9fc66bc085084,38,CASH_IN,366583.4,6.653730815742165e-06,low,1.6634327039355412e-05,False,0
023a15aa97ef0c233b5720497b8a20bb6f5834ab,43,CASH_OUT,1777393.72,0.0009195483289659,low,0.0022988708224147,False,0
e76aa77c5272bb262d06b0402b28ebd9d0394c8f,284,TRANSFER,323379.76,0.4349074523073762,high,9.004175808513537e-06,True,0
e4da035f0718a000c23956c169b04e2f197577ae,601,CASH_IN,1149470.84,2.125263708876446e-05,low,5.313159272191115e-05,False,0
af92b27652c5904ae4f65a9aa3dd4b8a3f0b39ca,285,TRANSFER,265286.66,0.3449098194112102,high,0.0050611412152647,True,0
827422509c4658f0d48b325aba62057e016b8b0a,179,CASH_IN,212766.53,1.409058677381836e-06,low,3.5226466934545897e-06,False,0
8d15e37650b86e6a9614e1814043dd99b315319e,18,TRANSFER,888715.37,0.5054034702190856,high,4.282731879357016e-06,True,0
ebe75e95e03d5e731689dd98cedc9171b3cbf660,234,PAYMENT,25599.53,3.969079625676386e-06,low,9.922699064190963e-06,False,0
eb26d18d981fb80efc104070a830927c8eb9d2b3,11,TRANSFER,1134026.37,0.45645478556102065,high,0.0002696616284083,True,0
e491e02335c730a09099c2f6d72d95c2790a6cd7,205,TRANSFER,80794.94,0.20630458499501217,high,0.0001713441306492,True,0
35ba976ea1c2ba27775a3e1c9b87d0ed07559c98,276,CASH_OUT,2070123.6,1.2855312888859772e-06,low,3.213828222214943e-06,False,0
2ea50c53f1ebca53678b870c20307bac3d96da27,139,TRANSFER,60234.93,0.44006141241015795,high,3.5737480175157543e-06,True,0
f9b971ac98310b1f4af3c878f2b4830ca5f274a1,9,TRANSFER,635473.53,0.30208333140606464,high,1.4669595657323953e-05,True,0
abd622aa4994e062f0c8355898f4d474cded241b,375,TRANSFER,3481304.23,0.2688292044391855,low,0.0008230110979638,True,0
74142719521cd05746fbb019da659aedfebf633d,41,CASH_OUT,641513.01,0.2162331579625606,low,0.0155828949064016,False,0
15fd561095234b3d38e44531139af9cb2510aed8,38,TRANSFER,5795.89,0.3592390624849742,high,3.035476038348861e-05,True,0
2c1cbcc7845fc59e354124d8b4138c1163cce64f,41,CASH_OUT,690796.52,0.0004277509637176,low,0.0010693774092942,False,0
ace43b34f52407ac9a21b7ac4f7d07a245ebc966,306,CASH_OUT,346728.44,0.0002274809870868,low,0.0005687024677172,False,0
df76e43787210137b5097d9025d72f773f74c35e,397,CASH_OUT,481701.54,4.290016950108111e-05,low,0.0001072504237527,False,0
e47ec6ab02c515c030b444f901b5ebb82cdff3bb,637,PAYMENT,70607.62,6.343610584735871e-06,low,1.5859026461839676e-05,False,0
ee23bf7668a500a2da36746a32c751cfbd259758,215,PAYMENT,42648.68,7.065702811814845e-06,low,1.766425702953711e-05,False,0
59e362a4f14e260679e43d5bf6744357d4dc4f95,133,CASH_IN,1292418.25,7.104411633918062e-06,low,1.7761029084795155e-05,False,0
c3773fac404d2fae7dee28bbd3bb5d93e197079c,43,PAYMENT,27102.5,1.1197059393452946e-06,low,2.7992648483632365e-06,False,0
957b433fafabc08e53004821c2515e9fb9fa41d3,1,PAYMENT,19398.34,2.7783476980403066e-05,low,6.945869245100766e-05,False,0
1645f48e4f1885daf15838580b28cd424b1e6e10,96,TRANSFER,22880.14,0.28495322452926697,high,3.175403253408149e-05,True,0
b696dc107655a74fb2b8bc96d2f566a9b8c135e1,394,TRANSFER,40876.66,0.4450924542099697,high,2.0087332814000547e-05,True,0
8d0f554a262def40ab4c9d5af8ec7b509e46270c,259,TRANSFER,602608.21,0.4057608685822132,high,1.6945289189607138e-06,True,0
7b36a19662c76a8a80c2a66dab3e75987f8ae562,182,PAYMENT,65396.96,1.2525573765742594e-06,low,3.131393441435648e-06,False,0
57754dc5d6406fd7442585524a2497eed6d6506f,351,TRANSFER,406695.55,0.3269211552387293,high,0.0001157808146672,True,0
16e56d5ff77a3b54e088f91077bcbe34d51cd8fa,42,CASH_IN,102334.71,1.1565476597752423e-06,low,2.891369149438105e-06,False,0
6acef7503e9935143249a8ead8dfa6f58c6c0eb0,40,CASH_OUT,2029409.22,0.0008578885346651,low,0.0021447213366627,False,0
40c67a70a1c1a4be2164d8141dfca644cf645606,16,CASH_OUT,251430.98,0.0002424181671813,low,0.0006060454179532,False,0
a48ce5bca0e5818119dc57726bd632e2fcf8658e,301,TRANSFER,496045.02,0.4996677194028441,high,0.0004773350956384,True,0
fa75763d1136115c23b0179254864aa93cf0a7ae,283,PAYMENT,126485.94,4.636517260223628e-05,low,0.0001159129315055,False,0
be33c93f238eeb5bc7d28791b29f2d3e4a7443e3,256,PAYMENT,107252.78,6.224385579116643e-05,low,0.0001556096394779,False,0
166cf126453eb486332cd8645153acbb12a0133a,10,TRANSFER,1568462.63,0.4587523806508009,high,2.217638939328026e-05,True,0
af5b1c14b26e0fa3a0039c0b4f3be58309eb92ce,15,CASH_IN,446593.2,3.305922655272298e-06,low,8.264806638180744e-06,False,0
ad728e31748eee7a955222828f9b677a40806696,348,TRANSFER,1292428.51,0.2126204469703696,high,1.2858861282438738e-06,True,0
0173f50a8ab67a35e7d4553ee1af1f69267797f1,686,CASH_IN,689368.6,7.109928992576898e-06,low,1.7774822481442243e-05,False,0
ec187188ae8d050ab48f7cc46ef4283b30a77942,357,CASH_OUT,124327.28,0.0007612189278006,low,0.0019030473195016,False,0
d6f6de417029343a97ee5135539165c83ba943c7,309,TRANSFER,173817.51,0.2867360695138519,high,1.2712888747046236e-05,True,0
9c233957c0286e2b41a356a021ba802280bbae42,351,TRANSFER,1576705.06,0.41000419163112434,high,2.8635272428800818e-06,True,0
ce1796cbf30299d385736ecad929ffe719c70d83,251,TRANSFER,105290.89,0.20221812032314262,high,3.4196509659523144e-05,True,0
233d7f56fd1fc0ab0bff27dea54ea77022d548b4,688,TRANSFER,577165.56,0.30661963456135316,high,2.5762163204490207e-05,True,0
bb844a8ecb9bddcf6b31b4456700a9a36dade8f1,232,PAYMENT,2841.94,2.057774872810114e-06,low,5.144437182025285e-06,False,0
a6458209b452fbd3a118945ecf4b34c1994d7607,184,TRANSFER,55128.75,0.23893282995779602,high,1.418234023731202e-05,True,0
2a69eac68dc17784d21144a989e09ad117c76433,300,TRANSFER,2101111.77,0.46898968349917725,high,1.9024637367692776e-05,True,0
ab7175dc092706f9307c112b9b53ff2a6f4b270d,227,CASH_IN,34573.6,4.524615178524983e-07,low,1.1311537946312455e-06,False,0
d88b20f5ea5152a239fbb68e4bd890d6a0b16c4a,327,CASH_OUT,610492.69,0.0001566886552609,low,0.0003917216381523,False,0
b05ed0aca67e321f1b3710dffa4a0c8835a6d70f,134,CASH_OUT,438357.66,0.0006969443056732,low,0.0017423607641831,False,0
ae8e2f967e39dffba260bfc79f83550d863a50d7,44,PAYMENT,13879.55,1.3916815078118816e-06,low,3.479203769529704e-06,False,0
afcb3084e8aa01378bc30e69321b927fc884da36,327,TRANSFER,401138.17,0.3815167875834259,high,0.0002304339868715,True,0
65077b234862922646b608509e04b469e21e13f3,403,CASH_IN,560551.57,4.84414522361476e-06,low,1.21103630590369e-05,False,0
7f062f1c7be9a14cc9d23f7646fb2901e01ff0f6,347,TRANSFER,4893.24,0.21958479650357193,high,4.0653999349160586e-06,True,0
920f97f0db57a251a2c15fa52dec1e71bb66e83f,36,PAYMENT,43227.77,9.60073884925805e-06,low,2.400184712314513e-05,False,0
09e392d7d773a0e2c3a4b856351a4dfe913a33ca,17,CASH_OUT,109853.3,0.0001541145378723,low,0.0003852863446809,False,0
dd48f4e95eea3e5a030ebbec7b8ced889c9c4bea,372,CASH_OUT,47424.26,0.0003400313435122,low,0.0008500783587805,False,0
eff3fd70ee5cc06a2293a6884c89352439a9761e,19,CASH_OUT,24819.88,0.0001326603465713,low,0.0003316508664283,False,0
67b9700839c47c63591f8e1c096e9c8e9bfabdd9,357,CASH_OUT,554155.5,0.0011661286465823,low,0.0029153216164559,False,0
e77da6bd341b79d0d83e9da3d3409f949570415b,134,TRANSFER,19885.74,0.3767869444886427,high,1.5834731357244891e-06,True,0
b7c549b879b19aedd7f9c47c4f04cdf50ae58b2e,170,PAYMENT,33859.12,9.88641841104254e-06,low,2.4716046027606357e-05,False,0
a9f2507cd1473f2c75d72dbcf9dc10de48a188c3,185,CASH_OUT,811747.46,0.2101536799129098,low,0.0003841997822746,False,0
d0ed26b457144b16949ad857e856c79dc7d93b90,259,PAYMENT,64856.89,1.897325273603201e-06,low,4.743313184008002e-06,False,0
f13c5ce92612be8456beaeae10f43760b7c9cd20,11,PAYMENT,102672.73,6.25536049483344e-06,low,1.56384012370836e-05,False,0
7b71c3e458bda66b087b5049ea7c60ee1bc494e8,526,TRANSFER,761143.93,0.49920474178141583,high,2.879754356399644e-05,True,0
a8cf175656c325babaaa731fbbd9c34b5db25384,134,PAYMENT,166836.23,1.2742461694870145e-05,low,3.185615423717536e-05,False,0
e117cf6e83b4a6e838ed2364557307fc5ca4b506,14,TRANSFER,99543.49,0.20404044739391647,high,0.0009395212982781,True,0
3babdf40dd7f1e95cb0257f60dbbb231d4ced2e2,357,TRANSFER,767339.8,0.23816424064823896,high,0.0011918174568563,True,0
1c2fcbdf308e7fff64c56beedf4e8ea4d47eb525,474,TRANSFER,951969.88,0.36606871532970536,high,3.614958404796198e-05,True,0
dfe25dc712786a3fc10499d10b5a9bb182c4a0a9,235,TRANSFER,3314889.29,0.0902090275520458,low,0.0005225688801147,False,0
e9c5426b97d4e26ff777bf447790e14a27041c25,301,TRANSFER,62302.87,0.4820179386734752,high,5.7901404943550006e-05,True,0
c4fcce2c6285b173cf5dac40ae4601f18af82b95,96,TRANSFER,108981.43,0.38826201879228084,high,7.047940016491339e-05,True,0
49cbde3daa265854e5339204c77e3dbd53b42005,190,TRANSFER,37981.56,0.35610861225793305,high,5.141170731803868e-06,True,0
20fa6cb0763573d7b1a53c134949414aea422e6f,379,PAYMENT,19689.68,7.072767766658217e-06,low,1.7681919416645542e-05,False,0
9e4b14840c6a843dc4854ea216aa055746a02404,179,CASH_OUT,403300.37,0.0010585155338048,low,0.0026462888345122,False,0
c4cbc53e67ccbd8e1b5c07917791f742d0b438bc,44,TRANSFER,34967.87,0.4459232573213502,high,4.238091605657246e-06,True,0
ec5fcd84e31c2844f73c3bd7b35321f7a07c44d6,164,TRANSFER,697893.02,0.2009187452217007,high,1.0344061820433126e-06,True,0
637ec557732b44904d55e6e2d3c1df2312bcc536,185,CASH_IN,569974.65,4.668756446335465e-06,low,1.1671891115838662e-05,False,0
2024d6154995d83f20d4340fccd180e4edac23bd,232,TRANSFER,15722.56,0.48044058574785614,high,3.360108530614525e-05,True,0
d246eae7d82f0e89d8fe11122c2100d6bd70eee2,260,PAYMENT,8712.83,1.935240725288168e-05,low,4.838101813220419e-05,False,0
0e0fd946f94650c39cd1440f024014ee737ac05b,274,TRANSFER,468828.0,0.4563534369706377,high,0.0006579483160749,True,0
402417a4fbe9e89d37d69d04aceae39cdf80bc12,324,PAYMENT,200182.17,5.131009675096721e-06,low,1.28275241877418e-05,False,0
762b40d1ca301d1ec540099e394793c4c7175394,279,TRANSFER,533994.14,0.447479623387769,high,0.0005198488943278,True,0
0903c98fb4ea15e41de03f0df4275c121036c6f3,280,CASH_OUT,1359280.91,0.000631633400917,low,0.0015790835022926,False,0
6fff7733cace9bdfc840bbe77e5e7f3dfbf12ec1,208,TRANSFER,5275.56,0.3855737633864694,high,2.9231088774395172e-05,True,0
d32949680b9f3f1ba837e8473879fa10b0e4d1f0,160,PAYMENT,170623.3,8.385022374568507e-06,low,2.0962555936421268e-05,False,0
8c61de33fe6bf2f6fc073a369281723b7fca2577,15,CASH_OUT,854819.43,4.767876089317724e-06,low,1.191969022329431e-05,False,0
1397abbbf13f6ed41df486bc58d8f429043a78a6,350,PAYMENT,119484.68,6.853765225969256e-05,low,0.0001713441306492,False,0
f7ef07bdf9e37c4d404f5c738cbda31c41552f46,324,CASH_IN,1571116.86,3.5816940453514694e-07,low,8.954235113378672e-07,False,0
9a3e6297c5d0b2c3049f7f878c761f5eafefd3a5,299,TRANSFER,1085813.53,0.4224386607825837,high,1.1547015674295835e-05,True,0
90acb9f989f158341361dbaabbcb2cb5e77fba4c,181,PAYMENT,32606.91,1.019342234940268e-05,low,2.5483555873506702e-05,False,0
101e8f3ad76182fa1a13cf96fab80f85ff87a436,249,CASH_IN,135852.28,2.1842102796654218e-06,low,5.460525699163554e-06,False,0
6ff690394ef66a4c8a5d955940a3e9bedaabcc30,644,TRANSFER,1008884.64,0.23054174322124996,high,2.801366827043239e-05,True,0
ce144fb810e84b9736f9c7d3e87705df7c945ce1,325,PAYMENT,65907.14,2.745177880569827e-06,low,6.862944701424567e-06,False,0
472329a6207dc8e4c4115a3fdb9f56d2d39b2b24,324,TRANSFER,3632060.28,0.0902896751277148,low,0.0007241878192871,False,0
989533b08ad77945990dee47b2cfa17d3fdc5f70,227,CASH_OUT,1978310.85,0.2100279945059446,low,6.998626486165449e-05,False,0
b3c4df1df35c403b3913357c556463a10ecca450,327,PAYMENT,106241.24,1.7207259952556344e-05,low,4.3018149881390855e-05,False,0
2d8cac4424d16608051ee4e451f60a51dba7c983,211,CASH_OUT,1271174.93,0.0003400432877242,low,0.0008501082193106,False,0
c412fed82e767fc586fa3ae2e14a1c7507e8a34c,234,PAYMENT,18304.01,1.7241145542357117e-05,low,4.310286385589279e-05,False,0
3a9c978bf9cd65d43c0c41515893f932b8fc1b36,137,TRANSFER,5898634.92,0.297554336418738,high,0.000175052016857,True,0
bb4acc05fe4235494d09204842bf78a1a89e0a43,256,TRANSFER,19712.66,0.3533855073335158,high,1.1088756764365826e-05,True,0
ee5c7572138ce73995c87eb727a1dcd5e08fa92f,300,TRANSFER,1296566.62,0.6652010613202163,high,0.0293050948530435,True,0
6db921458e73887f94f2a1ad6c84ad933e0a1bd2,329,PAYMENT,179558.96,3.288304651505314e-06,low,8.220761628763285e-06,False,0
dc4485b2a9338e4648ba5b2dead72bccd2ebeb78,202,TRANSFER,828902.63,0.2377181341651276,high,0.0008376448531635,True,0
f79be3f5d244e97a69a5b1990035d159767ed1b0,301,TRANSFER,1290105.9,0.37056944454308594,high,1.3470070371113252e-05,True,0
fb8d864c78ac2312924f399245901e7b5509eba4,16,TRANSFER,830194.61,0.27071498863519283,high,0.0010657709790393,True,0
ba015c85ff9a5121982c18c3a213401e9008eafe,347,TRANSFER,240260.98,0.41907726190371253,high,3.285340062575415e-05,True,0
15c0db719f914368b370c9d3c4d6eba2c2a78069,300,CASH_IN,1486920.65,4.270536373951473e-06,low,1.067634093487868e-05,False,0
0ab40325d24631e8fb3d4d1a9a6158013a190aae,329,TRANSFER,529281.34,0.429850627772434,high,0.0001015144807752,True,0
61924977912c4c2fec7f5ee4447b9e113068dee8,300,TRANSFER,902193.56,0.46360667725938354,high,0.0011351683642715,True,0
587b03d4e587bb6f46bc7362c4a7cc361f0fd564,255,CASH_IN,544349.15,4.40760086348746e-06,low,1.101900215871865e-05,False,0
955d2c2dd95aa8bfbedb2233eb8ebefaa2c94ac0,132,TRANSFER,213461.28,0.450093349961828,high,0.00099389674142,True,0
e30282ee1d4b093bd63be06c56295c26eb8b36dd,369,TRANSFER,70127.05,0.2548760249966864,high,1.2674501704168506e-05,True,0
646b75651a89d750fdc3907260848fc70557152f,38,TRANSFER,1511065.29,0.22050726065880152,high,7.233850283228094e-06,True,0
202bae95715166ef23fa4f43590bab3452012ef6,44,PAYMENT,61475.63,3.693955659400672e-05,low,9.23488914850168e-05,False,0
0fc7f0c5403ac7b75f20e034f287543c7a8ef07a,378,TRANSFER,823198.27,0.215814407164196,high,0.0005716400919482,True,0
756d12c3bc3a065eb8c581dd22b90f9e3eb2dae7,138,CASH_OUT,336449.79,0.0001418584957718,low,0.0003546462394297,False,0
1988f12765487d50cfe7c1f6a7d17726faf93509,158,CASH_IN,122383.93,4.933411037200131e-06,low,1.2333527593000326e-05,False,0
8cde04c2063ecf828e54500f176c08d4e031fe51,324,CASH_OUT,457786.23,0.002015334367752,low,0.0050383359193801,False,0
3436758a7f2122fdbcc5222f1d56330ee173d630,381,TRANSFER,203220.1,0.2941686474009107,high,6.626267349929549e-06,True,0
5d86db4c062e923673d8a46731c89a81e7f0c820,311,DEBIT,4212.1,7.750724907964469e-05,low,0.0001937681226991,False,0
f273c2e53ae39924218c506d38345fb221b2d505,253,CASH_IN,817911.52,4.060688752360875e-07,low,1.0151721880902187e-06,False,0
1d835d4ceb21d491a3520b72d3aa8a8594718015,351,TRANSFER,43139.45,0.272843841713029,high,2.536518695706036e-05,True,0
b61e2c421e9b65c74a35644c5a163e34b94d0bf1,352,CASH_OUT,1148910.18,2.2457670638686977e-06,low,5.614417659671744e-06,False,0
b95059442fbd0cc6626a201ae568862dbd215586,135,TRANSFER,1155229.06,0.39828754860889864,high,0.001118415268138,True,0
989ea6b679b7ec7f116ba09fad9e0feba484de1c,401,TRANSFER,922106.15,0.4938963231555051,high,0.0006343170534819,True,0
23cf2c66122e24176dd84a60b578eea039daff61,347,TRANSFER,413406.5,0.42391539560592556,high,0.0012610183330252,True,0
cad222213ba2d38329ab84562bf9c6a86101db2b,274,TRANSFER,339608.75,0.23546826152112071,high,7.251609349623322e-05,True,0
a71ce7b07849e98043b7856c1784511cbdc9108e,162,TRANSFER,820386.28,0.34272176521267667,high,0.0003043244942091,True,0
b5edcd958e2581a08412be70452205e41d79053d,299,PAYMENT,27600.7,4.259810157236643e-06,low,1.0649525393091608e-05,False,0
88391974ef396aa2484eef047fd903215253f14a,298,TRANSFER,4326835.78,0.090003072914842,low,7.682287105126306e-06,False,0
2b5db4d582cff1fc0795ee8de2c0e9ec0c4dda2f,329,TRANSFER,207040.4,0.3296595238067073,high,0.0001742667809594,True,0
499b7056850e818e3f3cf2b2a24115cdef6f1682,10,CASH_OUT,222631.51,4.745695623569191e-05,low,0.0001186423905892,False,0
db9a35b1709e7b251617b009a226fca1b0c453a3,163,CASH_OUT,2534467.06,0.0005935330875217,low,0.0014838327188044,False,0
ca8c200dbad7cf162a9e7db8071c19c24a62a1fc,43,TRANSFER,16857.68,0.3536130948582395,high,1.2870480077253887e-06,True,0
2af8f1ea7f69c03ad12df26868f153da8d56331c,211,TRANSFER,42508.64,0.24969434090492668,high,1.1041503057640512e-05,True,0
f419ce25e23088315022de97d4b85420195305ac,46,TRANSFER,14221.39,0.37726201737115195,high,0.0002519869885873,True,0
ddc750f50876522b194ee632081095b1994ddbb0,9,TRANSFER,47498.17,0.25128832777568644,high,0.0009481202578172,True,0
f33013b213a1a44bdc65087fd578a8b15244a45f,262,TRANSFER,143.53,0.4170794570246439,high,2.4498594939359464e-06,True,0
500bc139dfecdd29e08dc419458e73df9a34b796,211,TRANSFER,448088.43,0.259209332829136,high,0.0015921148005872,True,0
90e42f4b6ee9717ba7b6228c30e52fc4ec9f758c,209,PAYMENT,15096.45,1.3440434122458102e-05,low,3.360108530614525e-05,False,0
a52c7d0df2ef4731671d90442c72ac3a5c00a8cc,402,TRANSFER,182693.37,0.20786532204527494,high,6.287701580731664e-06,True,0
877de0bde35ef6dea815f450e8250af55d1802f6,354,TRANSFER,25795.09,0.3566116779199026,high,3.115451545454562e-05,True,0
e5cd929e8ff385df92ab500d322af8dcd84ac438,137,TRANSFER,1169875.01,0.2960328129145017,high,3.4578713439259445e-06,True,0
7a416792c6746e5ff96809951e025fdf06bb4c21,276,CASH_OUT,180828.33,0.0002456967253237,low,0.0006142418133094,False,0
ce863972fb43220e1c4f586e4fa4b367f419b950,227,TRANSFER,89790.46,0.3414895810440314,high,2.186823621741496e-05,True,0
336ab1182501f0805954d3261e19a8b30efa5bd4,397,PAYMENT,114390.8,3.589870539144613e-06,low,8.974676347861532e-06,False,0
6d8cfddf91d5685cc266f0ecae34de0a90c780cf,210,TRANSFER,493570.14,0.47474953280840254,high,0.0004159278760198,True,0
f0836e09ba1bb2bd985f9e969614645e2f6daf66,352,TRANSFER,68364.14,0.2909933660573808,high,4.6951532567618415e-05,True,0
78196fae7fb6af84b08fd3f9e062189290ccc4e2,18,CASH_OUT,969496.44,0.0002725164871662,low,0.0006812912179157,False,0
9b7c07f5849af470ddd367205d19b6ec8fa9f72c,226,TRANSFER,19556.26,0.4162043282290054,high,0.000405484897783,True,0
60431cb3d3d67f71ea1e69b1127a8dbfe99e133f,358,TRANSFER,502570.17,0.3759909627130594,high,0.0034783626906573,True,0
13f253c236735b8e7d239a9f5e7d9ea9397d3590,204,TRANSFER,1823290.13,0.26030837316404165,high,8.821401934255846e-06,True,0
06f89436dd80c656081692924d0c347b9f1d3eea,162,CASH_OUT,1993293.75,1.093702085199766e-05,low,2.7342552129994147e-05,False,0
9b2f6bb91f27cef736f458908a29030cc9dd35f7,203,CASH_OUT,435354.6,7.681279384996742e-06,low,1.920319846249185e-05,False,0
b82025a9d9dd05e8b6c68c07857be0a3b33a4f64,8,PAYMENT,15106.0,1.7012031094054692e-06,low,4.253007773513673e-06,False,0
49233e06ddbb8502b2fce73ac35fe2ef7c94bfce,404,CASH_OUT,874360.83,0.0004106228705495,low,0.0010265571763738,False,0
3de511edb1b6c24b015df908bc90867e6a3db3ac,254,TRANSFER,504195.33,0.3319707509745187,high,0.0006037064595147,True,0
230f6991047a5d7d84c095fc4ea68752f0073c24,323,PAYMENT,219378.04,1.6914652951527388e-05,low,4.228663237881847e-05,False,0
8f092848710cac2a98c743c9e9dce19f2c5bf747,275,TRANSFER,439911.57,0.42699776186957983,high,0.0001075039399438,True,0
aa5e3d1776cd6ffefab4a8052fde64b85182fb8f,14,CASH_OUT,401621.73,3.442589077167213e-05,low,8.606472692918032e-05,False,0
c8c390efad86d37a77736c349430571b02cb7f49,179,TRANSFER,559739.5,0.4337173540504474,high,0.0005664390628226,True,0
5f720821acce9a184dc35c30350675a7356421a7,159,TRANSFER,27627.27,0.4394125967041469,high,2.5600596927688457e-05,True,0
a88f7eb6180b1598b58af737f91e783bdbdc1d78,379,CASH_OUT,495845.3,0.0003783104941248,low,0.0009457762353122,False,0
d9d5faab722c66d1f1529b22b2293b071ddfca2e,490,TRANSFER,274489.92,0.20622270243541074,high,0.0009896650444716,True,0
23fef2e7798e42052e0ea519630b62ac13764c6f,94,CASH_IN,1054931.89,0.0001236557145603,low,0.0003091392864007,False,0
81f62e9d583b59ec07762fce6440e5915241c38f,203,TRANSFER,669000.41,0.34101732094585646,high,0.0012899952707812,True,0
ad952d897999f087e80e5eb9385f9ead781cd145,208,CASH_OUT,616815.18,0.2111238560080528,low,0.002809640020132,False,0
2c85dceff01ca4adc4ea4d580667093c154885e8,352,PAYMENT,25870.91,1.660737179918215e-05,low,4.151842949795537e-05,False,0
af431c2a4b9e16616ff99ac4994c1305c40d809f,232,TRANSFER,1495127.87,0.3126859496257429,high,1.0394967830507085e-05,True,0
5dc75a8c3c1f66a0bd222e3e3a7bc78e0241ac30,226,TRANSFER,3066446.58,0.0902538891509175,low,0.0006347228772938,False,0
798abb666458230d2fae16770205a142a14a1aef,253,PAYMENT,129606.3,1.0625085997162388e-05,low,2.6562714992905967e-05,False,0
d9a793ff041853439b24ea1b103bd2e8063aa3b1,259,CASH_OUT,95589.05,0.0004247590433806,low,0.0010618976084515,False,0
2a39a976b2d57d2f82cecf5bef6b5e18e0a60094,8,TRANSFER,659124.4,0.21568702655028263,high,6.0582597143366e-06,True,0
7bf8b369a66e258f60e74dde611c25274105bad5,259,CASH_OUT,612308.41,0.2109352481923997,low,0.0023381204809993,False,0
4b1b0c13decac184b8891853b075af13f6628ec9,395,CASH_IN,2203673.43,2.0011483866255733e-05,low,5.0028709665639326e-05,False,0
9635c9c2a28bbe83a6aa037ca854644298aa7ffe,210,PAYMENT,54778.88,1.9497319590300323e-05,low,4.87432989757508e-05,False,0
466ac71782a13c75bf467dd162558f74614ed53c,399,TRANSFER,322640.92,0.4325722034619623,high,5.569509994529653e-06,True,0
5c4f693220990227abba1e01a45664f6e2419dc9,228,TRANSFER,67219.97,0.36069284926320044,high,0.0006945850909687,True,0
98cd6e2f3676294b0126bd056c94cbdb2e0cadc3,229,PAYMENT,1539.39,6.869901426398428e-07,low,1.717475356599607e-06,False,0
8306c7ba341146a0d8d25daeefec6a9fcebff9dc,326,TRANSFER,752777.77,0.20067749353972159,high,1.733028875605669e-05,True,0
a294d485c56f3a44d2b778c9c3a9c6d6fff2a14b,201,CASH_OUT,655149.88,0.0002114778151735,low,0.0005286945379339,False,0
7cfaa3681f6c5a36e70d66affee80449a2dcf05b,231,CASH_OUT,188123.85,1.982157555175945e-05,low,4.955393887939863e-05,False,0
1795197c27b240b91fc793e17575402582c0bd15,324,TRANSFER,1026144.86,0.254097076558392,high,9.106899597099982e-06,True,0
a60c9b7cd88f72fb184451949c7f1c0abaa45152,322,TRANSFER,239235.47,0.38415748357176016,high,0.0001982556423172,True,0
eaf8acc3d3990562f0ff81421067c8137765b2a9,259,CASH_IN,547398.28,1.1742957212845795e-06,low,2.9357393032114487e-06,False,0
f12ae687363808b3b09e1996f5f572cdacd80bdc,332,TRANSFER,435801.76,0.6263175869049198,high,0.0966386049985885,True,0
c6ab002d2b4cb104513a413503bc65aad3026c3b,357,CASH_OUT,1620028.38,0.210120591185987,low,0.0003014779649674,False,0
815219586ab9c68763948b36fbab7ea177179c15,297,CASH_OUT,1351516.92,4.400452598929405e-06,low,1.1001131497323511e-05,False,0
ceaf5a662fc85d752822aed159125526045ca810,284,PAYMENT,28839.07,1.166845322586596e-05,low,2.91711330646649e-05,False,0
bd24865ddf7fa20b0fdc5a49b2e8963729c9b814,181,TRANSFER,20208.32,0.2710680346577164,high,2.46342988248216e-05,True,0
b7ed9de764faafe1b3a699656ef13f7e60d40178,301,CASH_IN,273676.36,1.5022123989183456e-06,low,3.755530997295864e-06,False,0
053416d014ad1a741d63e7c582c86e54c328d905,21,CASH_OUT,774295.67,3.1284987926483154e-05,low,7.821246981620789e-05,False,0
56666aada4eb86b44e9a335c0a96ef2ee6cbe09a,204,TRANSFER,644570.78,0.47060237969507823,high,3.993160134996288e-05,True,0
2f87fbe76c34e4a22fa0da261d5801b60a4ff0f8,590,CASH_OUT,19923.08,0.0001274441601708,low,0.0003186104004271,False,0
94e6854712b80228ef56e0d74dc03c6d40fcf315,428,CASH_IN,865928.61,1.6826088540256023e-05,low,4.206522135064006e-05,False,0
5b439ac93f36dc2767b594ca5843d0d7502d9ee5,300,CASH_IN,1025458.1,6.098157246015035e-06,low,1.5245393115037588e-05,False,0
3212d961fec0806975c5c9c9d22e4a0703d6feb7,41,CASH_OUT,539100.54,0.0004291767254471,low,0.0010729418136179,False,0
c3936f99ef0f9fe76d7a710603560b3613c56868,34,TRANSFER,21443.15,0.44862973305442805,high,2.1178240785957317e-05,True,0
4853c4310f7c47b73d9b5c7aade407d4351238f5,596,TRANSFER,872938.76,0.36088987057694105,high,7.100304628693266e-06,True,0
da1aeb8f122d34f3ffdd081e76b8d64f9f0593f7,209,TRANSFER,16313.41,0.28892197109905626,high,1.431115288141882e-05,True,0
c0eecc9b9c0336b865fa3b5694b41ef51e6ca1f3,298,TRANSFER,34583.47,0.2905361966856772,high,1.4164049844112014e-06,True,0
6a3974f4f72de858033d8f87f1e95ca0bdd76af1,42,CASH_OUT,959588.38,0.0001894793123938,low,0.0004736982809845,False,0
12d2d55026336db46aa099bbaca3589bb2fc86d0,129,TRANSFER,201317.13,0.2944078325035983,high,3.6837921015830943e-06,True,0
27a2f7d421589ba14c9f814c6e899512e29d455e,155,CASH_OUT,287639.27,0.0004536557476967,low,0.0011341393692418,False,0
c24d8924a947c8a4199b40499e15955430dd8fe6,17,TRANSFER,208794.4,0.4739661299164047,high,0.000924589112401,True,0
cefacdcb9962775a0534a44d42ffc4685d22dda7,203,TRANSFER,901232.83,0.23289105006991034,high,1.1158483630424598e-06,True,0
1da4ec4ebe6cb51a46edadd7d635cd61e1850243,227,TRANSFER,1207950.45,0.3374332704180003,high,3.926983117708005e-05,True,0
0bf791fbf1bc9d079dab618086e046c1e60596aa,139,TRANSFER,31713.66,0.31441403108307386,high,2.340151695534587e-05,True,0
41a26375c2a43427e9c9bca24682d778e4d36b0b,395,PAYMENT,4450.04,3.3187514054588975e-05,low,8.296878513647243e-05,False,0
2009ae8e911dd6e951c7ca63c2c96536a7857c09,326,PAYMENT,76912.14,1.986593269975856e-05,low,4.96648317493964e-05,False,0
47511ba1675aede77b64d1671185f45b78d6a3c2,299,CASH_OUT,558054.41,9.526551584713162e-05,low,0.0002381637896178,False,0
7e89b48b173d33583fcbf6f8f61a99f5e886ddce,520,TRANSFER,24436.27,0.452678097091897,high,1.3556788871937895e-05,True,0
8b27615551db9e9cba8f1926da90d494b1b09cf3,130,CASH_IN,2267746.36,7.741375884506852e-06,low,1.935343971126713e-05,False,0
6a904b33a72f8bb16dd1b0a9106dc303ea344180,257,TRANSFER,1786890.59,0.3960273077533555,high,1.466038065700559e-05,True,0
65c0fe72edc18c85800a38c7ec132d800cb11531,397,TRANSFER,50691.41,3.5441279760561886e-05,low,8.860319940140471e-05,False,0
a229132d452530f3cea90d4ddccc42e63618b5f5,178,CASH_IN,28800.13,5.853052243764978e-07,low,1.4632630609412445e-06,False,0
3c5db7d5dcf63d0fcdc6e21e27bd6a471bf50645,35,TRANSFER,10801007.58,0.39029235410956525,high,2.58264881267678e-05,True,0
f0c4c208ef7629d6d80d1831a6932f538a9973e7,212,TRANSFER,20372.26,0.24469448971280652,high,2.8561473754962208e-06,True,0
1b0a3126c32b13b000fdd60246152c1801fb6969,307,TRANSFER,102037.64,0.3752290721266108,high,2.5173294488922693e-05,True,0
ec535c3fa81cad0dc510c090c9d97370bf435f31,184,TRANSFER,47278.98,0.2134845998208074,high,5.446920113172382e-06,True,0
5fccba151fd60ff8aa71d776a56ce09d86835d55,404,PAYMENT,47298.75,2.3755528673063964e-05,low,5.938882168265991e-05,False,0
18098e4fbc26e10c2ef58a01ea141031cb00dfdf,285,CASH_IN,1623668.24,6.417981785489247e-06,low,1.6044954463723116e-05,False,0
eab898bda650e1856ad78085c12bc59472c6d6cb,275,PAYMENT,13681.88,1.1363347766746302e-06,low,2.8408369416865757e-06,False,0
99231dec712035d9352a3469af502f86f5ce21aa,692,TRANSFER,8450.81,0.2981516761382084,high,1.0464885917826905e-06,True,0
41ad8d665ddebb82412a0c1d8733afc49cd2e347,185,CASH_IN,231984.62,5.649882223224268e-06,low,1.4124705558060668e-05,False,0
c76c08f2b134c7fddb20ef1fcfb104f4fe2b8ccc,540,TRANSFER,83582.39,0.2524798668385895,high,1.1952518434554804e-05,True,0
621bfe5dd6dea63c93366db0a9042c1e9c30ffc8,255,TRANSFER,774469.0,0.0900194488893612,low,4.862222340307199e-05,False,0
7ad2ee2f28ead5a22dc4a23f64daafec378cbfa4,177,TRANSFER,93526.06,0.24966599137623643,high,1.6352281818399206e-05,True,0
6505fbd3beb20f610555ad313f3745544ca3a4f3,308,TRANSFER,786761.72,0.3980943610212695,high,0.0013402904151007,True,0
26bc42306aa70a0a5172b6cda1e6088a8f5ae605,231,CASH_OUT,235471.96,9.506253991276026e-05,low,0.0002376563497819,False,0
ef9915010c18bc58f865347fb5356387afd03da3,227,TRANSFER,60900.51,0.2706452400588926,high,6.72234591547749e-06,True,0
63597a3a2468773fe1589131d79d92b2f7727760,255,PAYMENT,26078.76,9.62216108746361e-07,low,2.4055402718659025e-06,False,0
5c00aeae5ccdca6bb06f36d3bfb70910eba5ca67,228,CASH_IN,152187.53,1.6809186490718276e-06,low,4.202296622679569e-06,False,0
e166c9b5f42616194d04bccc5d54017fe253006f,334,TRANSFER,52857.6,0.3943912301749813,high,5.313534347806126e-05,True,0
f6cf007ad5701ae3d829f39f64e45cbf8b702be0,350,CASH_OUT,1399396.13,0.000710837682709,low,0.0017770942067727,False,0
5a599073ea9db91f66687ed0106187253628ffad,284,CASH_OUT,67485.05,2.1210221166256816e-05,low,5.302555291564204e-05,False,0
b057e44d025ad3fdf020c75df62c685acbda50a9,260,CASH_IN,1162578.87,1.3398651390161831e-06,low,3.3496628475404577e-06,False,0
d2e555fbff99f9f86eac3767b8aad5562fe8ed18,254,CASH_IN,381301.63,2.748858605627902e-06,low,6.872146514069755e-06,False,0
5d8c6afe897c9a31885f1d7c8ee16f3cd7eb13bd,307,CASH_OUT,637793.9,4.98514564242214e-05,low,0.0001246286410605,False,0
c2852cf9c728209bcff6fb20ffc6f0b2d0d96062,301,CASH_OUT,1290329.84,1.691365832812153e-06,low,4.228414582030382e-06,False,0
9daad5d05d88d2df08511c4a426ca7602a29c837,394,CASH_IN,635938.79,5.571070505538956e-06,low,1.3927676263847388e-05,False,0
aaca2d11d250786567a8acc3cc39abce6823e68e,347,CASH_OUT,453970.02,9.294887422583998e-06,low,2.3237218556459997e-05,False,0
39193da0a86f53cd3cb14f849f6e7145f250123c,307,TRANSFER,72222.48,0.39077943975926815,high,9.150506230071189e-06,True,0
b5d19235e07049e9ae24dca60f81130968dfaf39,185,TRANSFER,1616319.6,0.43772787013105385,high,0.0015097240684553,True,0
b011c08f8a5d348f48663504a7dfa14a8a5765c5,687,PAYMENT,39663.3,1.2345331197138877e-05,low,3.086332799284719e-05,False,0
b144070fa2b7bd69f73d7ae81ba59ef228daf581,353,TRANSFER,6922.14,0.4593471869995766,high,3.0181052352418192e-05,True,0
f91147fa1cb9d93a21d131e89eb43ff5f2fe7f1b,8,TRANSFER,24890.5,0.28406113053507515,high,2.147355189663358e-06,True,0
9fee51a3913e90ccb40f4970d2c2070e6b42cb57,300,TRANSFER,25756.64,0.43276669695727893,high,4.363975676824339e-05,True,0
6724615954fb9b2a2a4bb8e6bf3610b622c366d0,18,CASH_OUT,229335.95,0.0002652098657563,low,0.0006630246643908,False,0
bd0709e6205c828fba6a3021d6713b7b72cc4a4c,379,TRANSFER,1227094.47,0.28652098718372193,high,1.2440398677426856e-05,True,0
f281f50e08ea9832d9d9e7aa79e67ca63653d81e,158,CASH_OUT,255480.66,0.0002125224098563,low,0.0005313060246407,False,0
26da7d7296f8dce98dbc8d53f478437e814a371c,234,CASH_IN,553151.22,9.672558371676132e-06,low,2.418139592919033e-05,False,0
e5df7e331d12006f7c8edadbfe5a95e0a8613133,332,PAYMENT,93583.7,9.947910439223052e-06,low,2.4869776098057628e-05,False,0
7e91e759366d8204ae196072e596ef02f4948fd2,348,TRANSFER,390673.9,0.49883963611990145,high,3.6470707982516615e-06,True,0
95532e0163c16cbe1695307a233156bc83971585,10,TRANSFER,1410400.05,0.0900067666493123,low,1.6916623280849308e-05,False,0
1377b9e0231669a2e1173b38305a30a246af3fc4,312,PAYMENT,9170.49,4.122519021620975e-06,low,1.0306297554052437e-05,False,0
c7be8e510d34dde38bae26ffa443e2bfddf54b1e,252,PAYMENT,201566.9,9.336535003967584e-06,low,2.334133750991896e-05,False,0
7eac2feb23962bc80598981918b73d8d1b10a2d2,324,CASH_IN,23130.15,6.000012945150957e-07,low,1.5000032362877391e-06,False,0
2f3fb10e4e506edef15bb0dc34ada4df0fad18d5,285,TRANSFER,547596.46,0.3481758481077448,high,7.312903562706197e-06,True,0
4fc41fa0b9b2afae98bbc83013bfef18e3ace1d6,163,CASH_IN,148871.63,4.964158142684028e-06,low,1.2410395356710067e-05,False,0
b4246e40832475ed6eba28aa6301d02f8d29b8c5,399,TRANSFER,360219.64,0.4316902539057585,high,0.0013061576755717,True,0
